{"content":[{"id":"43320842","settings":{"margin":{"unit":"px","top":"50","right":0,"bottom":"0","left":0,"isLinked":false},"margin_mobile_extra":{"unit":"px","top":"40","right":0,"bottom":"0","left":0,"isLinked":false}},"elements":[{"id":"1d4f49ef","settings":{"_column_size":100,"_inline_size":null},"elements":[{"id":"796fa09","settings":{"heading":"<p>Description<\/p>","subtitle":"This is subheading element","title_tag":"h3","title_typography_typography":"custom","title_typography_line_height":{"unit":"em","size":1.75,"sizes":[]},"title_typography_line_height_widescreen":{"unit":"em","size":"","sizes":[]},"title_typography_line_height_laptop":{"unit":"em","size":"","sizes":[]},"title_typography_line_height_tablet_extra":{"unit":"em","size":"","sizes":[]},"title_typography_line_height_mobile_extra":{"unit":"em","size":"","sizes":[]}},"elements":[],"isInner":false,"widgetType":"etherium_heading","elType":"widget"},{"id":"72a4867d","settings":{"gap":"wide","structure":"20","margin":{"unit":"px","top":"15","right":0,"bottom":"0","left":0,"isLinked":false}},"elements":[{"id":"21dadb4c","settings":{"_column_size":50,"_inline_size":null},"elements":[{"id":"23452773","settings":{"editor":"<p>Temperate ocean-bass sea chub unicorn fish treefish eulachon tidewater goby. Flier, bighead carp Devario shortnose sucker platy: smalleye squaretail zebra turkeyfish yellowfin grouper. Ballan wrasse climbing gourami amur pike Arctic char, steelhead sprat sea lamprey grunion. Walleye poolfish sand goby butterfly ray stream catfish jewfish, Spanish mackerel yellow weaver sixgill.<\/p>"},"elements":[],"isInner":false,"widgetType":"text-editor","elType":"widget"}],"isInner":true,"elType":"column"},{"id":"16c8a6c0","settings":{"_column_size":50,"_inline_size":null},"elements":[{"id":"6d769b46","settings":{"editor":"<p>Spanish mackerel yellow weaver sixgill. Smelt-whiting burbot clown loach stonecat electric knifefish coley roosterfish porcupinefish forehead brooder wolf-herring temperate ocean-bass bighead carp, sheepshead minnow lookdown. Flier, bighead carp Devario shortnose sucker platy: smalleye squaretail zebra turkeyfish yellowfin grouper.<\/p>"},"elements":[],"isInner":false,"widgetType":"text-editor","elType":"widget"}],"isInner":true,"elType":"column"}],"isInner":true,"elType":"section"}],"isInner":false,"elType":"column"}],"isInner":false,"elType":"section"},{"id":"77b58148","settings":{"gap":"no","margin":{"unit":"px","top":"60","right":0,"bottom":"0","left":0,"isLinked":false},"layout":"full_width","stretch_section":"section-stretched"},"elements":[{"id":"170b98d0","settings":{"_column_size":100,"_inline_size":null},"elements":[{"id":"693bdbef","settings":{"image":{"url":"https:\/\/demo.artureanec.com\/themes\/etherium-dark\/wp-content\/uploads\/2023\/04\/Ellipse-13.png","id":3750,"size":"","alt":"","source":"library"},"image_size":"full","align":"left","_position":"absolute","_offset_orientation_v":"end","_offset_y":{"unit":"%","size":-20,"sizes":[]},"_offset_y_widescreen":{"unit":"%","size":"","sizes":[]},"_offset_y_laptop":{"unit":"%","size":"","sizes":[]},"_offset_y_tablet_extra":{"unit":"%","size":"","sizes":[]},"_offset_y_tablet":{"unit":"%","size":"","sizes":[]},"_offset_y_mobile_extra":{"unit":"%","size":"","sizes":[]},"_offset_y_mobile":{"unit":"%","size":"","sizes":[]},"_offset_y_end":{"unit":"%","size":-20,"sizes":[]},"_offset_y_end_widescreen":{"unit":"%","size":"","sizes":[]},"_offset_y_end_laptop":{"unit":"%","size":"","sizes":[]},"_offset_y_end_tablet_extra":{"unit":"%","size":"","sizes":[]},"_offset_y_end_tablet":{"unit":"%","size":"","sizes":[]},"_offset_y_end_mobile_extra":{"unit":"%","size":"","sizes":[]},"_offset_y_end_mobile":{"unit":"%","size":"","sizes":[]},"_z_index":-1},"elements":[],"isInner":false,"widgetType":"image","elType":"widget"},{"id":"c4fe706","settings":{"gap":"wide","structure":"20"},"elements":[{"id":"76d9d4a","settings":{"_column_size":50,"_inline_size":null},"elements":[{"id":"72be31dc","settings":{"wp_gallery":[{"id":1067,"url":"https:\/\/demo.artureanec.com\/themes\/etherium-dark\/wp-content\/uploads\/2023\/03\/portfolio-gallery-1.jpg"},{"id":1066,"url":"https:\/\/demo.artureanec.com\/themes\/etherium-dark\/wp-content\/uploads\/2023\/03\/portfolio-gallery-2.jpg"}],"thumbnail_size":"large","gallery_columns":"2","image_spacing":"custom","image_spacing_custom":{"unit":"px","size":40,"sizes":[]}},"elements":[],"isInner":false,"widgetType":"image-gallery","elType":"widget"},{"id":"413639c8","settings":{"wp_gallery":[{"id":1065,"url":"https:\/\/demo.artureanec.com\/themes\/etherium-dark\/wp-content\/uploads\/2023\/03\/portfolio-gallery-3.jpg"}],"thumbnail_size":"full","gallery_columns":"1","_margin":{"unit":"px","top":"40","right":"0","bottom":"0","left":"0","isLinked":false}},"elements":[],"isInner":false,"widgetType":"image-gallery","elType":"widget"}],"isInner":true,"elType":"column"},{"id":"3201c348","settings":{"_column_size":50,"_inline_size":null},"elements":[{"id":"31ea52b9","settings":{"wp_gallery":[{"id":1103,"url":"https:\/\/demo.artureanec.com\/themes\/etherium-dark\/wp-content\/uploads\/2023\/03\/portfolio-gallery-4.jpg"}],"thumbnail_size":"full","gallery_columns":"1","image_spacing":"custom","image_spacing_custom":{"unit":"px","size":40,"sizes":[]}},"elements":[],"isInner":false,"widgetType":"image-gallery","elType":"widget"},{"id":"1eb0c475","settings":{"wp_gallery":[{"id":1102,"url":"https:\/\/demo.artureanec.com\/themes\/etherium-dark\/wp-content\/uploads\/2023\/03\/portfolio-gallery-5.jpg"},{"id":1101,"url":"https:\/\/demo.artureanec.com\/themes\/etherium-dark\/wp-content\/uploads\/2023\/03\/portfolio-gallery-6.jpg"}],"thumbnail_size":"large","gallery_columns":"2","image_spacing":"custom","image_spacing_custom":{"unit":"px","size":40,"sizes":[]},"_margin":{"unit":"px","top":"40","right":"0","bottom":"0","left":"0","isLinked":false}},"elements":[],"isInner":false,"widgetType":"image-gallery","elType":"widget"}],"isInner":true,"elType":"column"}],"isInner":true,"elType":"section"}],"isInner":false,"elType":"column"}],"isInner":false,"elType":"section"}],"settings":{"template":"default"},"metadata":{"portfolio_author":"John Miles","portfolio_client":"NFT Wordls","theme_color_mode":"default","top_bar_status":"default","top_bar_customize":"default","top_bar_socials_status":"default","top_bar_additional_text_status":"default","top_bar_contacts_email_status":"default","top_bar_contacts_phone_status":"default","top_bar_contacts_address_status":"default","header_status":"default","header_style":"default","header_position":"default","header_customize":"default","sticky_header_status":"default","header_logo_status":"default","header_logo_customize":"default","header_logo_retina":"1","header_logo_mobile_retina":"1","header_callback_status":"default","header_button_status":"default","header_menu_status":"default","header_menu_select":"default","side_panel_status":"default","header_search_status":"default","header_login_status":"default","header_minicart_status":"default","header_wishlist_status":"default","page_title_status":"default","page_title_overlay_status":"default","page_title_customize":"default","page_title_height":"500","page_title_background_position":"default","page_title_background_repeat":"default","page_title_background_size":"default","hide_page_title_background_mobile":"0","hide_page_title_background_tablet":"0","page_title_breadcrumbs_status":"default","page_title_additional_customize":"default","content_top_margin":"default","content_bottom_margin":"default","page_customize":"default","page_background_image_top_status":"default","page_background_image_bottom_status":"default","footer_status":"default","footer_style":"default","footer_customize":"default","footer_background_position":"default","footer_background_repeat":"default","footer_background_size":"default","footer_sidebar_status":"default","footer_sidebar_select":"default","footer_copyright_status":"default","footer_menu_status":"default","footer_menu_select":"default","footer_additional_menu_status":"default","footer_additional_menu_select":"default","portfolio_description":"Temperate ocean-bass sea chub unicorn fish treefish eulachon tidewater goby. Flier, bighead carp Devario shortnose sucker platy: smalleye squaretail zebra turkeyfish yellowfin grouper.","portfolio_date":"August, 2022","portfolio_socials":"a:4:{i:0;a:2:{i:0;s:13:\"fa-facebook-f\";i:1;s:25:\"https:\/\/www.facebook.com\/\";}i:1;a:2:{i:0;s:10:\"fa-twitter\";i:1;s:20:\"https:\/\/twitter.com\/\";}i:2;a:2:{i:0;s:14:\"fa-linkedin-in\";i:1;s:25:\"https:\/\/www.linkedin.com\/\";}i:3;a:2:{i:0;s:10:\"fa-youtube\";i:1;s:24:\"https:\/\/www.youtube.com\/\";}}"}}