{"content":[{"id":"3e73b84c","settings":{"content_width":{"unit":"px","size":1500,"sizes":[]},"stretch_section":"section-stretched","margin_tablet_extra":{"unit":"px","top":"","right":0,"bottom":"","left":0,"isLinked":true},"padding":{"unit":"px","top":"270","right":"0","bottom":"0","left":"0","isLinked":false},"padding_tablet_extra":{"unit":"px","top":"150","right":"0","bottom":"0","left":"0","isLinked":false}},"elements":[{"id":"1d924c4","settings":{"_column_size":100,"_inline_size":null},"elements":[{"id":"234c4ae5","settings":{"heading":"<p>Etherium | NFT\u2019s marketplace &amp; ICO Cryptocurrency Wordpress Theme<\/p>","subtitle":"This is subheading element","title_tag":"h1","title_typography_typography":"custom","title_typography_line_height":{"unit":"em","size":1.3999999999999999,"sizes":[]},"title_typography_line_height_widescreen":{"unit":"em","size":"","sizes":[]},"title_typography_line_height_laptop":{"unit":"em","size":"","sizes":[]},"title_typography_line_height_tablet_extra":{"unit":"em","size":"","sizes":[]},"title_typography_line_height_mobile_extra":{"unit":"em","size":"","sizes":[]},"_animation":"fadeInLeft","_animation_tablet_extra":"none"},"elements":[],"isInner":false,"widgetType":"etherium_heading","elType":"widget"},{"id":"5c8807de","settings":{"button_text":"See demo","button_link":{"url":"#demo","is_external":"","nofollow":"","custom_attributes":""},"button_align":"right","button_align_mobile":"left","button_radius":{"unit":"%","top":"50","right":"50","bottom":"50","left":"50","isLinked":true},"button_padding":{"unit":"px","top":"83","right":"62","bottom":"83","left":"62","isLinked":false},"_margin":{"unit":"custom","top":"-80px","right":"10%","bottom":"0","left":"0","isLinked":false},"_margin_widescreen":{"unit":"custom","top":"","right":"","bottom":"","left":"","isLinked":true},"_margin_laptop":{"unit":"custom","top":"-80px","right":"0","bottom":"0","left":"0","isLinked":false},"_margin_tablet_extra":{"unit":"custom","top":"0","right":"0","bottom":"0","left":"0","isLinked":true},"_margin_tablet":{"unit":"custom","top":"","right":"","bottom":"","left":"","isLinked":true},"_margin_mobile_extra":{"unit":"custom","top":"","right":"","bottom":"","left":"","isLinked":true},"_margin_mobile":{"unit":"custom","top":"20px","right":"0","bottom":"0","left":"0","isLinked":false},"_animation":"fadeInRight","_animation_tablet_extra":"none"},"elements":[],"isInner":false,"widgetType":"etherium_button","elType":"widget"}],"isInner":false,"elType":"column"}],"isInner":false,"elType":"section"},{"id":"45e658c7","settings":{"layout":"full_width","content_width":{"unit":"px","size":1720,"sizes":[]},"gap":"no","stretch_section":"section-stretched","background_background":"classic","background_image":{"url":"https:\/\/demo.artureanec.com\/themes\/etherium-dark\/wp-content\/uploads\/2023\/11\/background_element-min.png","id":11405,"size":"","alt":"","source":"library"},"background_position":"initial","background_xpos":{"unit":"%","size":0,"sizes":[]},"background_xpos_widescreen":{"unit":"%","size":"","sizes":[]},"background_xpos_laptop":{"unit":"%","size":"","sizes":[]},"background_xpos_tablet_extra":{"unit":"%","size":"","sizes":[]},"background_xpos_tablet":{"unit":"%","size":0,"sizes":[]},"background_xpos_mobile_extra":{"unit":"%","size":"","sizes":[]},"background_xpos_mobile":{"unit":"%","size":0,"sizes":[]},"background_ypos":{"unit":"%","size":20,"sizes":[]},"background_ypos_widescreen":{"unit":"%","size":"","sizes":[]},"background_ypos_laptop":{"unit":"%","size":"","sizes":[]},"background_ypos_tablet_extra":{"unit":"%","size":"","sizes":[]},"background_ypos_tablet":{"unit":"%","size":0,"sizes":[]},"background_ypos_mobile_extra":{"unit":"%","size":"","sizes":[]},"background_ypos_mobile":{"unit":"%","size":0,"sizes":[]},"background_repeat":"no-repeat","background_size":"initial","background_overlay_background":"classic","background_overlay_image":{"url":"https:\/\/demo.artureanec.com\/themes\/etherium-dark\/wp-content\/uploads\/2023\/04\/vawe_back_2-1.png","id":3830,"size":"","alt":"","source":"library"},"background_overlay_position":"initial","background_overlay_xpos":{"unit":"%","size":0,"sizes":[]},"background_overlay_xpos_widescreen":{"unit":"%","size":"","sizes":[]},"background_overlay_xpos_laptop":{"unit":"%","size":"","sizes":[]},"background_overlay_xpos_tablet_extra":{"unit":"%","size":"","sizes":[]},"background_overlay_xpos_tablet":{"unit":"%","size":0,"sizes":[]},"background_overlay_xpos_mobile_extra":{"unit":"%","size":"","sizes":[]},"background_overlay_xpos_mobile":{"unit":"%","size":0,"sizes":[]},"background_overlay_ypos":{"unit":"%","size":75,"sizes":[]},"background_overlay_ypos_widescreen":{"unit":"%","size":"","sizes":[]},"background_overlay_ypos_laptop":{"unit":"%","size":"","sizes":[]},"background_overlay_ypos_tablet_extra":{"unit":"%","size":"","sizes":[]},"background_overlay_ypos_tablet":{"unit":"%","size":0,"sizes":[]},"background_overlay_ypos_mobile_extra":{"unit":"%","size":"","sizes":[]},"background_overlay_ypos_mobile":{"unit":"%","size":0,"sizes":[]},"background_overlay_repeat":"no-repeat","background_overlay_size":"initial","background_overlay_opacity":{"unit":"px","size":1,"sizes":[]},"margin":{"unit":"px","top":"0","right":0,"bottom":"0","left":0,"isLinked":false},"padding":{"unit":"px","top":"150","right":"0","bottom":"0","left":"0","isLinked":false},"padding_tablet_extra":{"unit":"px","top":"120","right":"0","bottom":"0","left":"0","isLinked":false},"padding_mobile_extra":{"unit":"px","top":"80","right":"0","bottom":"0","left":"0","isLinked":false},"_element_id":"demo","background_size_tablet":"auto","background_overlay_size_tablet":"auto","z_index":1},"elements":[{"id":"3fff9f5b","settings":{"_column_size":100,"_inline_size":null},"elements":[{"id":"4bdb9812","settings":{"image":{"url":"https:\/\/demo.artureanec.com\/themes\/etherium-dark\/wp-content\/uploads\/2023\/04\/Ellipse-13.png","id":3750,"size":"","alt":"","source":"library"},"image_size":"full","align":"left","opacity":{"unit":"px","size":0.5,"sizes":[]},"_position":"absolute","_z_index":-1},"elements":[],"isInner":false,"widgetType":"image","elType":"widget"},{"id":"b69bb30","settings":{"structure":"30"},"elements":[{"id":"4d4645e9","settings":{"_column_size":33,"_inline_size":15},"elements":[],"isInner":true,"elType":"column"},{"id":"61475ee5","settings":{"_column_size":33,"_inline_size":70},"elements":[{"id":"9a02e51","settings":{"heading":"<p>We create <span style=\"text-decoration: underline;\">se7en<\/span> awesome home pages<\/p>","subtitle":"This is subheading element","title_align":"center","add_underline_bg_image":"show","heading_underline_image_background":"classic","heading_underline_image_image":{"url":"https:\/\/demo.artureanec.com\/themes\/etherium-dark\/wp-content\/uploads\/2023\/03\/brush-6.png","id":1736,"size":"","alt":"","source":"library"},"heading_underline_image_size":"initial","heading_underline_image_bg_width":{"unit":"%","size":85.299999999999997,"sizes":[]},"_padding":{"unit":"%","top":"","right":"","bottom":"","left":"","isLinked":true},"_padding_widescreen":{"unit":"%","top":"","right":"","bottom":"","left":"","isLinked":true},"_padding_laptop":{"unit":"%","top":"","right":"","bottom":"","left":"","isLinked":true},"_padding_tablet_extra":{"unit":"%","top":"","right":"","bottom":"","left":"","isLinked":true},"_padding_tablet":{"unit":"%","top":"","right":"","bottom":"","left":"","isLinked":true},"_padding_mobile_extra":{"unit":"%","top":"","right":"","bottom":"","left":"","isLinked":true},"_padding_mobile":{"unit":"%","top":"","right":"","bottom":"","left":"","isLinked":true},"_animation":"fadeInUp","_animation_tablet_extra":"none"},"elements":[],"isInner":false,"widgetType":"etherium_heading","elType":"widget"}],"isInner":true,"elType":"column"},{"id":"405c3ad7","settings":{"_column_size":33,"_inline_size":14.333},"elements":[],"isInner":true,"elType":"column"}],"isInner":true,"elType":"section"},{"id":"69699c53","settings":{"content_width":{"unit":"px","size":1720,"sizes":[]},"gap":"wider","structure":"30","margin":{"unit":"px","top":"80","right":0,"bottom":"0","left":0,"isLinked":false},"margin_tablet_extra":{"unit":"px","top":"60","right":0,"bottom":"0","left":0,"isLinked":false}},"elements":[{"id":"4843d684","settings":{"_column_size":33,"_inline_size":null,"align":"flex-start"},"elements":[{"id":"10c71a1c","settings":{"image":{"url":"https:\/\/demo.artureanec.com\/themes\/etherium-dark\/wp-content\/uploads\/2023\/11\/01_Home-page_marketplace_black-min.jpg","id":11304,"size":"","alt":"","source":"library"},"image_size":"full","caption_source":"custom","caption":"01  |  Marketplace","link_to":"custom","link":{"url":"https:\/\/demo.artureanec.com\/themes\/etherium-dark\/","is_external":"on","nofollow":"","custom_attributes":""},"image_box_shadow_box_shadow":{"horizontal":0,"vertical":27,"blur":28,"spread":24,"color":"rgba(0,0,0,0.5)"},"caption_typography_typography":"custom","caption_typography_font_size":{"unit":"px","size":20,"sizes":[]},"caption_typography_font_weight":"400","caption_typography_line_height":{"unit":"em","size":2,"sizes":[]},"caption_typography_line_height_widescreen":{"unit":"em","size":"","sizes":[]},"caption_typography_line_height_laptop":{"unit":"em","size":"","sizes":[]},"caption_typography_line_height_tablet_extra":{"unit":"em","size":"","sizes":[]},"caption_typography_line_height_mobile_extra":{"unit":"em","size":"","sizes":[]},"caption_typography_letter_spacing":{"unit":"em","size":-0.029999999999999999,"sizes":[]},"caption_typography_letter_spacing_widescreen":{"unit":"em","size":"","sizes":[]},"caption_typography_letter_spacing_laptop":{"unit":"em","size":"","sizes":[]},"caption_typography_letter_spacing_tablet_extra":{"unit":"em","size":"","sizes":[]},"caption_typography_letter_spacing_tablet":{"unit":"em","size":"","sizes":[]},"caption_typography_letter_spacing_mobile_extra":{"unit":"em","size":"","sizes":[]},"caption_typography_letter_spacing_mobile":{"unit":"em","size":"","sizes":[]},"caption_space":{"unit":"px","size":23,"sizes":[]},"_element_width":"auto","image_box_shadow_hover_box_shadow_type":"yes","image_box_shadow_hover_box_shadow":{"horizontal":0,"vertical":4,"blur":80,"spread":0,"color":"#162445"},"_animation":"fadeInDown","_animation_tablet_extra":"none"},"elements":[],"isInner":false,"widgetType":"image","elType":"widget"}],"isInner":true,"elType":"column"},{"id":"71fb0ce3","settings":{"_column_size":33,"_inline_size":null,"align":"center"},"elements":[{"id":"21c6dc9a","settings":{"image":{"url":"https:\/\/demo.artureanec.com\/themes\/etherium-dark\/wp-content\/uploads\/2023\/11\/02_Home-page_marketplace_white-1-min.jpg","id":11305,"size":"","alt":"","source":"library"},"image_size":"full","caption_source":"custom","caption":"02  |  Marketplace white version","link_to":"custom","link":{"url":"https:\/\/demo.artureanec.com\/themes\/etherium\/","is_external":"on","nofollow":"","custom_attributes":""},"image_box_shadow_box_shadow":{"horizontal":0,"vertical":27,"blur":28,"spread":24,"color":"rgba(0,0,0,0.5)"},"caption_typography_typography":"custom","caption_typography_font_size":{"unit":"px","size":20,"sizes":[]},"caption_typography_font_weight":"400","caption_typography_line_height":{"unit":"em","size":2,"sizes":[]},"caption_typography_line_height_widescreen":{"unit":"em","size":"","sizes":[]},"caption_typography_line_height_laptop":{"unit":"em","size":"","sizes":[]},"caption_typography_line_height_tablet_extra":{"unit":"em","size":"","sizes":[]},"caption_typography_line_height_mobile_extra":{"unit":"em","size":"","sizes":[]},"caption_typography_letter_spacing":{"unit":"em","size":-0.029999999999999999,"sizes":[]},"caption_typography_letter_spacing_widescreen":{"unit":"em","size":"","sizes":[]},"caption_typography_letter_spacing_laptop":{"unit":"em","size":"","sizes":[]},"caption_typography_letter_spacing_tablet_extra":{"unit":"em","size":"","sizes":[]},"caption_typography_letter_spacing_tablet":{"unit":"em","size":"","sizes":[]},"caption_typography_letter_spacing_mobile_extra":{"unit":"em","size":"","sizes":[]},"caption_typography_letter_spacing_mobile":{"unit":"em","size":"","sizes":[]},"caption_space":{"unit":"px","size":23,"sizes":[]},"_element_width":"auto","image_box_shadow_hover_box_shadow_type":"yes","image_box_shadow_hover_box_shadow":{"horizontal":0,"vertical":4,"blur":80,"spread":0,"color":"#162445"},"_animation":"fadeInDown","_animation_tablet_extra":"none","_animation_delay":300},"elements":[],"isInner":false,"widgetType":"image","elType":"widget"}],"isInner":true,"elType":"column"},{"id":"35f6d730","settings":{"_column_size":33,"_inline_size":null,"align":"flex-end"},"elements":[{"id":"7cfbfffe","settings":{"image":{"url":"https:\/\/demo.artureanec.com\/themes\/etherium-dark\/wp-content\/uploads\/2023\/11\/Home_NFT_Collections_dark-min.jpg","id":11310,"size":"","alt":"","source":"library"},"image_size":"full","caption_source":"custom","caption":"03  |  NFT Collections","link_to":"custom","link":{"url":"https:\/\/demo.artureanec.com\/themes\/etherium-dark\/nft-collections\/","is_external":"on","nofollow":"","custom_attributes":""},"image_box_shadow_box_shadow":{"horizontal":0,"vertical":27,"blur":28,"spread":24,"color":"rgba(0,0,0,0.5)"},"caption_typography_typography":"custom","caption_typography_font_size":{"unit":"px","size":20,"sizes":[]},"caption_typography_font_weight":"400","caption_typography_line_height":{"unit":"em","size":2,"sizes":[]},"caption_typography_line_height_widescreen":{"unit":"em","size":"","sizes":[]},"caption_typography_line_height_laptop":{"unit":"em","size":"","sizes":[]},"caption_typography_line_height_tablet_extra":{"unit":"em","size":"","sizes":[]},"caption_typography_line_height_mobile_extra":{"unit":"em","size":"","sizes":[]},"caption_typography_letter_spacing":{"unit":"em","size":-0.029999999999999999,"sizes":[]},"caption_typography_letter_spacing_widescreen":{"unit":"em","size":"","sizes":[]},"caption_typography_letter_spacing_laptop":{"unit":"em","size":"","sizes":[]},"caption_typography_letter_spacing_tablet_extra":{"unit":"em","size":"","sizes":[]},"caption_typography_letter_spacing_tablet":{"unit":"em","size":"","sizes":[]},"caption_typography_letter_spacing_mobile_extra":{"unit":"em","size":"","sizes":[]},"caption_typography_letter_spacing_mobile":{"unit":"em","size":"","sizes":[]},"caption_space":{"unit":"px","size":23,"sizes":[]},"_element_width":"auto","image_box_shadow_hover_box_shadow_type":"yes","image_box_shadow_hover_box_shadow":{"horizontal":0,"vertical":4,"blur":80,"spread":0,"color":"#162445"},"_animation":"fadeInDown","_animation_tablet_extra":"none","_animation_delay":600},"elements":[],"isInner":false,"widgetType":"image","elType":"widget"}],"isInner":true,"elType":"column"}],"isInner":true,"elType":"section"},{"id":"4e0a4a88","settings":{"content_width":{"unit":"px","size":1720,"sizes":[]},"gap":"wider","structure":"30","margin":{"unit":"px","top":"80","right":0,"bottom":"0","left":0,"isLinked":false},"margin_tablet_extra":{"unit":"px","top":"60","right":0,"bottom":"0","left":0,"isLinked":false}},"elements":[{"id":"4a61b05a","settings":{"_column_size":33,"_inline_size":null,"align":"flex-start"},"elements":[{"id":"777028f1","settings":{"image":{"url":"https:\/\/demo.artureanec.com\/themes\/etherium-dark\/wp-content\/uploads\/2023\/11\/Home_NFT_Artist_White-1-min.jpg","id":11309,"size":"","alt":"","source":"library"},"image_size":"full","caption_source":"custom","caption":"04  |  NFT Artist","link_to":"custom","link":{"url":"https:\/\/demo.artureanec.com\/themes\/etherium\/nft-artist\/","is_external":"on","nofollow":"","custom_attributes":""},"image_box_shadow_box_shadow":{"horizontal":0,"vertical":27,"blur":28,"spread":24,"color":"rgba(0,0,0,0.5)"},"caption_typography_typography":"custom","caption_typography_font_size":{"unit":"px","size":20,"sizes":[]},"caption_typography_font_weight":"400","caption_typography_line_height":{"unit":"em","size":2,"sizes":[]},"caption_typography_line_height_widescreen":{"unit":"em","size":"","sizes":[]},"caption_typography_line_height_laptop":{"unit":"em","size":"","sizes":[]},"caption_typography_line_height_tablet_extra":{"unit":"em","size":"","sizes":[]},"caption_typography_line_height_mobile_extra":{"unit":"em","size":"","sizes":[]},"caption_typography_letter_spacing":{"unit":"em","size":-0.029999999999999999,"sizes":[]},"caption_typography_letter_spacing_widescreen":{"unit":"em","size":"","sizes":[]},"caption_typography_letter_spacing_laptop":{"unit":"em","size":"","sizes":[]},"caption_typography_letter_spacing_tablet_extra":{"unit":"em","size":"","sizes":[]},"caption_typography_letter_spacing_tablet":{"unit":"em","size":"","sizes":[]},"caption_typography_letter_spacing_mobile_extra":{"unit":"em","size":"","sizes":[]},"caption_typography_letter_spacing_mobile":{"unit":"em","size":"","sizes":[]},"caption_space":{"unit":"px","size":23,"sizes":[]},"_element_width":"auto","image_box_shadow_hover_box_shadow_type":"yes","image_box_shadow_hover_box_shadow":{"horizontal":0,"vertical":4,"blur":80,"spread":0,"color":"#162445"},"_animation":"fadeInDown","_animation_tablet_extra":"none","_animation_delay":300},"elements":[],"isInner":false,"widgetType":"image","elType":"widget"}],"isInner":true,"elType":"column"},{"id":"57757340","settings":{"_column_size":33,"_inline_size":null,"align":"center"},"elements":[{"id":"21269028","settings":{"image":{"url":"https:\/\/demo.artureanec.com\/themes\/etherium-dark\/wp-content\/uploads\/2023\/11\/Home_ICO_dark-1-min.jpg","id":11307,"size":"","alt":"","source":"library"},"image_size":"full","caption_source":"custom","caption":"05  |  ICO dark version","link_to":"custom","link":{"url":"https:\/\/demo.artureanec.com\/themes\/etherium-dark\/home-4\/","is_external":"on","nofollow":"","custom_attributes":""},"image_box_shadow_box_shadow":{"horizontal":0,"vertical":27,"blur":28,"spread":24,"color":"rgba(0,0,0,0.5)"},"caption_typography_typography":"custom","caption_typography_font_size":{"unit":"px","size":20,"sizes":[]},"caption_typography_font_weight":"400","caption_typography_line_height":{"unit":"em","size":2,"sizes":[]},"caption_typography_line_height_widescreen":{"unit":"em","size":"","sizes":[]},"caption_typography_line_height_laptop":{"unit":"em","size":"","sizes":[]},"caption_typography_line_height_tablet_extra":{"unit":"em","size":"","sizes":[]},"caption_typography_line_height_mobile_extra":{"unit":"em","size":"","sizes":[]},"caption_typography_letter_spacing":{"unit":"em","size":-0.029999999999999999,"sizes":[]},"caption_typography_letter_spacing_widescreen":{"unit":"em","size":"","sizes":[]},"caption_typography_letter_spacing_laptop":{"unit":"em","size":"","sizes":[]},"caption_typography_letter_spacing_tablet_extra":{"unit":"em","size":"","sizes":[]},"caption_typography_letter_spacing_tablet":{"unit":"em","size":"","sizes":[]},"caption_typography_letter_spacing_mobile_extra":{"unit":"em","size":"","sizes":[]},"caption_typography_letter_spacing_mobile":{"unit":"em","size":"","sizes":[]},"caption_space":{"unit":"px","size":23,"sizes":[]},"_element_width":"auto","image_box_shadow_hover_box_shadow_type":"yes","image_box_shadow_hover_box_shadow":{"horizontal":0,"vertical":4,"blur":80,"spread":0,"color":"#162445"},"_animation":"fadeInDown","_animation_tablet_extra":"none","_animation_delay":600},"elements":[],"isInner":false,"widgetType":"image","elType":"widget"}],"isInner":true,"elType":"column"},{"id":"2360591f","settings":{"_column_size":33,"_inline_size":null,"align":"flex-end"},"elements":[{"id":"2339df76","settings":{"image":{"url":"https:\/\/demo.artureanec.com\/themes\/etherium-dark\/wp-content\/uploads\/2023\/11\/Home_ICO_white-1-min.jpg","id":11308,"size":"","alt":"","source":"library"},"image_size":"full","caption_source":"custom","caption":"06  |   ICO white version","link_to":"custom","link":{"url":"https:\/\/demo.artureanec.com\/themes\/etherium\/ico\/","is_external":"on","nofollow":"","custom_attributes":""},"image_box_shadow_box_shadow":{"horizontal":0,"vertical":27,"blur":28,"spread":24,"color":"rgba(0,0,0,0.5)"},"caption_typography_typography":"custom","caption_typography_font_size":{"unit":"px","size":20,"sizes":[]},"caption_typography_font_weight":"400","caption_typography_line_height":{"unit":"em","size":2,"sizes":[]},"caption_typography_line_height_widescreen":{"unit":"em","size":"","sizes":[]},"caption_typography_line_height_laptop":{"unit":"em","size":"","sizes":[]},"caption_typography_line_height_tablet_extra":{"unit":"em","size":"","sizes":[]},"caption_typography_line_height_mobile_extra":{"unit":"em","size":"","sizes":[]},"caption_typography_letter_spacing":{"unit":"em","size":-0.029999999999999999,"sizes":[]},"caption_typography_letter_spacing_widescreen":{"unit":"em","size":"","sizes":[]},"caption_typography_letter_spacing_laptop":{"unit":"em","size":"","sizes":[]},"caption_typography_letter_spacing_tablet_extra":{"unit":"em","size":"","sizes":[]},"caption_typography_letter_spacing_tablet":{"unit":"em","size":"","sizes":[]},"caption_typography_letter_spacing_mobile_extra":{"unit":"em","size":"","sizes":[]},"caption_typography_letter_spacing_mobile":{"unit":"em","size":"","sizes":[]},"caption_space":{"unit":"px","size":23,"sizes":[]},"_element_width":"auto","image_box_shadow_hover_box_shadow_type":"yes","image_box_shadow_hover_box_shadow":{"horizontal":0,"vertical":4,"blur":80,"spread":0,"color":"#162445"},"_animation":"fadeInDown","_animation_tablet_extra":"none","_animation_delay":900},"elements":[],"isInner":false,"widgetType":"image","elType":"widget"}],"isInner":true,"elType":"column"}],"isInner":true,"elType":"section"},{"id":"475d4409","settings":{"content_width":{"unit":"px","size":1720,"sizes":[]},"gap":"wider","structure":"20","margin":{"unit":"px","top":"80","right":0,"bottom":"0","left":0,"isLinked":false},"margin_tablet_extra":{"unit":"px","top":"60","right":0,"bottom":"0","left":0,"isLinked":false}},"elements":[{"id":"3909279f","settings":{"_column_size":50,"_inline_size":33.333329999999997,"align":"flex-start"},"elements":[{"id":"56943387","settings":{"image":{"url":"https:\/\/demo.artureanec.com\/themes\/etherium-dark\/wp-content\/uploads\/2023\/11\/Home-page_crypto_cards-1-min.jpg","id":11306,"size":"","alt":"","source":"library"},"image_size":"full","caption_source":"custom","caption":"07  |  Crypto cards","link_to":"custom","link":{"url":"https:\/\/demo.artureanec.com\/themes\/etherium-dark\/crypto-cards\/","is_external":"on","nofollow":"","custom_attributes":""},"image_box_shadow_box_shadow":{"horizontal":0,"vertical":27,"blur":28,"spread":24,"color":"rgba(0,0,0,0.5)"},"caption_typography_typography":"custom","caption_typography_font_size":{"unit":"px","size":20,"sizes":[]},"caption_typography_font_weight":"400","caption_typography_line_height":{"unit":"em","size":2,"sizes":[]},"caption_typography_line_height_widescreen":{"unit":"em","size":"","sizes":[]},"caption_typography_line_height_laptop":{"unit":"em","size":"","sizes":[]},"caption_typography_line_height_tablet_extra":{"unit":"em","size":"","sizes":[]},"caption_typography_line_height_mobile_extra":{"unit":"em","size":"","sizes":[]},"caption_typography_letter_spacing":{"unit":"em","size":-0.029999999999999999,"sizes":[]},"caption_typography_letter_spacing_widescreen":{"unit":"em","size":"","sizes":[]},"caption_typography_letter_spacing_laptop":{"unit":"em","size":"","sizes":[]},"caption_typography_letter_spacing_tablet_extra":{"unit":"em","size":"","sizes":[]},"caption_typography_letter_spacing_tablet":{"unit":"em","size":"","sizes":[]},"caption_typography_letter_spacing_mobile_extra":{"unit":"em","size":"","sizes":[]},"caption_typography_letter_spacing_mobile":{"unit":"em","size":"","sizes":[]},"caption_space":{"unit":"px","size":23,"sizes":[]},"_element_width":"auto","image_box_shadow_hover_box_shadow_type":"yes","image_box_shadow_hover_box_shadow":{"horizontal":0,"vertical":4,"blur":80,"spread":0,"color":"#162445"},"_animation":"fadeInDown","_animation_tablet_extra":"none","_animation_delay":300},"elements":[],"isInner":false,"widgetType":"image","elType":"widget"}],"isInner":true,"elType":"column"},{"id":"6912750d","settings":{"_column_size":50,"_inline_size":66.667000000000002,"align":"center","content_position":"center"},"elements":[{"id":"26d25cb8","settings":{"heading":"<p>New pages coming soon...<\/p>","subtitle":"This is subheading element","title_typography_typography":"custom","title_typography_font_family":"Plus Jakarta Sans","title_typography_font_size":{"unit":"px","size":50,"sizes":[]},"_margin":{"unit":"%","top":"-8","right":"0","bottom":"0","left":"18","isLinked":false},"_margin_widescreen":{"unit":"%","top":"","right":"","bottom":"","left":"","isLinked":true},"_margin_laptop":{"unit":"%","top":"","right":"","bottom":"","left":"","isLinked":true},"_margin_tablet_extra":{"unit":"%","top":"","right":"","bottom":"","left":"","isLinked":true},"_margin_tablet":{"unit":"%","top":"","right":"","bottom":"","left":"","isLinked":true},"_margin_mobile_extra":{"unit":"%","top":"","right":"","bottom":"","left":"","isLinked":true},"_margin_mobile":{"unit":"%","top":"","right":"","bottom":"","left":"","isLinked":true},"title_typography_font_size_mobile_extra":{"unit":"px","size":30,"sizes":[]}},"elements":[],"isInner":false,"widgetType":"etherium_heading","elType":"widget"}],"isInner":true,"elType":"column"}],"isInner":true,"elType":"section"},{"id":"11f46e23","settings":{"image":{"url":"https:\/\/demo.artureanec.com\/themes\/etherium-dark\/wp-content\/uploads\/2023\/04\/Ellipse-13.png","id":3750,"size":"","alt":"","source":"library"},"image_size":"full","align":"left","opacity":{"unit":"px","size":0.5,"sizes":[]},"_position":"absolute","_offset_x":{"unit":"%","size":0,"sizes":[]},"_offset_x_widescreen":{"unit":"%","size":"","sizes":[]},"_offset_x_laptop":{"unit":"%","size":"","sizes":[]},"_offset_x_tablet_extra":{"unit":"%","size":"","sizes":[]},"_offset_x_tablet":{"unit":"%","size":"","sizes":[]},"_offset_x_mobile_extra":{"unit":"%","size":"","sizes":[]},"_offset_x_mobile":{"unit":"%","size":"","sizes":[]},"_offset_orientation_v":"end","_offset_y_end":{"unit":"%","size":5,"sizes":[]},"_offset_y_end_widescreen":{"unit":"%","size":"","sizes":[]},"_offset_y_end_laptop":{"unit":"%","size":"","sizes":[]},"_offset_y_end_tablet_extra":{"unit":"%","size":"","sizes":[]},"_offset_y_end_tablet":{"unit":"%","size":"","sizes":[]},"_offset_y_end_mobile_extra":{"unit":"%","size":"","sizes":[]},"_offset_y_end_mobile":{"unit":"%","size":"","sizes":[]},"_z_index":-1},"elements":[],"isInner":false,"widgetType":"image","elType":"widget"}],"isInner":false,"elType":"column"}],"isInner":false,"elType":"section"},{"id":"6d818951","settings":{"layout":"full_width","height":"min-height","custom_height":{"unit":"px","size":965,"sizes":[]},"stretch_section":"section-stretched","background_background":"classic","background_image":{"url":"https:\/\/demo.artureanec.com\/themes\/etherium-dark\/wp-content\/uploads\/2023\/04\/nft_slogan-1.png","id":3535,"size":"","alt":"","source":"library"},"background_position":"center center","background_repeat":"no-repeat","background_size":"contain","margin":{"unit":"px","top":"0","right":0,"bottom":"0","left":0,"isLinked":false},"custom_height_tablet_extra":{"unit":"px","size":750,"sizes":[]},"custom_height_tablet":{"unit":"px","size":600,"sizes":[]},"custom_height_mobile":{"unit":"px","size":450,"sizes":[]},"gap":"no","z_index":0},"elements":[{"id":"440fdbbe","settings":{"_column_size":100,"_inline_size":null},"elements":[{"id":"4e09bec9","settings":{"text":"<p>Create &amp; sell your NFT\u2019s with Etherium<\/p>","text_align":"","text_background_background":"classic","text_background_color":"#F82A2A","text_typography_typography":"custom","text_typography_font_family":"Michroma","animate":"yes","animation_duration1":{"unit":"px","size":15,"sizes":[]},"text_animation_duration":{"unit":"px","size":18,"sizes":[]},"text_tag":"span","text_typography_font_size":{"unit":"px","size":120,"sizes":[]},"_padding":{"unit":"%","top":"0","right":"0","bottom":"0","left":"10","isLinked":false},"_padding_widescreen":{"unit":"%","top":"","right":"","bottom":"","left":"","isLinked":true},"_padding_laptop":{"unit":"%","top":"","right":"","bottom":"","left":"","isLinked":true},"_padding_tablet_extra":{"unit":"%","top":"","right":"","bottom":"","left":"","isLinked":true},"_padding_tablet":{"unit":"%","top":"","right":"","bottom":"","left":"","isLinked":true},"_padding_mobile_extra":{"unit":"%","top":"","right":"","bottom":"","left":"","isLinked":true},"_padding_mobile":{"unit":"%","top":"","right":"","bottom":"","left":"","isLinked":true},"text_typography_font_size_tablet_extra":{"unit":"px","size":80,"sizes":[]},"text_typography_font_size_mobile_extra":{"unit":"px","size":40,"sizes":[]}},"elements":[],"isInner":false,"widgetType":"etherium_special_text","elType":"widget"},{"id":"3c168490","settings":{"image":{"url":"https:\/\/demo.artureanec.com\/themes\/etherium-dark\/wp-content\/uploads\/2023\/11\/Ellipse-141-min.png","id":11452,"size":"","alt":"","source":"library"},"image_size":"full","align":"right","opacity":{"unit":"px","size":0.5,"sizes":[]},"_position":"absolute","_offset_orientation_h":"end","_offset_x_end":{"size":-0.062,"unit":"%"},"_offset_x_end_widescreen":{"unit":"%","size":"","sizes":[]},"_offset_x_end_laptop":{"unit":"%","size":"","sizes":[]},"_offset_x_end_tablet_extra":{"unit":"%","size":"","sizes":[]},"_offset_x_end_tablet":{"unit":"%","size":"","sizes":[]},"_offset_x_end_mobile_extra":{"unit":"%","size":"","sizes":[]},"_offset_x_end_mobile":{"unit":"%","size":"","sizes":[]},"_offset_orientation_v":"end","_offset_y_end":{"size":-5,"unit":"vw"},"_offset_y_end_widescreen":{"unit":"%","size":"","sizes":[]},"_offset_y_end_laptop":{"unit":"%","size":"","sizes":[]},"_offset_y_end_tablet_extra":{"unit":"%","size":"","sizes":[]},"_offset_y_end_tablet":{"unit":"%","size":"","sizes":[]},"_offset_y_end_mobile_extra":{"unit":"%","size":"","sizes":[]},"_offset_y_end_mobile":{"unit":"%","size":"","sizes":[]},"image_box_shadow_hover_box_shadow":{"horizontal":0,"vertical":4,"blur":80,"spread":0,"color":"#162445"}},"elements":[],"isInner":false,"widgetType":"image","elType":"widget"}],"isInner":false,"elType":"column"}],"isInner":false,"elType":"section"},{"id":"23940312","settings":{"stretch_section":"section-stretched","structure":"20","background_background":"classic","background_image":{"url":"https:\/\/demo.artureanec.com\/themes\/etherium-dark\/wp-content\/uploads\/2023\/09\/pawel-czerwinski-PvgqqicSLvA-unsplash-1.jpg","id":8439,"size":"","alt":"","source":"library"},"background_position":"top center","background_size":"cover","margin":{"unit":"px","top":"0","right":0,"bottom":"0","left":0,"isLinked":true},"padding":{"unit":"px","top":"113","right":"0","bottom":"280","left":"0","isLinked":false},"_element_id":"inner-pages","reverse_order_mobile":"reverse-mobile"},"elements":[{"id":"22d7159d","settings":{"_column_size":50,"_inline_size":72,"_inline_size_tablet_extra":60,"content_position_tablet":"bottom"},"elements":[{"id":"49ca58ce","settings":{"heading":"<p>Special pre-built inner pages ready for your projects<\/p>","subtitle":"This is subheading element","_margin":{"unit":"%","top":"0","right":"35","bottom":"0","left":"0","isLinked":false},"_margin_widescreen":{"unit":"%","top":"","right":"","bottom":"","left":"","isLinked":true},"_margin_laptop":{"unit":"%","top":"","right":"","bottom":"","left":"","isLinked":true},"_margin_tablet_extra":{"unit":"%","top":"0","right":"0","bottom":"0","left":"0","isLinked":true},"_margin_tablet":{"unit":"%","top":"","right":"","bottom":"","left":"","isLinked":true},"_margin_mobile_extra":{"unit":"%","top":"","right":"","bottom":"","left":"","isLinked":true},"_margin_mobile":{"unit":"%","top":"","right":"","bottom":"","left":"","isLinked":true},"_animation":"fadeInLeft","_animation_tablet_extra":"none"},"elements":[],"isInner":false,"widgetType":"etherium_heading","elType":"widget"}],"isInner":false,"elType":"column"},{"id":"6ce3a7ea","settings":{"_column_size":50,"_inline_size":28,"_inline_size_tablet_extra":40,"animation":"fadeInRight","animation_tablet_extra":"none"},"elements":[{"id":"3beb0c48","settings":{"ending_number":30,"suffix":"+","title":"pre-built pages","info_align":"left","typography_number_typography":"custom","typography_number_font_size":{"unit":"px","size":100,"sizes":[]},"typography_title_typography":"custom","typography_title_font_size":{"unit":"px","size":20,"sizes":[]},"typography_number_font_size_tablet":{"unit":"px","size":60,"sizes":[]}},"elements":[],"isInner":false,"widgetType":"counter","elType":"widget"},{"id":"4a45daf1","settings":{"ending_number":200,"suffix":"+","title":"blocks","info_align":"left","typography_number_typography":"custom","typography_number_font_size":{"unit":"px","size":100,"sizes":[]},"typography_title_typography":"custom","typography_title_font_size":{"unit":"px","size":20,"sizes":[]},"_margin":{"unit":"px","top":"50","right":"0","bottom":"0","left":"0","isLinked":false},"typography_number_font_size_tablet":{"unit":"px","size":60,"sizes":[]}},"elements":[],"isInner":false,"widgetType":"counter","elType":"widget"}],"isInner":false,"elType":"column"}],"isInner":false,"elType":"section"},{"id":"3d5c0a4a","settings":{"layout":"full_width","gap":"no","stretch_section":"section-stretched","margin":{"unit":"px","top":"-305","right":0,"bottom":"0","left":0,"isLinked":false},"padding":{"unit":"px","top":"0","right":"100","bottom":"150","left":"100","isLinked":false},"padding_tablet_extra":{"unit":"px","top":"0","right":"40","bottom":"120","left":"40","isLinked":false},"padding_tablet":{"unit":"px","top":"0","right":"30","bottom":"120","left":"30","isLinked":false},"padding_mobile_extra":{"unit":"px","top":"0","right":"20","bottom":"80","left":"20","isLinked":false},"background_background":"classic","background_image":{"url":"https:\/\/demo.artureanec.com\/themes\/etherium-dark\/wp-content\/uploads\/2023\/06\/vawe_back_2-2.png","id":4499,"size":"","alt":"","source":"library"},"background_position":"bottom center","background_repeat":"no-repeat","background_size":"initial","margin_laptop":{"unit":"px","top":"-250","right":0,"bottom":"0","left":0,"isLinked":false}},"elements":[{"id":"4fa590c2","settings":{"_column_size":100,"_inline_size":null},"elements":[{"id":"164139bd","settings":{"subtitle":"This is subheading element","carousel_items":[{"_id":"caef7e1","image":{"url":"https:\/\/demo.artureanec.com\/themes\/etherium-dark\/wp-content\/uploads\/2023\/11\/11_About_us_dark_2-min.jpg","id":11640,"size":"","alt":"","source":"library"}},{"_id":"68ce974","image":{"url":"https:\/\/demo.artureanec.com\/themes\/etherium-dark\/wp-content\/uploads\/2023\/11\/12_Salers_dark-min.jpg","id":11637,"size":"","alt":"","source":"library"}},{"_id":"8bd0f33","image":{"url":"https:\/\/demo.artureanec.com\/themes\/etherium-dark\/wp-content\/uploads\/2023\/11\/14_Team_dark-min.jpg","id":11638,"size":"","alt":"","source":"library"}},{"_id":"45a4252","image":{"url":"https:\/\/demo.artureanec.com\/themes\/etherium-dark\/wp-content\/uploads\/2023\/11\/19NFT_Single_product_dark-min.jpg","id":11653,"size":"","alt":"","source":"library"}},{"_id":"546ba5b","image":{"url":"https:\/\/demo.artureanec.com\/themes\/etherium-dark\/wp-content\/uploads\/2023\/11\/j3FlVjrKSN26n2ehSMWR-Q.jpeg","id":11641,"size":"","alt":"","source":"library"}},{"_id":"82e5b5e","image":{"url":"https:\/\/demo.artureanec.com\/themes\/etherium-dark\/wp-content\/uploads\/2023\/11\/QYJ4556cQEOecyupicgnxg.jpeg","id":11642,"size":"","alt":"","source":"library"}},{"_id":"4fc53e0","image":{"url":"https:\/\/demo.artureanec.com\/themes\/etherium-dark\/wp-content\/uploads\/2023\/11\/X73SPNf2RS2eP9W7_mqopA.jpeg","id":11643,"size":"","alt":"","source":"library"}}],"cursor_status":"yes","cursor_title":"Drag","progress":"yes","items":4,"autoplay":"","progress_bg_color":"#7D7D7D","progress_track_bg_color":"#D4ADC9","progress_spacing_widescreen":{"unit":"%","size":"","sizes":[]},"progress_spacing_laptop":{"unit":"%","size":"","sizes":[]},"progress_spacing_tablet_extra":{"unit":"%","size":"","sizes":[]},"progress_spacing_tablet":{"unit":"%","size":"","sizes":[]},"progress_spacing_mobile_extra":{"unit":"%","size":"","sizes":[]},"progress_spacing_mobile":{"unit":"%","size":"","sizes":[]},"item_spacing":{"unit":"px","size":40,"sizes":[]},"item_vertical_align":"flex-start","item_align_mobile_extra":"center"},"elements":[],"isInner":false,"widgetType":"etherium_image_carousel","elType":"widget"},{"id":"5d1fa5ef","settings":{"image":{"url":"https:\/\/demo.artureanec.com\/themes\/etherium-dark\/wp-content\/uploads\/2023\/11\/Ellipse-20-min.png","id":11675,"size":"","alt":"","source":"library"},"image_size":"full","align":"center","_position":"absolute","_offset_x":{"unit":"%","size":0,"sizes":[]},"_offset_x_widescreen":{"unit":"%","size":"","sizes":[]},"_offset_x_laptop":{"unit":"%","size":"","sizes":[]},"_offset_x_tablet_extra":{"unit":"%","size":"","sizes":[]},"_offset_x_tablet":{"unit":"%","size":"","sizes":[]},"_offset_x_mobile_extra":{"unit":"%","size":"","sizes":[]},"_offset_x_mobile":{"unit":"%","size":"","sizes":[]},"_offset_orientation_v":"end","_offset_y_end":{"unit":"%","size":-30,"sizes":[]},"_offset_y_end_widescreen":{"unit":"%","size":"","sizes":[]},"_offset_y_end_laptop":{"unit":"%","size":"","sizes":[]},"_offset_y_end_tablet_extra":{"unit":"%","size":"","sizes":[]},"_offset_y_end_tablet":{"unit":"%","size":"","sizes":[]},"_offset_y_end_mobile_extra":{"unit":"%","size":"","sizes":[]},"_offset_y_end_mobile":{"unit":"%","size":"","sizes":[]},"_z_index":-1},"elements":[],"isInner":false,"widgetType":"image","elType":"widget"}],"isInner":false,"elType":"column"}],"isInner":false,"elType":"section"},{"id":"75f0f511","settings":{"stretch_section":"section-stretched","background_background":"classic","background_image":{"url":"https:\/\/demo.artureanec.com\/themes\/etherium-dark\/wp-content\/uploads\/2023\/06\/vawe_back_2-2.png","id":4499,"size":"","alt":"","source":"library"},"background_position":"bottom center","background_repeat":"no-repeat","background_size":"initial","margin":{"unit":"px","top":"0","right":0,"bottom":"0","left":0,"isLinked":true},"padding":{"unit":"px","top":"0","right":"0","bottom":"150","left":"0","isLinked":false},"padding_tablet_extra":{"unit":"px","top":"0","right":"0","bottom":"120","left":"0","isLinked":false},"padding_mobile_extra":{"unit":"px","top":"0","right":"0","bottom":"80","left":"0","isLinked":false},"_element_id":"features"},"elements":[{"id":"19768545","settings":{"_column_size":100,"_inline_size":null},"elements":[{"id":"647a619b","settings":{"heading":"<p>Elementor Page Builder +100 elements &amp; blocks<\/p>","subtitle":"This is subheading element","title_align":"","_padding":{"unit":"%","top":"0","right":"10","bottom":"0","left":"13","isLinked":false},"_padding_widescreen":{"unit":"%","top":"","right":"","bottom":"","left":"","isLinked":true},"_padding_laptop":{"unit":"%","top":"","right":"","bottom":"","left":"","isLinked":true},"_padding_tablet_extra":{"unit":"%","top":"","right":"","bottom":"","left":"","isLinked":true},"_padding_tablet":{"unit":"%","top":"0","right":"0","bottom":"0","left":"0","isLinked":true},"_padding_mobile_extra":{"unit":"%","top":"","right":"","bottom":"","left":"","isLinked":true},"_padding_mobile":{"unit":"%","top":"","right":"","bottom":"","left":"","isLinked":true}},"elements":[],"isInner":false,"widgetType":"etherium_heading","elType":"widget"},{"id":"6df548f6","settings":{"structure":"20","margin":{"unit":"px","top":"9","right":0,"bottom":"0","left":0,"isLinked":false},"padding":{"unit":"%","top":"0","right":"0","bottom":"0","left":"13","isLinked":false},"padding_widescreen":{"unit":"%","top":"","right":"","bottom":"","left":"","isLinked":true},"padding_laptop":{"unit":"%","top":"","right":"","bottom":"","left":"","isLinked":true},"padding_tablet_extra":{"unit":"%","top":"","right":"","bottom":"","left":"","isLinked":true},"padding_tablet":{"unit":"%","top":"0","right":"0","bottom":"0","left":"0","isLinked":true},"padding_mobile_extra":{"unit":"%","top":"","right":"","bottom":"","left":"","isLinked":true},"padding_mobile":{"unit":"%","top":"","right":"","bottom":"","left":"","isLinked":true}},"elements":[{"id":"6667f732","settings":{"_column_size":50,"_inline_size":60},"elements":[{"id":"6e98fe5d","settings":{"editor":"<p>Marketum WordPress Theme includes more than 100 wonderful elements for building different creative pages and blocks for your awesome website.<\/p>","_margin":{"unit":"px","top":"21","right":"0","bottom":"0","left":"0","isLinked":false}},"elements":[],"isInner":false,"widgetType":"text-editor","elType":"widget"}],"isInner":true,"elType":"column"},{"id":"f572619","settings":{"_column_size":50,"_inline_size":40},"elements":[{"id":"6dddaebc","settings":{"image":{"url":"https:\/\/demo.artureanec.com\/themes\/etherium-dark\/wp-content\/uploads\/2023\/11\/Group-18306.png","id":11691,"size":"","alt":"","source":"library"}},"elements":[],"isInner":false,"widgetType":"image","elType":"widget"}],"isInner":true,"elType":"column"}],"isInner":true,"elType":"section"},{"id":"6a1559b2","settings":{"image":{"url":"https:\/\/demo.artureanec.com\/themes\/etherium-dark\/wp-content\/uploads\/2023\/11\/Group-18324-min.png","id":11701,"size":"","alt":"","source":"library"},"image_size":"full","align":"center","_animation":"fadeInUp","_animation_tablet_extra":"none"},"elements":[],"isInner":false,"widgetType":"image","elType":"widget"}],"isInner":false,"elType":"column"}],"isInner":false,"elType":"section"},{"id":"69589c0a","settings":{"layout":"full_width","gap":"no","stretch_section":"section-stretched","margin":{"unit":"px","top":"0","right":0,"bottom":"0","left":0,"isLinked":true}},"elements":[{"id":"3fc8c9ec","settings":{"_column_size":100,"_inline_size":null},"elements":[{"id":"710c4a83","settings":{"image":{"url":"https:\/\/demo.artureanec.com\/themes\/etherium-dark\/wp-content\/uploads\/2023\/06\/Ellipse-19.png","id":4459,"size":"","alt":"","source":"library"},"image_size":"full","align":"left","_position":"absolute","_offset_x":{"unit":"%","size":0,"sizes":[]},"_offset_x_widescreen":{"unit":"%","size":"","sizes":[]},"_offset_x_laptop":{"unit":"%","size":"","sizes":[]},"_offset_x_tablet_extra":{"unit":"%","size":"","sizes":[]},"_offset_x_tablet":{"unit":"%","size":"","sizes":[]},"_offset_x_mobile_extra":{"unit":"%","size":"","sizes":[]},"_offset_x_mobile":{"unit":"%","size":"","sizes":[]},"_offset_orientation_v":"end","_offset_y_end":{"unit":"%","size":0,"sizes":[]},"_offset_y_end_widescreen":{"unit":"%","size":"","sizes":[]},"_offset_y_end_laptop":{"unit":"%","size":"","sizes":[]},"_offset_y_end_tablet_extra":{"unit":"%","size":"","sizes":[]},"_offset_y_end_tablet":{"unit":"%","size":"","sizes":[]},"_offset_y_end_mobile_extra":{"unit":"%","size":"","sizes":[]},"_offset_y_end_mobile":{"unit":"%","size":"","sizes":[]},"_z_index":-1},"elements":[],"isInner":false,"widgetType":"image","elType":"widget"},{"id":"58f3198e","settings":{"image":{"url":"https:\/\/demo.artureanec.com\/themes\/etherium-dark\/wp-content\/uploads\/2023\/11\/Ellipse-141-min.png","id":11452,"size":"","alt":"","source":"library"},"image_size":"full","align":"right","opacity":{"unit":"px","size":0.5,"sizes":[]},"_position":"absolute","_offset_orientation_h":"end","_offset_x":{"unit":"%","size":0,"sizes":[]},"_offset_x_widescreen":{"unit":"%","size":"","sizes":[]},"_offset_x_laptop":{"unit":"%","size":"","sizes":[]},"_offset_x_tablet_extra":{"unit":"%","size":"","sizes":[]},"_offset_x_tablet":{"unit":"%","size":"","sizes":[]},"_offset_x_mobile_extra":{"unit":"%","size":"","sizes":[]},"_offset_x_mobile":{"unit":"%","size":"","sizes":[]},"_offset_orientation_v":"end","_offset_y_end":{"unit":"%","size":0,"sizes":[]},"_offset_y_end_widescreen":{"unit":"%","size":"","sizes":[]},"_offset_y_end_laptop":{"unit":"%","size":"","sizes":[]},"_offset_y_end_tablet_extra":{"unit":"%","size":"","sizes":[]},"_offset_y_end_tablet":{"unit":"%","size":"","sizes":[]},"_offset_y_end_mobile_extra":{"unit":"%","size":"","sizes":[]},"_offset_y_end_mobile":{"unit":"%","size":"","sizes":[]},"_z_index":-1},"elements":[],"isInner":false,"widgetType":"image","elType":"widget"},{"id":"71e86749","settings":{"gap":"wide","structure":"40"},"elements":[{"id":"35f572dc","settings":{"_column_size":25,"_inline_size":null,"_inline_size_mobile_extra":50,"animation":"fadeInDown","animation_tablet_extra":"none"},"elements":[{"id":"79fc624e","settings":{"selected_icon":{"value":{"url":"https:\/\/demo.artureanec.com\/themes\/etherium-dark\/wp-content\/uploads\/2023\/11\/Layer-1.svg","id":11723},"library":"svg"},"align":"","size":{"unit":"px","size":60,"sizes":[]},"fit_to_size":"yes","_margin":{"unit":"px","top":"0","right":"0","bottom":"21","left":"0","isLinked":false}},"elements":[],"isInner":false,"widgetType":"icon","elType":"widget"},{"id":"3fd7743f","settings":{"heading":"<p>1 - Click <br \/>Demo Install<\/p>","subtitle":"This is subheading element","title_tag":"h5","title_typography_typography":"custom","title_typography_font_family":"Plus Jakarta Sans","title_typography_line_height":{"unit":"em","size":1.5,"sizes":[]},"title_typography_line_height_widescreen":{"unit":"em","size":"","sizes":[]},"title_typography_line_height_laptop":{"unit":"em","size":"","sizes":[]},"title_typography_line_height_tablet_extra":{"unit":"em","size":"","sizes":[]},"title_typography_line_height_mobile_extra":{"unit":"em","size":"","sizes":[]},"title_typography_letter_spacing":{"unit":"em","size":"","sizes":[]},"title_typography_letter_spacing_widescreen":{"unit":"em","size":"","sizes":[]},"title_typography_letter_spacing_laptop":{"unit":"em","size":"","sizes":[]},"title_typography_letter_spacing_tablet_extra":{"unit":"em","size":"","sizes":[]},"title_typography_letter_spacing_tablet":{"unit":"em","size":"","sizes":[]},"title_typography_letter_spacing_mobile_extra":{"unit":"em","size":"","sizes":[]},"title_typography_letter_spacing_mobile":{"unit":"em","size":"","sizes":[]},"_margin":{"unit":"px","top":"0","right":"0","bottom":"25","left":"0","isLinked":false}},"elements":[],"isInner":false,"widgetType":"etherium_heading","elType":"widget"},{"id":"1413d39b","settings":{"editor":"<p>You can install your demo content by one click<\/p>","_padding":{"unit":"%","top":"0","right":"20","bottom":"0","left":"0","isLinked":false},"_padding_widescreen":{"unit":"%","top":"","right":"","bottom":"","left":"","isLinked":true},"_padding_laptop":{"unit":"%","top":"","right":"","bottom":"","left":"","isLinked":true},"_padding_tablet_extra":{"unit":"%","top":"","right":"","bottom":"","left":"","isLinked":true},"_padding_tablet":{"unit":"%","top":"0","right":"0","bottom":"0","left":"0","isLinked":true},"_padding_mobile_extra":{"unit":"%","top":"","right":"","bottom":"","left":"","isLinked":true},"_padding_mobile":{"unit":"%","top":"","right":"","bottom":"","left":"","isLinked":true}},"elements":[],"isInner":false,"widgetType":"text-editor","elType":"widget"}],"isInner":true,"elType":"column"},{"id":"1d684011","settings":{"_column_size":25,"_inline_size":null,"margin":{"unit":"px","top":"50","right":"0","bottom":"0","left":"0","isLinked":false},"_inline_size_mobile_extra":50,"margin_mobile":{"unit":"px","top":"0","right":"0","bottom":"0","left":"0","isLinked":true},"animation":"fadeInUp","animation_tablet_extra":"none"},"elements":[{"id":"3c789283","settings":{"selected_icon":{"value":{"url":"https:\/\/demo.artureanec.com\/themes\/etherium-dark\/wp-content\/uploads\/2023\/11\/Layer-2.svg","id":11751},"library":"svg"},"align":"","size":{"unit":"px","size":60,"sizes":[]},"fit_to_size":"yes","_margin":{"unit":"px","top":"0","right":"0","bottom":"21","left":"0","isLinked":false}},"elements":[],"isInner":false,"widgetType":"icon","elType":"widget"},{"id":"48628f37","settings":{"heading":"<p>Customer<br \/>Support<\/p>","subtitle":"This is subheading element","title_tag":"h5","title_typography_typography":"custom","title_typography_font_family":"Plus Jakarta Sans","title_typography_line_height":{"unit":"em","size":1.5,"sizes":[]},"title_typography_line_height_widescreen":{"unit":"em","size":"","sizes":[]},"title_typography_line_height_laptop":{"unit":"em","size":"","sizes":[]},"title_typography_line_height_tablet_extra":{"unit":"em","size":"","sizes":[]},"title_typography_line_height_mobile_extra":{"unit":"em","size":"","sizes":[]},"title_typography_letter_spacing":{"unit":"em","size":"","sizes":[]},"title_typography_letter_spacing_widescreen":{"unit":"em","size":"","sizes":[]},"title_typography_letter_spacing_laptop":{"unit":"em","size":"","sizes":[]},"title_typography_letter_spacing_tablet_extra":{"unit":"em","size":"","sizes":[]},"title_typography_letter_spacing_tablet":{"unit":"em","size":"","sizes":[]},"title_typography_letter_spacing_mobile_extra":{"unit":"em","size":"","sizes":[]},"title_typography_letter_spacing_mobile":{"unit":"em","size":"","sizes":[]},"_margin":{"unit":"px","top":"0","right":"0","bottom":"25","left":"0","isLinked":false}},"elements":[],"isInner":false,"widgetType":"etherium_heading","elType":"widget"},{"id":"45e5aa4d","settings":{"editor":"<p>Our five star Customer support help you solve problems<\/p>","_padding":{"unit":"%","top":"0","right":"25","bottom":"0","left":"0","isLinked":false},"_padding_widescreen":{"unit":"%","top":"","right":"","bottom":"","left":"","isLinked":true},"_padding_laptop":{"unit":"%","top":"","right":"","bottom":"","left":"","isLinked":true},"_padding_tablet_extra":{"unit":"%","top":"","right":"","bottom":"","left":"","isLinked":true},"_padding_tablet":{"unit":"%","top":"0","right":"0","bottom":"0","left":"0","isLinked":true},"_padding_mobile_extra":{"unit":"%","top":"","right":"","bottom":"","left":"","isLinked":true},"_padding_mobile":{"unit":"%","top":"","right":"","bottom":"","left":"","isLinked":true}},"elements":[],"isInner":false,"widgetType":"text-editor","elType":"widget"}],"isInner":true,"elType":"column"},{"id":"4e6b9488","settings":{"_column_size":25,"_inline_size":null,"_inline_size_mobile_extra":50,"animation":"fadeInDown","animation_tablet_extra":"none"},"elements":[{"id":"6df0df09","settings":{"selected_icon":{"value":{"url":"https:\/\/demo.artureanec.com\/themes\/etherium-dark\/wp-content\/uploads\/2023\/11\/Layer-3.svg","id":11755},"library":"svg"},"align":"","size":{"unit":"px","size":49,"sizes":[]},"fit_to_size":"yes","_margin":{"unit":"px","top":"11","right":"0","bottom":"21","left":"0","isLinked":false}},"elements":[],"isInner":false,"widgetType":"icon","elType":"widget"},{"id":"7887e7f5","settings":{"heading":"<p>Well <br \/>Documented<\/p>","subtitle":"This is subheading element","title_tag":"h5","title_typography_typography":"custom","title_typography_font_family":"Plus Jakarta Sans","title_typography_line_height":{"unit":"em","size":1.5,"sizes":[]},"title_typography_line_height_widescreen":{"unit":"em","size":"","sizes":[]},"title_typography_line_height_laptop":{"unit":"em","size":"","sizes":[]},"title_typography_line_height_tablet_extra":{"unit":"em","size":"","sizes":[]},"title_typography_line_height_mobile_extra":{"unit":"em","size":"","sizes":[]},"title_typography_letter_spacing":{"unit":"em","size":"","sizes":[]},"title_typography_letter_spacing_widescreen":{"unit":"em","size":"","sizes":[]},"title_typography_letter_spacing_laptop":{"unit":"em","size":"","sizes":[]},"title_typography_letter_spacing_tablet_extra":{"unit":"em","size":"","sizes":[]},"title_typography_letter_spacing_tablet":{"unit":"em","size":"","sizes":[]},"title_typography_letter_spacing_mobile_extra":{"unit":"em","size":"","sizes":[]},"title_typography_letter_spacing_mobile":{"unit":"em","size":"","sizes":[]},"_margin":{"unit":"px","top":"0","right":"0","bottom":"25","left":"0","isLinked":false}},"elements":[],"isInner":false,"widgetType":"etherium_heading","elType":"widget"},{"id":"28d0bd99","settings":{"editor":"<p>We created for you useful documentation for easy work<\/p>","_padding":{"unit":"%","top":"0","right":"20","bottom":"0","left":"0","isLinked":false},"_padding_widescreen":{"unit":"%","top":"","right":"","bottom":"","left":"","isLinked":true},"_padding_laptop":{"unit":"%","top":"","right":"","bottom":"","left":"","isLinked":true},"_padding_tablet_extra":{"unit":"%","top":"","right":"","bottom":"","left":"","isLinked":true},"_padding_tablet":{"unit":"%","top":"0","right":"0","bottom":"0","left":"0","isLinked":true},"_padding_mobile_extra":{"unit":"%","top":"","right":"","bottom":"","left":"","isLinked":true},"_padding_mobile":{"unit":"%","top":"","right":"","bottom":"","left":"","isLinked":true}},"elements":[],"isInner":false,"widgetType":"text-editor","elType":"widget"}],"isInner":true,"elType":"column"},{"id":"5b0efa4a","settings":{"_column_size":25,"_inline_size":null,"margin":{"unit":"px","top":"50","right":"0","bottom":"0","left":"0","isLinked":false},"_inline_size_mobile_extra":50,"margin_mobile":{"unit":"px","top":"0","right":"0","bottom":"0","left":"0","isLinked":true},"animation":"fadeInUp","animation_tablet_extra":"none"},"elements":[{"id":"68b23453","settings":{"selected_icon":{"value":{"url":"https:\/\/demo.artureanec.com\/themes\/etherium-dark\/wp-content\/uploads\/2023\/11\/Layer-4.svg","id":11768},"library":"svg"},"align":"","size":{"unit":"px","size":60,"sizes":[]},"fit_to_size":"yes","_margin":{"unit":"px","top":"0","right":"0","bottom":"21","left":"0","isLinked":false}},"elements":[],"isInner":false,"widgetType":"icon","elType":"widget"},{"id":"255b3aae","settings":{"heading":"<p>Responsive <br \/>Design<\/p>","subtitle":"This is subheading element","title_tag":"h5","title_typography_typography":"custom","title_typography_font_family":"Plus Jakarta Sans","title_typography_line_height":{"unit":"em","size":1.5,"sizes":[]},"title_typography_line_height_widescreen":{"unit":"em","size":"","sizes":[]},"title_typography_line_height_laptop":{"unit":"em","size":"","sizes":[]},"title_typography_line_height_tablet_extra":{"unit":"em","size":"","sizes":[]},"title_typography_line_height_mobile_extra":{"unit":"em","size":"","sizes":[]},"title_typography_letter_spacing":{"unit":"em","size":"","sizes":[]},"title_typography_letter_spacing_widescreen":{"unit":"em","size":"","sizes":[]},"title_typography_letter_spacing_laptop":{"unit":"em","size":"","sizes":[]},"title_typography_letter_spacing_tablet_extra":{"unit":"em","size":"","sizes":[]},"title_typography_letter_spacing_tablet":{"unit":"em","size":"","sizes":[]},"title_typography_letter_spacing_mobile_extra":{"unit":"em","size":"","sizes":[]},"title_typography_letter_spacing_mobile":{"unit":"em","size":"","sizes":[]},"_margin":{"unit":"px","top":"0","right":"0","bottom":"25","left":"0","isLinked":false}},"elements":[],"isInner":false,"widgetType":"etherium_heading","elType":"widget"},{"id":"60bd8ff2","settings":{"editor":"<p>Our five star Customer support help you solve problems<\/p>","_padding":{"unit":"%","top":"0","right":"25","bottom":"0","left":"0","isLinked":false},"_padding_widescreen":{"unit":"%","top":"","right":"","bottom":"","left":"","isLinked":true},"_padding_laptop":{"unit":"%","top":"","right":"","bottom":"","left":"","isLinked":true},"_padding_tablet_extra":{"unit":"%","top":"","right":"","bottom":"","left":"","isLinked":true},"_padding_tablet":{"unit":"%","top":"0","right":"0","bottom":"0","left":"0","isLinked":true},"_padding_mobile_extra":{"unit":"%","top":"","right":"","bottom":"","left":"","isLinked":true},"_padding_mobile":{"unit":"%","top":"","right":"","bottom":"","left":"","isLinked":true}},"elements":[],"isInner":false,"widgetType":"text-editor","elType":"widget"}],"isInner":true,"elType":"column"}],"isInner":true,"elType":"section"}],"isInner":false,"elType":"column"}],"isInner":false,"elType":"section"},{"id":"2f490260","settings":{"gap":"no","stretch_section":"section-stretched","margin":{"unit":"px","top":"60","right":0,"bottom":"0","left":0,"isLinked":false},"layout":"full_width","background_background":"classic","background_image":{"url":"https:\/\/demo.artureanec.com\/themes\/etherium-dark\/wp-content\/uploads\/2023\/06\/vawe_back_2-2.png","id":4499,"size":"","alt":"","source":"library"},"background_position":"bottom center","background_repeat":"no-repeat","background_size":"initial","padding":{"unit":"px","top":"0","right":"0","bottom":"215","left":"0","isLinked":false},"padding_tablet_extra":{"unit":"px","top":"0","right":"0","bottom":"120","left":"0","isLinked":false},"padding_mobile_extra":{"unit":"px","top":"0","right":"0","bottom":"80","left":"0","isLinked":false}},"elements":[{"id":"e88584e","settings":{"_column_size":100,"_inline_size":null},"elements":[{"id":"550b43b1","settings":{"image":{"url":"https:\/\/demo.artureanec.com\/themes\/etherium-dark\/wp-content\/uploads\/2023\/11\/Ellipse-20-min-1.png","id":11835,"size":"","alt":"","source":"library"},"image_size":"full","align":"right","_position":"absolute","_offset_orientation_h":"end","_offset_orientation_v":"end","_offset_y_end":{"unit":"vw","size":-30,"sizes":[]},"_offset_y_end_widescreen":{"unit":"%","size":"","sizes":[]},"_offset_y_end_laptop":{"unit":"%","size":"","sizes":[]},"_offset_y_end_tablet_extra":{"unit":"%","size":"","sizes":[]},"_offset_y_end_tablet":{"unit":"%","size":"","sizes":[]},"_offset_y_end_mobile_extra":{"unit":"%","size":"","sizes":[]},"_offset_y_end_mobile":{"unit":"%","size":"","sizes":[]},"_z_index":-1},"elements":[],"isInner":false,"widgetType":"image","elType":"widget"},{"id":"33f73e1f","settings":{"image":{"url":"https:\/\/demo.artureanec.com\/themes\/etherium-dark\/wp-content\/uploads\/2023\/11\/Ellipse-19-min.png","id":11836,"size":"","alt":"","source":"library"},"image_size":"full","align":"left","_position":"absolute","_offset_orientation_v":"end","_offset_y_end":{"unit":"vw","size":-30,"sizes":[]},"_offset_y_end_widescreen":{"unit":"%","size":"","sizes":[]},"_offset_y_end_laptop":{"unit":"%","size":"","sizes":[]},"_offset_y_end_tablet_extra":{"unit":"%","size":"","sizes":[]},"_offset_y_end_tablet":{"unit":"%","size":"","sizes":[]},"_offset_y_end_mobile_extra":{"unit":"%","size":"","sizes":[]},"_offset_y_end_mobile":{"unit":"%","size":"","sizes":[]},"_z_index":-1},"elements":[],"isInner":false,"widgetType":"image","elType":"widget"},{"id":"74088752","settings":{"gap":"wide","content_position":"middle","structure":"20"},"elements":[{"id":"2770132d","settings":{"_column_size":50,"_inline_size":null,"_inline_size_mobile_extra":100,"animation":"fadeInLeft","animation_tablet_extra":"none"},"elements":[{"id":"2f6d9d02","settings":{"heading":"<p>You can sale NFT with Woocommerce<\/p>","subtitle":"This is subheading element","_margin":{"unit":"px","top":"0","right":"0","bottom":"30","left":"0","isLinked":false},"_padding":{"unit":"%","top":"0","right":"5","bottom":"0","left":"0","isLinked":false},"_padding_widescreen":{"unit":"%","top":"","right":"","bottom":"","left":"","isLinked":true},"_padding_laptop":{"unit":"%","top":"0","right":"0","bottom":"0","left":"0","isLinked":true},"_padding_tablet_extra":{"unit":"%","top":"","right":"","bottom":"","left":"","isLinked":true},"_padding_tablet":{"unit":"%","top":"","right":"","bottom":"","left":"","isLinked":true},"_padding_mobile_extra":{"unit":"%","top":"","right":"","bottom":"","left":"","isLinked":true},"_padding_mobile":{"unit":"%","top":"","right":"","bottom":"","left":"","isLinked":true},"title_typography_typography":"custom"},"elements":[],"isInner":false,"widgetType":"etherium_heading","elType":"widget"},{"id":"34f83f34","settings":{"editor":"<p>We created and included inner pages for e-commerce. You can use it for different purposes, as example for sale and rent your product online.<\/p>"},"elements":[],"isInner":false,"widgetType":"text-editor","elType":"widget"},{"id":"1c3e55d4","settings":{"button_text":"Explore more","button_link":{"url":"https:\/\/demo.artureanec.com\/themes\/etherium-dark\/shop\/","is_external":"true","nofollow":"","custom_attributes":""},"button_align":"","button_typography_typography":"custom","button_typography_font_weight":"600","button_typography_text_transform":"uppercase","button_padding":{"unit":"px","top":"16","right":"40","bottom":"17","left":"40","isLinked":false},"_margin":{"unit":"px","top":"50","right":"0","bottom":"0","left":"0","isLinked":false}},"elements":[],"isInner":false,"widgetType":"etherium_button","elType":"widget"}],"isInner":true,"elType":"column"},{"id":"5d81c83","settings":{"_column_size":50,"_inline_size":null,"_inline_size_mobile_extra":100},"elements":[{"id":"5aceebf4","settings":{"image":{"url":"https:\/\/demo.artureanec.com\/themes\/etherium-dark\/wp-content\/uploads\/2023\/11\/Group-18324-min-1.png","id":11791,"size":"","alt":"","source":"library"},"image_size":"full","space":{"unit":"vw","size":"","sizes":[]},"space_widescreen":{"unit":"vw","size":"","sizes":[]},"space_laptop":{"unit":"vw","size":"","sizes":[]},"space_tablet_extra":{"unit":"vw","size":"","sizes":[]},"space_tablet":{"unit":"vw","size":"","sizes":[]},"space_mobile_extra":{"unit":"vw","size":"","sizes":[]},"space_mobile":{"unit":"vw","size":"","sizes":[]},"_margin":{"unit":"vw","top":"0","right":"-15","bottom":"0","left":"0","isLinked":false},"_margin_widescreen":{"unit":"vw","top":"","right":"","bottom":"","left":"","isLinked":true},"_margin_laptop":{"unit":"vw","top":"0","right":"0","bottom":"0","left":"0","isLinked":true},"_margin_tablet_extra":{"unit":"vw","top":"","right":"","bottom":"","left":"","isLinked":true},"_margin_tablet":{"unit":"vw","top":"","right":"","bottom":"","left":"","isLinked":true},"_margin_mobile_extra":{"unit":"vw","top":"","right":"","bottom":"","left":"","isLinked":true},"_margin_mobile":{"unit":"vw","top":"","right":"","bottom":"","left":"","isLinked":true},"_animation":"fadeInRight","_animation_tablet_extra":"none"},"elements":[],"isInner":false,"widgetType":"image","elType":"widget"}],"isInner":true,"elType":"column"}],"isInner":true,"elType":"section"}],"isInner":false,"elType":"column"}],"isInner":false,"elType":"section"},{"id":"7ed0581a","settings":{"layout":"full_width","gap":"no","stretch_section":"section-stretched","background_background":"classic","background_image":{"url":"https:\/\/demo.artureanec.com\/themes\/etherium-dark\/wp-content\/uploads\/2023\/06\/vawe_back_2-2.png","id":4499,"size":"","alt":"","source":"library"},"background_position":"bottom center","background_repeat":"no-repeat","background_size":"initial","margin":{"unit":"px","top":"0","right":0,"bottom":"0","left":0,"isLinked":true},"padding":{"unit":"px","top":"0","right":"0","bottom":"400","left":"0","isLinked":false},"padding_tablet_extra":{"unit":"px","top":"0","right":"0","bottom":"120","left":"0","isLinked":false},"padding_mobile_extra":{"unit":"px","top":"0","right":"0","bottom":"80","left":"0","isLinked":false}},"elements":[{"id":"786024f2","settings":{"_column_size":100,"_inline_size":null},"elements":[{"id":"60b4ff27","settings":{"gap":"wide","content_position":"middle","structure":"20","margin":{"unit":"px","top":"-260","right":0,"bottom":"0","left":0,"isLinked":false},"margin_laptop":{"unit":"px","top":"","right":0,"bottom":"","left":0,"isLinked":true},"margin_tablet_extra":{"unit":"px","top":"0","right":0,"bottom":"0","left":0,"isLinked":false}},"elements":[{"id":"636ca796","settings":{"_column_size":50,"_inline_size":62,"_inline_size_mobile_extra":100},"elements":[{"id":"230493c8","settings":{"image":{"url":"https:\/\/demo.artureanec.com\/themes\/etherium-dark\/wp-content\/uploads\/2023\/11\/Group-18325-min.png","id":11855,"size":"","alt":"","source":"library"},"image_size":"full","space":{"unit":"vw","size":"","sizes":[]},"space_widescreen":{"unit":"vw","size":"","sizes":[]},"space_laptop":{"unit":"vw","size":"","sizes":[]},"space_tablet_extra":{"unit":"vw","size":"","sizes":[]},"space_tablet":{"unit":"vw","size":"","sizes":[]},"space_mobile_extra":{"unit":"vw","size":"","sizes":[]},"space_mobile":{"unit":"vw","size":"","sizes":[]},"_margin":{"unit":"vw","top":"0","right":"0","bottom":"0","left":"-10","isLinked":false},"_margin_widescreen":{"unit":"vw","top":"","right":"","bottom":"","left":"","isLinked":true},"_margin_laptop":{"unit":"vw","top":"0","right":"0","bottom":"0","left":"0","isLinked":true},"_margin_tablet_extra":{"unit":"vw","top":"","right":"","bottom":"","left":"","isLinked":true},"_margin_tablet":{"unit":"vw","top":"","right":"","bottom":"","left":"","isLinked":true},"_margin_mobile_extra":{"unit":"vw","top":"","right":"","bottom":"","left":"","isLinked":true},"_margin_mobile":{"unit":"vw","top":"","right":"","bottom":"","left":"","isLinked":true},"_animation":"fadeInLeft","_animation_tablet_extra":"none"},"elements":[],"isInner":false,"widgetType":"image","elType":"widget"}],"isInner":true,"elType":"column"},{"id":"ede57d3","settings":{"_column_size":50,"_inline_size":38,"_inline_size_mobile_extra":100,"animation":"fadeInRight","animation_tablet_extra":"none"},"elements":[{"id":"e0a67d0","settings":{"heading":"<p>Dark &amp; White version<\/p>","subtitle":"This is subheading element","_margin":{"unit":"px","top":"0","right":"-30","bottom":"37","left":"0","isLinked":false},"_margin_laptop":{"unit":"px","top":"0","right":"0","bottom":"37","left":"0","isLinked":false},"_padding":{"unit":"%","top":"","right":"","bottom":"","left":"","isLinked":true},"_padding_widescreen":{"unit":"%","top":"","right":"","bottom":"","left":"","isLinked":true},"_padding_laptop":{"unit":"%","top":"0","right":"0","bottom":"0","left":"0","isLinked":true},"_padding_tablet_extra":{"unit":"%","top":"","right":"","bottom":"","left":"","isLinked":true},"_padding_tablet":{"unit":"%","top":"","right":"","bottom":"","left":"","isLinked":true},"_padding_mobile_extra":{"unit":"%","top":"","right":"","bottom":"","left":"","isLinked":true},"_padding_mobile":{"unit":"%","top":"","right":"","bottom":"","left":"","isLinked":true}},"elements":[],"isInner":false,"widgetType":"etherium_heading","elType":"widget"},{"id":"5fb6e35f","settings":{"editor":"<p>We created two color version with unoque design for NFT marketplace. Choose your favorite and sale the best NFT projects.<\/p>","_margin":{"unit":"px","top":"0","right":"-50","bottom":"0","left":"0","isLinked":false},"_margin_laptop":{"unit":"px","top":"0","right":"0","bottom":"0","left":"0","isLinked":true}},"elements":[],"isInner":false,"widgetType":"text-editor","elType":"widget"},{"id":"3bc77f39","settings":{"button_text":"Explore more","button_link":{"url":"https:\/\/demo.artureanec.com\/themes\/etherium-dark\/","is_external":"true","nofollow":"","custom_attributes":""},"button_align":"","button_typography_typography":"custom","button_typography_font_weight":"600","button_typography_text_transform":"uppercase","button_padding":{"unit":"px","top":"16","right":"40","bottom":"17","left":"40","isLinked":false},"_margin":{"unit":"px","top":"60","right":"0","bottom":"0","left":"0","isLinked":false}},"elements":[],"isInner":false,"widgetType":"etherium_button","elType":"widget"}],"isInner":true,"elType":"column"}],"isInner":true,"elType":"section"},{"id":"485efdbc","settings":{"image":{"url":"https:\/\/demo.artureanec.com\/themes\/etherium-dark\/wp-content\/uploads\/2023\/11\/Ellipse-141-min.png","id":11452,"size":"","alt":"","source":"library"},"image_size":"full","align":"right","opacity":{"unit":"px","size":0.59999999999999998,"sizes":[]},"_position":"absolute","_offset_orientation_h":"end","_offset_orientation_v":"end","_offset_y_end":{"unit":"vw","size":-20,"sizes":[]},"_offset_y_end_widescreen":{"unit":"vw","size":"","sizes":[]},"_offset_y_end_laptop":{"unit":"vw","size":"","sizes":[]},"_offset_y_end_tablet_extra":{"unit":"vw","size":"","sizes":[]},"_offset_y_end_tablet":{"unit":"vw","size":"","sizes":[]},"_offset_y_end_mobile_extra":{"unit":"vw","size":"","sizes":[]},"_offset_y_end_mobile":{"unit":"vw","size":"","sizes":[]},"_z_index":-1},"elements":[],"isInner":false,"widgetType":"image","elType":"widget"},{"id":"7d020ac1","settings":{"image":{"url":"https:\/\/demo.artureanec.com\/themes\/etherium-dark\/wp-content\/uploads\/2023\/06\/Ellipse-19.png","id":4459,"size":"","alt":"","source":"library"},"image_size":"full","align":"left","opacity":{"unit":"px","size":0.59999999999999998,"sizes":[]},"_position":"absolute","_offset_orientation_v":"end","_offset_y_end":{"unit":"vw","size":-50,"sizes":[]},"_offset_y_end_widescreen":{"unit":"vw","size":"","sizes":[]},"_offset_y_end_laptop":{"unit":"vw","size":"","sizes":[]},"_offset_y_end_tablet_extra":{"unit":"vw","size":"","sizes":[]},"_offset_y_end_tablet":{"unit":"vw","size":"","sizes":[]},"_offset_y_end_mobile_extra":{"unit":"vw","size":"","sizes":[]},"_offset_y_end_mobile":{"unit":"vw","size":"","sizes":[]},"_z_index":-1},"elements":[],"isInner":false,"widgetType":"image","elType":"widget"}],"isInner":false,"elType":"column"}],"isInner":false,"elType":"section"},{"id":"7992812c","settings":{"layout":"full_width","gap":"no","stretch_section":"section-stretched","background_background":"classic","background_image":{"url":"https:\/\/demo.artureanec.com\/themes\/etherium-dark\/wp-content\/uploads\/2023\/06\/vawe_back_2-2.png","id":4499,"size":"","alt":"","source":"library"},"background_position":"bottom center","background_repeat":"no-repeat","background_size":"initial","margin":{"unit":"px","top":"-200","right":0,"bottom":"0","left":0,"isLinked":false},"padding":{"unit":"px","top":"0","right":"0","bottom":"280","left":"0","isLinked":false},"margin_tablet_extra":{"unit":"px","top":"0","right":0,"bottom":"0","left":0,"isLinked":true},"padding_tablet_extra":{"unit":"px","top":"0","right":"0","bottom":"120","left":"0","isLinked":false}},"elements":[{"id":"652a305d","settings":{"_column_size":100,"_inline_size":null},"elements":[{"id":"5e236adf","settings":[],"elements":[{"id":"73188dce","settings":{"_column_size":100,"_inline_size":null},"elements":[{"id":"680826ed","settings":{"heading":"<p>Fully responsive design for all devices<\/p>","subtitle":"This is subheading element","_margin":{"unit":"px","top":"0","right":"0","bottom":"66","left":"0","isLinked":false},"_margin_tablet_extra":{"unit":"px","top":"0","right":"0","bottom":"40","left":"0","isLinked":false},"_padding":{"unit":"%","top":"0","right":"20","bottom":"0","left":"13.8","isLinked":false},"_padding_widescreen":{"unit":"%","top":"","right":"","bottom":"","left":"","isLinked":true},"_padding_laptop":{"unit":"%","top":"","right":"","bottom":"","left":"","isLinked":true},"_padding_tablet_extra":{"unit":"%","top":"0","right":"0","bottom":"0","left":"0","isLinked":true},"_padding_tablet":{"unit":"%","top":"","right":"","bottom":"","left":"","isLinked":true},"_padding_mobile_extra":{"unit":"%","top":"","right":"","bottom":"","left":"","isLinked":true},"_padding_mobile":{"unit":"%","top":"","right":"","bottom":"","left":"","isLinked":true},"_animation":"fadeInDown","_animation_tablet_extra":"none"},"elements":[],"isInner":false,"widgetType":"etherium_heading","elType":"widget"},{"id":"7b85f5ad","settings":{"image":{"url":"https:\/\/demo.artureanec.com\/themes\/etherium-dark\/wp-content\/uploads\/2023\/11\/Group-18325-1-min.png","id":11917,"size":"","alt":"","source":"library"},"image_size":"full","_animation":"fadeInUp","_animation_tablet_extra":"none"},"elements":[],"isInner":false,"widgetType":"image","elType":"widget"}],"isInner":true,"elType":"column"}],"isInner":true,"elType":"section"},{"id":"53216f5f","settings":{"image":{"url":"https:\/\/demo.artureanec.com\/themes\/etherium-dark\/wp-content\/uploads\/2023\/11\/Ellipse-20-min-1.png","id":11835,"size":"","alt":"","source":"library"},"image_size":"full","align":"right","opacity":{"unit":"px","size":0.5,"sizes":[]},"_position":"absolute","_offset_orientation_h":"end","_offset_orientation_v":"end","_offset_y_end":{"unit":"vw","size":-40,"sizes":[]},"_offset_y_end_widescreen":{"unit":"vw","size":"","sizes":[]},"_offset_y_end_laptop":{"unit":"vw","size":"","sizes":[]},"_offset_y_end_tablet_extra":{"unit":"vw","size":"","sizes":[]},"_offset_y_end_tablet":{"unit":"vw","size":"","sizes":[]},"_offset_y_end_mobile_extra":{"unit":"vw","size":"","sizes":[]},"_offset_y_end_mobile":{"unit":"vw","size":"","sizes":[]},"_z_index":-1},"elements":[],"isInner":false,"widgetType":"image","elType":"widget"},{"id":"3e352ef","settings":{"image":{"url":"https:\/\/demo.artureanec.com\/themes\/etherium-dark\/wp-content\/uploads\/2023\/11\/Ellipse-19-min.png","id":11836,"size":"","alt":"","source":"library"},"image_size":"full","align":"left","opacity":{"unit":"px","size":0.40000000000000002,"sizes":[]},"_position":"absolute","_offset_orientation_v":"end","_offset_y_end":{"unit":"vw","size":-40,"sizes":[]},"_offset_y_end_widescreen":{"unit":"vw","size":"","sizes":[]},"_offset_y_end_laptop":{"unit":"vw","size":"","sizes":[]},"_offset_y_end_tablet_extra":{"unit":"vw","size":"","sizes":[]},"_offset_y_end_tablet":{"unit":"vw","size":"","sizes":[]},"_offset_y_end_mobile_extra":{"unit":"vw","size":"","sizes":[]},"_offset_y_end_mobile":{"unit":"vw","size":"","sizes":[]},"_z_index":-1},"elements":[],"isInner":false,"widgetType":"image","elType":"widget"}],"isInner":false,"elType":"column"}],"isInner":false,"elType":"section"},{"id":"58b5ac58","settings":{"margin":{"unit":"px","top":"-140","right":0,"bottom":"0","left":0,"isLinked":false},"margin_tablet_extra":{"unit":"px","top":"0","right":0,"bottom":"0","left":0,"isLinked":true}},"elements":[{"id":"1d4062d9","settings":{"_column_size":100,"_inline_size":null},"elements":[{"id":"699def2a","settings":{"heading":"<p>Awesome used Plugins<\/p>","subtitle":"This is subheading element","title_align":"center"},"elements":[],"isInner":false,"widgetType":"etherium_heading","elType":"widget"},{"id":"6a027494","settings":{"gap":"wide","structure":"40","margin":{"unit":"px","top":"80","right":0,"bottom":"0","left":0,"isLinked":false},"margin_tablet":{"unit":"px","top":"50","right":0,"bottom":"0","left":0,"isLinked":false}},"elements":[{"id":"3a0d1cc2","settings":{"_column_size":25,"_inline_size":null,"border_border":"solid","border_width":{"unit":"px","top":"1","right":"1","bottom":"1","left":"1","isLinked":true},"border_color":"#3E3E62","margin":{"unit":"px","top":"20","right":"20","bottom":"20","left":"20","isLinked":true},"padding":{"unit":"px","top":"60","right":"50","bottom":"50","left":"50","isLinked":false},"_inline_size_tablet":50},"elements":[{"id":"928fb30","settings":{"image":{"url":"https:\/\/demo.artureanec.com\/themes\/etherium-dark\/wp-content\/uploads\/2023\/11\/Group-18306-1.png","id":11952,"size":"","alt":"","source":"library"},"image_size":"full","align":"center"},"elements":[],"isInner":false,"widgetType":"image","elType":"widget"},{"id":"644ec4d2","settings":{"editor":"<p>Page Builder<\/p>","typography_typography":"custom","typography_line_height":{"unit":"px","size":24,"sizes":[]},"_margin":{"unit":"px","top":"74","right":"0","bottom":"0","left":"0","isLinked":false}},"elements":[],"isInner":false,"widgetType":"text-editor","elType":"widget"}],"isInner":true,"elType":"column"},{"id":"6887b026","settings":{"_column_size":25,"_inline_size":null,"border_border":"solid","border_width":{"unit":"px","top":"1","right":"1","bottom":"1","left":"1","isLinked":true},"border_color":"#3E3E62","margin":{"unit":"px","top":"20","right":"20","bottom":"20","left":"20","isLinked":true},"padding":{"unit":"px","top":"60","right":"50","bottom":"50","left":"50","isLinked":false},"_inline_size_tablet":50},"elements":[{"id":"7451102d","settings":{"image":{"url":"https:\/\/demo.artureanec.com\/themes\/etherium-dark\/wp-content\/uploads\/2023\/11\/Group-18309.png","id":11955,"size":"","alt":"","source":"library"},"image_size":"full","align":"center"},"elements":[],"isInner":false,"widgetType":"image","elType":"widget"},{"id":"1208ecfb","settings":{"editor":"<p>Ecommece<\/p>","typography_typography":"custom","typography_line_height":{"unit":"px","size":24,"sizes":[]},"_margin":{"unit":"px","top":"74","right":"0","bottom":"0","left":"0","isLinked":false}},"elements":[],"isInner":false,"widgetType":"text-editor","elType":"widget"}],"isInner":true,"elType":"column"},{"id":"1d75b044","settings":{"_column_size":25,"_inline_size":null,"border_border":"solid","border_width":{"unit":"px","top":"1","right":"1","bottom":"1","left":"1","isLinked":true},"border_color":"#3E3E62","margin":{"unit":"px","top":"20","right":"20","bottom":"20","left":"20","isLinked":true},"padding":{"unit":"px","top":"60","right":"50","bottom":"50","left":"50","isLinked":false},"_inline_size_tablet":50},"elements":[{"id":"e326b31","settings":{"image":{"url":"https:\/\/demo.artureanec.com\/themes\/etherium-dark\/wp-content\/uploads\/2023\/11\/Group-18308.png","id":11954,"size":"","alt":"","source":"library"},"image_size":"full","align":"center"},"elements":[],"isInner":false,"widgetType":"image","elType":"widget"},{"id":"2993de87","settings":{"editor":"<p>Contact Form<\/p>","typography_typography":"custom","typography_line_height":{"unit":"px","size":24,"sizes":[]},"_margin":{"unit":"px","top":"74","right":"0","bottom":"0","left":"0","isLinked":false}},"elements":[],"isInner":false,"widgetType":"text-editor","elType":"widget"}],"isInner":true,"elType":"column"},{"id":"5775b86e","settings":{"_column_size":25,"_inline_size":null,"border_border":"solid","border_width":{"unit":"px","top":"1","right":"1","bottom":"1","left":"1","isLinked":true},"border_color":"#3E3E62","margin":{"unit":"px","top":"20","right":"20","bottom":"20","left":"20","isLinked":true},"padding":{"unit":"px","top":"65","right":"50","bottom":"50","left":"50","isLinked":false},"_inline_size_tablet":50},"elements":[{"id":"580ee35d","settings":{"image":{"url":"https:\/\/demo.artureanec.com\/themes\/etherium-dark\/wp-content\/uploads\/2023\/11\/Group-18307.png","id":11953,"size":"","alt":"","source":"library"},"image_size":"full","align":"center"},"elements":[],"isInner":false,"widgetType":"image","elType":"widget"},{"id":"37ee4f27","settings":{"editor":"<p>Multilingual<\/p>","typography_typography":"custom","typography_line_height":{"unit":"px","size":24,"sizes":[]},"_margin":{"unit":"px","top":"81","right":"0","bottom":"0","left":"0","isLinked":false}},"elements":[],"isInner":false,"widgetType":"text-editor","elType":"widget"}],"isInner":true,"elType":"column"}],"isInner":true,"elType":"section"}],"isInner":false,"elType":"column"}],"isInner":false,"elType":"section"},{"id":"2d713774","settings":{"layout":"full_width","gap":"no","stretch_section":"section-stretched","margin":{"unit":"px","top":"40","right":0,"bottom":"0","left":0,"isLinked":false},"background_background":"classic","background_image":{"url":"https:\/\/demo.artureanec.com\/themes\/etherium-dark\/wp-content\/uploads\/2023\/11\/background-intro-min.png","id":12049,"size":"","alt":"","source":"library"},"background_position":"bottom center","background_repeat":"no-repeat","background_size":"cover","padding":{"unit":"px","top":"180","right":"0","bottom":"140","left":"0","isLinked":false},"margin_laptop":{"unit":"px","top":"0","right":0,"bottom":"0","left":0,"isLinked":true},"padding_laptop":{"unit":"px","top":"120","right":"0","bottom":"120","left":"0","isLinked":false},"padding_mobile_extra":{"unit":"px","top":"80","right":"0","bottom":"80","left":"0","isLinked":false}},"elements":[{"id":"8479957","settings":{"_column_size":100,"_inline_size":null},"elements":[{"id":"29f66eea","settings":[],"elements":[{"id":"49bb44b7","settings":{"_column_size":100,"_inline_size":null},"elements":[{"id":"318288c9","settings":{"image":{"url":"https:\/\/demo.artureanec.com\/themes\/etherium-dark\/wp-content\/uploads\/2022\/11\/logo-dark.png","id":69,"size":"","alt":"","source":"library"},"align":"left","space":{"unit":"px","size":220,"sizes":[]},"space_tablet":{"unit":"px","size":"","sizes":[]},"space_mobile":{"unit":"px","size":"","sizes":[]},"_margin":{"unit":"px","top":"0","right":"0","bottom":"60","left":"0","isLinked":false}},"elements":[],"isInner":false,"widgetType":"image","elType":"widget"},{"id":"1acf1745","settings":{"text":"Divider","color":"#323564","gap":{"unit":"px","size":0,"sizes":[]}},"elements":[],"isInner":false,"widgetType":"divider","elType":"widget"}],"isInner":true,"elType":"column"}],"isInner":true,"elType":"section"},{"id":"325c0e0b","settings":{"content_position":"middle","structure":"20","margin":{"unit":"px","top":"100","right":0,"bottom":"0","left":0,"isLinked":false},"margin_tablet":{"unit":"px","top":"50","right":0,"bottom":"0","left":0,"isLinked":false}},"elements":[{"id":"31e746f","settings":{"_column_size":50,"_inline_size":80,"_inline_size_laptop":70,"_inline_size_mobile_extra":100},"elements":[{"id":"14e11e48","settings":{"heading":"<p>The best solution for your marketplace websites.<\/p>","subtitle":"This is subheading element","title_typography_typography":"custom","title_typography_font_size":{"unit":"px","size":80,"sizes":[]},"title_typography_font_size_tablet_extra":{"unit":"px","size":60,"sizes":[]},"title_typography_font_size_tablet":{"unit":"px","size":40,"sizes":[]},"title_typography_line_height":{"unit":"em","size":1.1499999999999999,"sizes":[]},"title_typography_line_height_widescreen":{"unit":"em","size":"","sizes":[]},"title_typography_line_height_laptop":{"unit":"em","size":"","sizes":[]},"title_typography_line_height_tablet_extra":{"unit":"em","size":"","sizes":[]},"title_typography_line_height_mobile_extra":{"unit":"em","size":"","sizes":[]},"_animation":"fadeInLeft","_animation_tablet_extra":"none"},"elements":[],"isInner":false,"widgetType":"etherium_heading","elType":"widget"}],"isInner":true,"elType":"column"},{"id":"7ab7a0dd","settings":{"_column_size":50,"_inline_size":20,"_inline_size_laptop":30,"_inline_size_mobile_extra":100},"elements":[{"id":"6603397a","settings":{"button_text":"Purchase Etherium","button_link":{"url":"https:\/\/themeforest.net\/item\/etherium-nft-marketplace-wordpress-theme\/48885696?s_rank=1","is_external":"true","nofollow":"","custom_attributes":""},"button_align":"right","button_typography_typography":"custom","button_typography_font_size":{"unit":"px","size":16,"sizes":[]},"button_radius":{"unit":"%","top":"50","right":"50","bottom":"50","left":"50","isLinked":true},"button_padding":{"unit":"px","top":"101","right":"45","bottom":"101","left":"45","isLinked":false},"button_align_mobile_extra":"left","button_padding_tablet":{"unit":"px","top":"76","right":"20","bottom":"76","left":"20","isLinked":false},"_animation":"fadeInRight","_animation_tablet_extra":"none"},"elements":[],"isInner":false,"widgetType":"etherium_button","elType":"widget"}],"isInner":true,"elType":"column"}],"isInner":true,"elType":"section"},{"id":"44d0dc4f","settings":{"margin":{"unit":"px","top":"100","right":0,"bottom":"0","left":0,"isLinked":false}},"elements":[{"id":"70461bf6","settings":{"_column_size":100,"_inline_size":null},"elements":[{"id":"63bcd10b","settings":{"editor":"<p>\u00a9 2023 Etherium. All Rights Reserved by Artureanec<\/p>","text_color":"#757491","typography_typography":"custom","typography_font_size":{"unit":"px","size":14,"sizes":[]},"typography_font_weight":"400"},"elements":[],"isInner":false,"widgetType":"text-editor","elType":"widget"}],"isInner":true,"elType":"column"}],"isInner":true,"elType":"section"}],"isInner":false,"elType":"column"}],"isInner":false,"elType":"section"}],"settings":{"template":"default","background_background":"classic","background_image":{"url":"https:\/\/demo.artureanec.com\/themes\/etherium-dark\/wp-content\/uploads\/2023\/04\/home-1-slider-bg.png","id":2904,"size":"","alt":"","source":"library"},"background_position":"top center","background_repeat":"no-repeat","background_size":"initial","background_size_laptop":"auto"},"metadata":{"theme_color_mode":"default","top_bar_status":"default","top_bar_customize":"default","top_bar_socials_status":"default","top_bar_additional_text_status":"default","top_bar_contacts_email_status":"default","top_bar_contacts_phone_status":"default","top_bar_contacts_address_status":"default","header_status":"default","header_style":"default","header_position":"default","header_customize":"default","sticky_header_status":"off","header_logo_status":"default","header_logo_customize":"default","header_logo_retina":"1","header_logo_mobile_retina":"1","header_button_status":"default","header_menu_status":"default","header_menu_select":"120","side_panel_status":"off","header_search_status":"off","header_login_status":"off","header_login_text_status":"default","header_minicart_status":"off","header_wishlist_status":"off","page_title_status":"off","page_title_overlay_status":"default","page_title_customize":"default","page_title_height":"500","page_title_background_position":"default","page_title_background_repeat":"default","page_title_background_size":"default","hide_page_title_background_mobile":"0","hide_page_title_background_tablet":"0","page_title_breadcrumbs_status":"default","content_top_margin":"on","content_bottom_margin":"on","page_customize":"off","page_background_image_top_status":"default","page_background_image_top_repeat":"default","page_background_image_top_size":"default","page_background_image_top_blend_mode":"default","page_background_image_bottom_status":"default","page_background_image_bottom_repeat":"default","page_background_image_bottom_size":"default","page_background_image_bottom_blend_mode":"default","sidebar_position":"none","page_sidebar_select":"default","footer_status":"off","footer_style":"default","footer_customize":"default","footer_background_position":"default","footer_background_repeat":"default","footer_background_size":"default","footer_pre_footer_status":"default","footer_pre_footer_title":"A new place  to collect <br>NFT assets","footer_pre_footer_button_status":"default","footer_pre_footer_button_link":"#","footer_sidebar_status":"default","footer_sidebar_select":"default","footer_copyright_status":"default","footer_menu_status":"default","footer_menu_select":"default","footer_additional_menu_status":"default","footer_additional_menu_select":"default","footer_scrolltop_status":"default","header_button_text":"Purchase Etherium","header_button_url":"https:\/\/themeforest.net\/item\/etherium-nft-marketplace-wordpress-theme\/48885696?s_rank=1"}}