{"content":[{"id":"39413873","settings":{"padding":{"unit":"px","top":"70","right":"0","bottom":"0","left":"0","isLinked":false},"padding_laptop":{"unit":"px","top":"0","right":"0","bottom":"0","left":"0","isLinked":true}},"elements":[{"id":"1d599d30","settings":{"_column_size":100,"_inline_size":null},"elements":[{"id":"21553386","settings":{"editor":"<h1>Heading 1 - 80px<\/h1>","_margin":{"unit":"px","top":"0","right":"0","bottom":"30","left":"0","isLinked":false}},"elements":[],"isInner":false,"widgetType":"text-editor","elType":"widget"},{"id":"3bece639","settings":{"editor":"<h2>Heading 2 - 60px<\/h2>","_margin":{"unit":"px","top":"0","right":"0","bottom":"35","left":"0","isLinked":false}},"elements":[],"isInner":false,"widgetType":"text-editor","elType":"widget"},{"id":"c0205a7","settings":{"editor":"<h3>Heading 3 - 40px<\/h3>","_margin":{"unit":"px","top":"0","right":"0","bottom":"35","left":"0","isLinked":false}},"elements":[],"isInner":false,"widgetType":"text-editor","elType":"widget"},{"id":"47dda38b","settings":{"editor":"<h4>Heading 4 - 30px<\/h4>","_margin":{"unit":"px","top":"0","right":"0","bottom":"35","left":"0","isLinked":false}},"elements":[],"isInner":false,"widgetType":"text-editor","elType":"widget"},{"id":"5073f70b","settings":{"editor":"<h5>Heading 5 - 20px<\/h5>","_margin":{"unit":"px","top":"0","right":"0","bottom":"35","left":"0","isLinked":false}},"elements":[],"isInner":false,"widgetType":"text-editor","elType":"widget"},{"id":"4cf99134","settings":{"editor":"<h6>Heading 6 - 16px<\/h6>"},"elements":[],"isInner":false,"widgetType":"text-editor","elType":"widget"},{"id":"530f9126","settings":{"structure":"20"},"elements":[{"id":"19bab7b","settings":{"_column_size":50,"_inline_size":75},"elements":[{"id":"79f08214","settings":{"editor":"<p><strong>Flier bighead carp devario shortnose sucker platy smalleye squaretail zebra. Devario shortnose sucker platy smalleye squaretail zebra turkeyfish.<\/strong><\/p><p>Temperate ocean-bass sea chub unicorn fish treefish eulachon tidewater goby. Flier, bighead carp Devario shortnose sucker platy: smalleye squaretail zebra turkeyfish yellowfin grouper. Ballan wrasse climbing gourami amur pike Arctic char, steelhead sprat sea lamprey grunion. Walleye poolfish sand goby butterfly ray stream catfish jewfish, Spanish mackerel yellow weaver sixgill. Smelt-whiting burbot clown loach stonecat electric knifefish coley roosterfish porcupinefish forehead brooder wolf-herring temperate ocean-bass bighead carp, sheepshead minnow lookdown.<\/p>","_margin":{"unit":"px","top":"80","right":"0","bottom":"0","left":"0","isLinked":false}},"elements":[],"isInner":false,"widgetType":"text-editor","elType":"widget"}],"isInner":true,"elType":"column"},{"id":"349d8270","settings":{"_column_size":50,"_inline_size":25},"elements":[],"isInner":true,"elType":"column"}],"isInner":true,"elType":"section"}],"isInner":false,"elType":"column"}],"isInner":false,"elType":"section"},{"id":"79afe1dc","settings":{"margin":{"unit":"px","top":"","right":0,"bottom":"","left":0,"isLinked":true},"layout":"full_width","gap":"no","stretch_section":"section-stretched"},"elements":[{"id":"3f59ca96","settings":{"_column_size":100,"_inline_size":null},"elements":[{"id":"6ed1a270","settings":{"image":{"url":"https:\/\/demo.artureanec.com\/themes\/etherium-dark\/wp-content\/uploads\/2023\/04\/Ellipse-13.png","id":3750,"size":"","alt":"","source":"library"},"image_size":"full","align":"left","_position":"absolute","_z_index":-1,"_offset_y":{"unit":"px","size":-400,"sizes":[]}},"elements":[],"isInner":false,"widgetType":"image","elType":"widget"},{"id":"5491d1ea","settings":[],"elements":[{"id":"1cd94ac4","settings":{"_column_size":100,"_inline_size":null},"elements":[{"id":"49cca5f4","settings":{"heading":"<p>Columns 1\/2<\/p>","subtitle":"This is subheading element"},"elements":[],"isInner":false,"widgetType":"etherium_heading","elType":"widget"}],"isInner":true,"elType":"column"}],"isInner":true,"elType":"section"},{"id":"1b23c4cc","settings":{"structure":"20","margin":{"unit":"px","top":"20","right":0,"bottom":"0","left":0,"isLinked":false}},"elements":[{"id":"3394cf35","settings":{"_column_size":50,"_inline_size":null},"elements":[{"id":"432f2402","settings":{"editor":"<p>Temperate ocean-bass sea chub unicorn fish treefish eulachon tidewater goby. Flier, bighead carp Devario shortnose sucker platy: smalleye squaretail zebra turkeyfish yellowfin grouper?<\/p>"},"elements":[],"isInner":false,"widgetType":"text-editor","elType":"widget"}],"isInner":true,"elType":"column"},{"id":"7f72445f","settings":{"_column_size":50,"_inline_size":null},"elements":[{"id":"487afb96","settings":{"editor":"<p>Temperate ocean-bass sea chub unicorn fish treefish eulachon tidewater goby. Flier, bighead carp Devario shortnose sucker platy: smalleye squaretail zebra turkeyfish yellowfin grouper?<\/p>"},"elements":[],"isInner":false,"widgetType":"text-editor","elType":"widget"}],"isInner":true,"elType":"column"}],"isInner":true,"elType":"section"}],"isInner":false,"elType":"column"}],"isInner":false,"elType":"section"},{"id":"7ffb5d88","settings":{"margin":{"unit":"px","top":"","right":0,"bottom":"","left":0,"isLinked":true}},"elements":[{"id":"5e0e31f2","settings":{"_column_size":100,"_inline_size":null},"elements":[{"id":"1c1e938","settings":{"heading":"<p>Columns 1\/3<\/p>","subtitle":"This is subheading element"},"elements":[],"isInner":false,"widgetType":"etherium_heading","elType":"widget"},{"id":"769492a4","settings":{"structure":"30","margin":{"unit":"px","top":"20","right":0,"bottom":"0","left":0,"isLinked":false}},"elements":[{"id":"1b643748","settings":{"_column_size":33,"_inline_size":null},"elements":[{"id":"6bd93d93","settings":{"editor":"<p>Temperate ocean-bass sea chub unicorn fish treefish eulachon tidewater goby. Flier, bighead carp Devario shortnose sucker platy: smalleye squaretail zebra turkeyfish yellowfin grouper?<\/p>"},"elements":[],"isInner":false,"widgetType":"text-editor","elType":"widget"}],"isInner":true,"elType":"column"},{"id":"23f95f5c","settings":{"_column_size":33,"_inline_size":null},"elements":[{"id":"45478dbb","settings":{"editor":"<p>Temperate ocean-bass sea chub unicorn fish treefish eulachon tidewater goby. Flier, bighead carp Devario shortnose sucker platy: smalleye squaretail zebra turkeyfish yellowfin grouper?<\/p>"},"elements":[],"isInner":false,"widgetType":"text-editor","elType":"widget"}],"isInner":true,"elType":"column"},{"id":"6c2c0d56","settings":{"_column_size":33,"_inline_size":null},"elements":[{"id":"1d37b8c1","settings":{"editor":"<p>Temperate ocean-bass sea chub unicorn fish treefish eulachon tidewater goby. Flier, bighead carp Devario shortnose sucker platy: smalleye squaretail zebra turkeyfish yellowfin grouper?<\/p>"},"elements":[],"isInner":false,"widgetType":"text-editor","elType":"widget"}],"isInner":true,"elType":"column"}],"isInner":true,"elType":"section"}],"isInner":false,"elType":"column"}],"isInner":false,"elType":"section"},{"id":"25efc7fb","settings":{"margin":{"unit":"px","top":"","right":0,"bottom":"","left":0,"isLinked":true}},"elements":[{"id":"1eaa1cd4","settings":{"_column_size":100,"_inline_size":null},"elements":[{"id":"2f6fcca9","settings":{"heading":"<p>Columns 1\/4<\/p>","subtitle":"This is subheading element"},"elements":[],"isInner":false,"widgetType":"etherium_heading","elType":"widget"},{"id":"23ee3d14","settings":{"gap":"wide","structure":"40","margin":{"unit":"px","top":"20","right":0,"bottom":"0","left":0,"isLinked":false}},"elements":[{"id":"39633b69","settings":{"_column_size":25,"_inline_size":null},"elements":[{"id":"5af3edad","settings":{"editor":"<p>Temperate ocean-bass sea chub unicorn fish treefish eulachon tidewater goby. Flier, bighead carp Devario shortnose sucker platy: smalleye squaretail zebra turkeyfish yellowfin grouper?<\/p>"},"elements":[],"isInner":false,"widgetType":"text-editor","elType":"widget"}],"isInner":true,"elType":"column"},{"id":"ce09418","settings":{"_column_size":25,"_inline_size":null},"elements":[{"id":"3aaa508","settings":{"editor":"<p>Temperate ocean-bass sea chub unicorn fish treefish eulachon tidewater goby. Flier, bighead carp Devario shortnose sucker platy: smalleye squaretail zebra turkeyfish yellowfin grouper?<\/p>"},"elements":[],"isInner":false,"widgetType":"text-editor","elType":"widget"}],"isInner":true,"elType":"column"},{"id":"41aedfeb","settings":{"_column_size":25,"_inline_size":null},"elements":[{"id":"307637af","settings":{"editor":"<p>Temperate ocean-bass sea chub unicorn fish treefish eulachon tidewater goby. Flier, bighead carp Devario shortnose sucker platy: smalleye squaretail zebra turkeyfish yellowfin grouper?<\/p>"},"elements":[],"isInner":false,"widgetType":"text-editor","elType":"widget"}],"isInner":true,"elType":"column"},{"id":"53f40b0d","settings":{"_column_size":25,"_inline_size":null},"elements":[{"id":"2ba0d4e","settings":{"editor":"<p>Temperate ocean-bass sea chub unicorn fish treefish eulachon tidewater goby. Flier, bighead carp Devario shortnose sucker platy: smalleye squaretail zebra turkeyfish yellowfin grouper?<\/p>"},"elements":[],"isInner":false,"widgetType":"text-editor","elType":"widget"}],"isInner":true,"elType":"column"}],"isInner":true,"elType":"section"}],"isInner":false,"elType":"column"}],"isInner":false,"elType":"section"},{"id":"34c7590f","settings":{"margin":{"unit":"px","top":"","right":0,"bottom":"","left":0,"isLinked":true}},"elements":[{"id":"71e56629","settings":{"_column_size":100,"_inline_size":null},"elements":[{"id":"7db27b49","settings":{"editor":"<p>Flier bighead carp devario shortnose sucker platy smalleye squaretail zebra. Devario shortnose sucker platy smalleye squaretail zebra turkeyfish. Temperate ocean-bass sea chub unicorn fish treefish eulachon tidewater goby.<br \/>Temperate ocean-bass sea chub unicorn fish treefish eulachon tidewater goby. Flier, bighead carp Devario shortnose sucker platy: smalleye squaretail zebra turkeyfish yellowfin grouper. Ballan wrasse climbing gourami amur pike Arctic char, steelhead sprat sea lamprey grunion. Walleye poolfish sand goby butterfly ray stream catfish jewfish, Spanish mackerel<\/p>","typography_typography":"custom","typography_font_size":{"unit":"px","size":20,"sizes":[]},"typography_font_weight":"600","typography_line_height":{"unit":"em","size":1.75,"sizes":[]},"typography_line_height_widescreen":{"unit":"em","size":"","sizes":[]},"typography_line_height_laptop":{"unit":"em","size":"","sizes":[]},"typography_line_height_tablet_extra":{"unit":"em","size":"","sizes":[]},"typography_line_height_mobile_extra":{"unit":"em","size":"","sizes":[]},"_padding":{"unit":"px","top":"68","right":"86","bottom":"77","left":"68","isLinked":false},"_background_background":"classic","_background_color":"#252045","_background_color_b":"#FFFAE0","_background_gradient_angle":{"unit":"deg","size":98,"sizes":[]},"typography_font_size_mobile_extra":{"unit":"px","size":16,"sizes":[]},"_padding_mobile_extra":{"unit":"px","top":"40","right":"40","bottom":"40","left":"40","isLinked":true},"_padding_mobile":{"unit":"px","top":"20","right":"20","bottom":"20","left":"20","isLinked":true}},"elements":[],"isInner":false,"widgetType":"text-editor","elType":"widget"}],"isInner":false,"elType":"column"}],"isInner":false,"elType":"section"},{"id":"1b5b5fc0","settings":{"margin":{"unit":"px","top":"","right":0,"bottom":"","left":0,"isLinked":true},"layout":"full_width","gap":"no","stretch_section":"section-stretched"},"elements":[{"id":"2f7a9918","settings":{"_column_size":100,"_inline_size":null},"elements":[{"id":"20cbe89c","settings":{"image":{"url":"https:\/\/demo.artureanec.com\/themes\/etherium-dark\/wp-content\/uploads\/2023\/07\/Vector-80.png","id":5592,"size":"","alt":"","source":"library"},"image_size":"full","align":"right","_position":"absolute","_offset_orientation_v":"end","_offset_y":{"unit":"vw","size":-35,"sizes":[]},"_offset_y_widescreen":{"unit":"vh","size":"","sizes":[]},"_offset_y_laptop":{"unit":"vh","size":"","sizes":[]},"_offset_y_tablet_extra":{"unit":"vh","size":"","sizes":[]},"_offset_y_tablet":{"unit":"vh","size":"","sizes":[]},"_offset_y_mobile_extra":{"unit":"vh","size":"","sizes":[]},"_offset_y_mobile":{"unit":"vh","size":"","sizes":[]},"_offset_y_end":{"unit":"vw","size":-35,"sizes":[]},"_offset_y_end_widescreen":{"unit":"vw","size":"","sizes":[]},"_offset_y_end_laptop":{"unit":"vw","size":"","sizes":[]},"_offset_y_end_tablet_extra":{"unit":"vw","size":"","sizes":[]},"_offset_y_end_tablet":{"unit":"vw","size":"","sizes":[]},"_offset_y_end_mobile_extra":{"unit":"vw","size":"","sizes":[]},"_offset_y_end_mobile":{"unit":"vw","size":"","sizes":[]},"_z_index":-1},"elements":[],"isInner":false,"widgetType":"image","elType":"widget"},{"id":"56ff8a31","settings":[],"elements":[{"id":"2ca614ba","settings":{"_column_size":100,"_inline_size":null},"elements":[{"id":"4b1c09ce","settings":{"heading":"<p>Blockquotes<\/p>","subtitle":"This is subheading element"},"elements":[],"isInner":false,"widgetType":"etherium_heading","elType":"widget"}],"isInner":true,"elType":"column"}],"isInner":true,"elType":"section"},{"id":"710b13e0","settings":{"structure":"20","margin":{"unit":"px","top":"45","right":0,"bottom":"0","left":0,"isLinked":false}},"elements":[{"id":"5cbea5d6","settings":{"_column_size":50,"_inline_size":null},"elements":[{"id":"5d9a10d0","settings":{"blockquote_typography_typography":"custom","blockquote_typography_font_style":"italic","blockquote_icon_color":"#796D7D7A","blockquote":"<p>Temperate ocean-bass sea chub unicorn fish treefish eulachon tidewater goby. Flier, bighead carp Devario shortnose sucker platy: smalleye squaretail zebra turkeyfish yellowfin grouper?<\/p>","_padding":{"unit":"%","top":"0","right":"10","bottom":"0","left":"0","isLinked":false},"_padding_widescreen":{"unit":"%","top":"","right":"","bottom":"","left":"","isLinked":true},"_padding_laptop":{"unit":"%","top":"","right":"","bottom":"","left":"","isLinked":true},"_padding_tablet_extra":{"unit":"%","top":"","right":"","bottom":"","left":"","isLinked":true},"_padding_tablet":{"unit":"%","top":"","right":"","bottom":"","left":"","isLinked":true},"_padding_mobile_extra":{"unit":"%","top":"","right":"","bottom":"","left":"","isLinked":true},"_padding_mobile":{"unit":"%","top":"","right":"","bottom":"","left":"","isLinked":true},"blockquote_typography_font_size_widescreen":{"unit":"em","size":"","sizes":[]},"blockquote_typography_font_size_laptop":{"unit":"em","size":"","sizes":[]},"blockquote_typography_font_size_tablet_extra":{"unit":"em","size":"","sizes":[]},"blockquote_typography_font_size_tablet":{"unit":"em","size":"","sizes":[]},"blockquote_typography_font_size_mobile_extra":{"unit":"em","size":"","sizes":[]},"blockquote_typography_font_size_mobile":{"unit":"em","size":"","sizes":[]}},"elements":[],"isInner":false,"widgetType":"etherium_blockquote","elType":"widget"}],"isInner":true,"elType":"column"},{"id":"1e171714","settings":{"_column_size":50,"_inline_size":null},"elements":[{"id":"47e1abc4","settings":{"blockquote_typography_typography":"custom","blockquote_typography_font_style":"italic","blockquote_icon_color":"#796D7D7A","blockquote":"<p>Temperate ocean-bass sea chub unicorn fish treefish eulachon tidewater goby. Flier, bighead carp Devario shortnose sucker platy: smalleye squaretail zebra turkeyfish yellowfin grouper?<\/p>","_padding":{"unit":"%","top":"0","right":"10","bottom":"0","left":"0","isLinked":false},"_padding_widescreen":{"unit":"%","top":"","right":"","bottom":"","left":"","isLinked":true},"_padding_laptop":{"unit":"%","top":"","right":"","bottom":"","left":"","isLinked":true},"_padding_tablet_extra":{"unit":"%","top":"","right":"","bottom":"","left":"","isLinked":true},"_padding_tablet":{"unit":"%","top":"","right":"","bottom":"","left":"","isLinked":true},"_padding_mobile_extra":{"unit":"%","top":"","right":"","bottom":"","left":"","isLinked":true},"_padding_mobile":{"unit":"%","top":"","right":"","bottom":"","left":"","isLinked":true}},"elements":[],"isInner":false,"widgetType":"etherium_blockquote","elType":"widget"}],"isInner":true,"elType":"column"}],"isInner":true,"elType":"section"}],"isInner":false,"elType":"column"}],"isInner":false,"elType":"section"},{"id":"12a70b4b","settings":{"margin":{"unit":"px","top":"","right":0,"bottom":"","left":0,"isLinked":true}},"elements":[{"id":"1f42e01a","settings":{"_column_size":100,"_inline_size":null},"elements":[{"id":"1576a7ac","settings":{"heading":"<p>List Style<\/p>","subtitle":"This is subheading element"},"elements":[],"isInner":false,"widgetType":"etherium_heading","elType":"widget"},{"id":"22c9fe55","settings":{"structure":"40","margin":{"unit":"px","top":"45","right":0,"bottom":"0","left":0,"isLinked":false},"gap":"custom","gap_columns_custom":{"unit":"px","size":25,"sizes":[]},"gap_columns_custom_mobile":{"unit":"px","size":0,"sizes":[]},"gap_columns_custom_tablet":{"unit":"px","size":0,"sizes":[]}},"elements":[{"id":"5933904b","settings":{"_column_size":25,"_inline_size":29.5,"margin":{"unit":"px","top":"-25","right":"-25","bottom":"-25","left":"-25","isLinked":true},"_inline_size_tablet":50,"margin_mobile_extra":{"unit":"px","top":"0","right":"10","bottom":"10","left":"0","isLinked":false},"margin_mobile":{"unit":"px","top":"-10","right":"0","bottom":"10","left":"0","isLinked":false},"padding_mobile":{"unit":"px","top":"0","right":"0","bottom":"0","left":"0","isLinked":true},"margin_tablet":{"unit":"px","top":"0","right":"25","bottom":"25","left":"0","isLinked":false}},"elements":[{"id":"13cd1719","settings":{"icon_list":[{"text":"Grunter beachsalmon angler","selected_icon":{"value":{"url":"https:\/\/demo.artureanec.com\/themes\/etherium-dark\/wp-content\/uploads\/2023\/01\/check_circle_outline.svg","id":644},"library":"svg"},"_id":"05f59ce"},{"text":"Porgy pollyfish slimy sculpin","selected_icon":{"value":{"url":"https:\/\/demo.artureanec.com\/themes\/etherium-dark\/wp-content\/uploads\/2023\/01\/check_circle_outline.svg","id":644},"library":"svg"},"_id":"cdb6367"},{"text":"Sailfish swordfish crocodile","selected_icon":{"value":{"url":"https:\/\/demo.artureanec.com\/themes\/etherium-dark\/wp-content\/uploads\/2023\/01\/check_circle_outline.svg","id":644},"library":"svg"},"_id":"b0c76cf"},{"_id":"f490c54","text":"Icefish sawfish, thorny catfish.","selected_icon":{"value":{"url":"https:\/\/demo.artureanec.com\/themes\/etherium-dark\/wp-content\/uploads\/2023\/01\/check_circle_outline.svg","id":644},"library":"svg"}}],"space_between":{"unit":"px","size":12,"sizes":[]},"icon_color":"#00BD8C","icon_size":{"unit":"px","size":20,"sizes":[]},"text_indent":{"unit":"px","size":10,"sizes":[]},"icon_typography_typography":"custom","icon_typography_font_weight":"400","_padding":{"unit":"px","top":"35","right":"30","bottom":"35","left":"35","isLinked":false},"_box_shadow_box_shadow":{"horizontal":0,"vertical":10,"blur":40,"spread":0,"color":"rgba(168, 201.00000000000009, 224, 0.25)"},"_border_border":"solid","_border_width":{"unit":"px","top":"1","right":"1","bottom":"1","left":"1","isLinked":true},"_border_color":"#38365E"},"elements":[],"isInner":false,"widgetType":"icon-list","elType":"widget"}],"isInner":true,"elType":"column"},{"id":"77dc43ad","settings":{"_column_size":25,"_inline_size":29.5,"margin":{"unit":"px","top":"-25","right":"-25","bottom":"-25","left":"-25","isLinked":true},"_inline_size_tablet":50,"margin_mobile_extra":{"unit":"px","top":"0","right":"0","bottom":"10","left":"10","isLinked":false},"margin_mobile":{"unit":"px","top":"10","right":"0","bottom":"10","left":"0","isLinked":false},"margin_tablet":{"unit":"px","top":"0","right":"0","bottom":"25","left":"25","isLinked":false}},"elements":[{"id":"b2d7fd3","settings":{"icon_list":[{"text":"Grunter beachsalmon angler","selected_icon":{"value":{"url":"https:\/\/demo.artureanec.com\/themes\/etherium-dark\/wp-content\/uploads\/2023\/07\/Path.svg","id":5614},"library":"svg"},"_id":"05f59ce"},{"text":"Porgy pollyfish slimy sculpin","selected_icon":{"value":{"url":"https:\/\/demo.artureanec.com\/themes\/etherium-dark\/wp-content\/uploads\/2023\/07\/Path.svg","id":5614},"library":"svg"},"_id":"cdb6367"},{"text":"Sailfish swordfish crocodile","selected_icon":{"value":{"url":"https:\/\/demo.artureanec.com\/themes\/etherium-dark\/wp-content\/uploads\/2023\/07\/Path.svg","id":5614},"library":"svg"},"_id":"b0c76cf"},{"_id":"f490c54","text":"Icefish sawfish, thorny catfish.","selected_icon":{"value":{"url":"https:\/\/demo.artureanec.com\/themes\/etherium-dark\/wp-content\/uploads\/2023\/07\/Path.svg","id":5614},"library":"svg"}}],"space_between":{"unit":"px","size":12,"sizes":[]},"icon_color":"#00BD8C","icon_size":{"unit":"px","size":10,"sizes":[]},"text_indent":{"unit":"px","size":10,"sizes":[]},"icon_typography_typography":"custom","icon_typography_font_weight":"400","_padding":{"unit":"px","top":"35","right":"30","bottom":"35","left":"35","isLinked":false},"_box_shadow_box_shadow":{"horizontal":0,"vertical":10,"blur":40,"spread":0,"color":"rgba(168, 201.00000000000009, 224, 0.25)"},"_border_border":"solid","_border_width":{"unit":"px","top":"1","right":"1","bottom":"1","left":"1","isLinked":true},"_border_color":"#38365E"},"elements":[],"isInner":false,"widgetType":"icon-list","elType":"widget"}],"isInner":true,"elType":"column"},{"id":"7d2c9586","settings":{"_column_size":25,"_inline_size":29.5,"margin":{"unit":"px","top":"-25","right":"-25","bottom":"-25","left":"-25","isLinked":true},"_inline_size_tablet":50,"margin_tablet":{"unit":"px","top":"25","right":"25","bottom":"0","left":"0","isLinked":false},"margin_mobile_extra":{"unit":"px","top":"10","right":"10","bottom":"0","left":"0","isLinked":false},"margin_mobile":{"unit":"px","top":"10","right":"0","bottom":"0","left":"0","isLinked":false}},"elements":[{"id":"69f6c483","settings":{"editor":"<ol><li>Grunter beachsalmon angler<\/li><li>Porgy pollyfish slimy sculpin<\/li><li>Sailfish swordfish crocodile<\/li><li>Icefish sawfish; thorny catfish.<\/li><\/ol>","_padding":{"unit":"px","top":"35","right":"30","bottom":"35","left":"35","isLinked":false},"_box_shadow_box_shadow":{"horizontal":0,"vertical":10,"blur":40,"spread":0,"color":"rgba(168, 201.00000000000009, 224, 0.25)"},"_border_border":"solid","_border_width":{"unit":"px","top":"1","right":"1","bottom":"1","left":"1","isLinked":true},"_border_color":"#38365E"},"elements":[],"isInner":false,"widgetType":"text-editor","elType":"widget"}],"isInner":true,"elType":"column"},{"id":"5c77e06b","settings":{"_column_size":25,"_inline_size":11.5,"hide_tablet":"hidden-tablet","hide_mobile_extra":"hidden-mobile_extra","hide_mobile":"hidden-mobile"},"elements":[],"isInner":true,"elType":"column"}],"isInner":true,"elType":"section"}],"isInner":false,"elType":"column"}],"isInner":false,"elType":"section"},{"id":"7c9bbb9f","settings":{"structure":"20","padding":{"unit":"px","top":"0","right":"0","bottom":"60","left":"0","isLinked":false}},"elements":[{"id":"2258db3f","settings":{"_column_size":50,"_inline_size":81},"elements":[{"id":"b0672b6","settings":{"heading":"<p>A new place to collect NFT assets<\/p>","subtitle":"This is subheading element","title_typography_typography":"custom","title_typography_font_family":"Michroma","title_typography_font_size":{"unit":"px","size":80,"sizes":[]},"title_typography_font_size_tablet":{"unit":"px","size":50,"sizes":[]},"title_typography_font_size_mobile_extra":{"unit":"px","size":35,"sizes":[]},"title_typography_line_height":{"unit":"em","size":1.1625000000000001,"sizes":[]},"title_typography_line_height_widescreen":{"unit":"em","size":"","sizes":[]},"title_typography_line_height_laptop":{"unit":"em","size":"","sizes":[]},"title_typography_line_height_tablet_extra":{"unit":"em","size":"","sizes":[]},"title_typography_line_height_mobile_extra":{"unit":"em","size":"","sizes":[]}},"elements":[],"isInner":false,"widgetType":"etherium_heading","elType":"widget"}],"isInner":false,"elType":"column"},{"id":"76341d45","settings":{"_column_size":50,"_inline_size":19},"elements":[],"isInner":false,"elType":"column"}],"isInner":false,"elType":"section"}],"settings":{"template":"default"},"metadata":{"theme_color_mode":"default","top_bar_status":"default","top_bar_customize":"default","top_bar_socials_status":"default","top_bar_additional_text_status":"default","top_bar_contacts_email_status":"default","top_bar_contacts_phone_status":"default","top_bar_contacts_address_status":"default","header_status":"default","header_style":"default","header_position":"default","header_customize":"default","sticky_header_status":"default","header_logo_status":"default","header_logo_customize":"default","header_logo_retina":"1","header_logo_mobile_retina":"1","header_callback_status":"default","header_button_status":"default","header_menu_status":"default","header_menu_select":"default","side_panel_status":"default","header_search_status":"default","header_login_status":"default","header_minicart_status":"default","header_wishlist_status":"default","page_title_status":"default","page_title_overlay_status":"default","page_title_customize":"default","page_title_height":"500","page_title_background_position":"default","page_title_background_repeat":"default","page_title_background_size":"default","hide_page_title_background_mobile":"0","hide_page_title_background_tablet":"0","page_title_breadcrumbs_status":"default","page_title_additional_customize":"default","content_top_margin":"default","content_bottom_margin":"on","page_customize":"default","page_background_image_top_status":"default","page_background_image_bottom_status":"default","sidebar_position":"none","page_sidebar_select":"default","footer_status":"default","footer_style":"default","footer_customize":"default","footer_background_position":"default","footer_background_repeat":"default","footer_background_size":"default","footer_sidebar_status":"default","footer_sidebar_select":"default","footer_copyright_status":"default","footer_menu_status":"default","footer_menu_select":"default","footer_additional_menu_status":"default","footer_additional_menu_select":"default","footer_pre_footer_status":"off","footer_pre_footer_button_status":"default"}}