{"content":[{"id":"59cc840c","settings":{"layout":"full_width","gap":"no","stretch_section":"section-stretched"},"elements":[{"id":"312e9ec6","settings":{"_column_size":100,"_inline_size":null},"elements":[{"id":"659026b9","settings":{"image":{"url":"https:\/\/demo.artureanec.com\/themes\/etherium-dark\/wp-content\/uploads\/2023\/04\/Ellipse-13.png","id":3750,"size":"","alt":"","source":"library"},"image_size":"full","align":"left","_position":"absolute","_offset_y":{"unit":"%","size":10,"sizes":[]},"_offset_y_widescreen":{"unit":"%","size":"","sizes":[]},"_offset_y_laptop":{"unit":"%","size":"","sizes":[]},"_offset_y_tablet_extra":{"unit":"%","size":"","sizes":[]},"_offset_y_tablet":{"unit":"%","size":"","sizes":[]},"_offset_y_mobile_extra":{"unit":"%","size":"","sizes":[]},"_offset_y_mobile":{"unit":"%","size":"","sizes":[]},"_z_index":-1},"elements":[],"isInner":false,"widgetType":"image","elType":"widget"},{"id":"1eda53fb","settings":[],"elements":[{"id":"68570316","settings":{"_column_size":100,"_inline_size":null},"elements":[{"id":"7ca4a282","settings":{"subtitle":"This is subheading element","masonry_columns_number":3,"item_spacing":{"unit":"px","size":40,"sizes":[]},"cat_typography_font_size":{"unit":"px","size":47,"sizes":[]},"name_typography_font_size":{"unit":"px","size":25,"sizes":[]},"name_typography_line_height":{"unit":"em","size":1,"sizes":[]},"name_typography_line_height_widescreen":{"unit":"em","size":"","sizes":[]},"name_typography_line_height_laptop":{"unit":"em","size":"","sizes":[]},"name_typography_line_height_tablet_extra":{"unit":"em","size":"","sizes":[]},"name_typography_line_height_mobile_extra":{"unit":"em","size":"","sizes":[]},"grid_columns_number":2,"grid_posts_per_page":6,"filter_by":"cat","categories":["development","digital-arts"],"show_filter":"","show_pagination":""},"elements":[],"isInner":false,"widgetType":"etherium_portfolio_listing","elType":"widget"}],"isInner":true,"elType":"column"}],"isInner":true,"elType":"section"},{"id":"7a48d618","settings":{"image":{"url":"https:\/\/demo.artureanec.com\/themes\/etherium-dark\/wp-content\/uploads\/2023\/07\/Vector-80.png","id":5592,"size":"","alt":"","source":"library"},"image_size":"full","align":"right","_position":"absolute","_offset_orientation_v":"end","_offset_y_end":{"unit":"%","size":-20,"sizes":[]},"_offset_y_end_widescreen":{"unit":"%","size":"","sizes":[]},"_offset_y_end_laptop":{"unit":"%","size":"","sizes":[]},"_offset_y_end_tablet_extra":{"unit":"%","size":"","sizes":[]},"_offset_y_end_tablet":{"unit":"%","size":"","sizes":[]},"_offset_y_end_mobile_extra":{"unit":"%","size":"","sizes":[]},"_offset_y_end_mobile":{"unit":"%","size":"","sizes":[]},"_z_index":-1},"elements":[],"isInner":false,"widgetType":"image","elType":"widget"}],"isInner":false,"elType":"column"}],"isInner":false,"elType":"section"}],"settings":{"template":"default"},"metadata":{"theme_color_mode":"default","top_bar_status":"default","top_bar_customize":"default","top_bar_socials_status":"default","top_bar_additional_text_status":"default","top_bar_contacts_email_status":"default","top_bar_contacts_phone_status":"default","top_bar_contacts_address_status":"default","header_status":"default","header_style":"default","header_position":"default","header_customize":"default","sticky_header_status":"default","header_logo_status":"default","header_logo_customize":"default","header_logo_retina":"1","header_logo_mobile_retina":"1","header_callback_status":"default","header_button_status":"default","header_menu_status":"default","header_menu_select":"default","side_panel_status":"default","header_search_status":"default","header_login_status":"default","header_minicart_status":"default","header_wishlist_status":"default","page_title_status":"default","page_title_overlay_status":"default","page_title_customize":"default","page_title_height":"500","page_title_background_position":"default","page_title_background_repeat":"default","page_title_background_size":"default","hide_page_title_background_mobile":"0","hide_page_title_background_tablet":"0","page_title_breadcrumbs_status":"default","page_title_additional_customize":"default","content_top_margin":"default","content_bottom_margin":"default","page_customize":"default","page_background_image_top_status":"default","page_background_image_bottom_status":"default","sidebar_position":"none","page_sidebar_select":"default","footer_status":"default","footer_style":"default","footer_customize":"default","footer_background_position":"default","footer_background_repeat":"default","footer_background_size":"default","footer_sidebar_status":"default","footer_sidebar_select":"default","footer_copyright_status":"default","footer_menu_status":"default","footer_menu_select":"default","footer_additional_menu_status":"default","footer_additional_menu_select":"default"}}