{"content":[{"id":"3301b142","settings":{"height":"min-height","custom_height":{"unit":"px","size":620,"sizes":[]},"custom_height_mobile_extra":{"unit":"px","size":350,"sizes":[]},"custom_height_tablet":{"unit":"px","size":330,"sizes":[]}},"elements":[{"id":"3a9feeef","settings":{"_column_size":100,"_inline_size":null},"elements":[{"id":"2fa9955d","settings":{"heading":"<p>We're a Results<br \/>Driven Team<\/p>","subtitle":"This is subheading element","title_tag":"h1","title_align":"center","_margin":{"unit":"px","top":"40","right":"0","bottom":"0","left":"0","isLinked":false},"_margin_mobile_extra":{"unit":"px","top":"100","right":"0","bottom":"0","left":"0","isLinked":false},"_margin_mobile":{"unit":"px","top":"40","right":"0","bottom":"0","left":"0","isLinked":false}},"elements":[],"isInner":false,"widgetType":"etherium_heading","elType":"widget"}],"isInner":false,"elType":"column"}],"isInner":false,"elType":"section"},{"id":"660a45d6","settings":{"structure":"20","gap":"wide","margin":{"unit":"px","top":"0","right":0,"bottom":"0","left":0,"isLinked":true},"content_position":"middle"},"elements":[{"id":"2dd94bfc","settings":{"_column_size":50,"_inline_size":null,"_inline_size_tablet":100},"elements":[{"id":"24eec896","settings":{"heading":"<p>We are First and Foremost Everywhere<\/p>","subtitle":"This is subheading element","add_subtitle":""},"elements":[],"isInner":false,"widgetType":"etherium_heading","elType":"widget"},{"id":"651479eb","settings":{"editor":"<p>Reedfish bonefish trahira bristlenose catfish, longnose lancetfish morid. Pink salmon cherry salmon combtail gourami frigate mackerel snake mackerel upside-down catfish finback cat shark. Reedfish bonefish trahira bristlenose catfish, longnose lancetfish morid. Wahoo mora deep sea smelt cat shark.<\/p><p>Flier bighead carp devario shortnose sucker platy smalleye squaretail zebra. Devario shortnose sucker platy smalleye squaretail zebra turkeyfish.<\/p>","_margin":{"unit":"px","top":"34","right":"0","bottom":"0","left":"0","isLinked":false}},"elements":[],"isInner":false,"widgetType":"text-editor","elType":"widget"}],"isInner":false,"elType":"column"},{"id":"4f949702","settings":{"_column_size":50,"_inline_size":null,"_inline_size_tablet":100},"elements":[{"id":"606adfa","settings":{"margin":{"unit":"%","top":"23","right":0,"bottom":"0","left":0,"isLinked":false},"margin_widescreen":{"unit":"%","top":"","right":"","bottom":"","left":"","isLinked":true},"margin_laptop":{"unit":"%","top":"","right":"","bottom":"","left":"","isLinked":true},"margin_tablet_extra":{"unit":"%","top":"","right":"","bottom":"","left":"","isLinked":true},"margin_tablet":{"unit":"%","top":"0","right":0,"bottom":"0","left":0,"isLinked":true},"margin_mobile_extra":{"unit":"%","top":"","right":"","bottom":"","left":"","isLinked":true},"margin_mobile":{"unit":"%","top":"","right":"","bottom":"","left":"","isLinked":true},"padding":{"unit":"%","top":"0","right":"0","bottom":"0","left":"9","isLinked":false},"padding_widescreen":{"unit":"%","top":"","right":"","bottom":"","left":"","isLinked":true},"padding_laptop":{"unit":"%","top":"0","right":"0","bottom":"0","left":"0","isLinked":true},"padding_tablet_extra":{"unit":"%","top":"","right":"","bottom":"","left":"","isLinked":true},"padding_tablet":{"unit":"%","top":"","right":"","bottom":"","left":"","isLinked":true},"padding_mobile_extra":{"unit":"%","top":"","right":"","bottom":"","left":"","isLinked":true},"padding_mobile":{"unit":"%","top":"","right":"","bottom":"","left":"","isLinked":true}},"elements":[{"id":"26e86e96","settings":{"_column_size":100,"_inline_size":null},"elements":[{"id":"b91586e","settings":{"ending_number":23,"suffix":"k","title":"NFT projects","info_align":"","_element_width":"auto","typography_number_typography":"custom","typography_number_line_height":{"unit":"em","size":"","sizes":[]},"typography_number_line_height_widescreen":{"unit":"em","size":"","sizes":[]},"typography_number_line_height_laptop":{"unit":"em","size":"","sizes":[]},"typography_number_line_height_tablet_extra":{"unit":"em","size":"","sizes":[]},"typography_number_line_height_mobile_extra":{"unit":"em","size":"","sizes":[]},"typography_number_letter_spacing":{"unit":"em","size":-0.029999999999999999,"sizes":[]},"typography_number_letter_spacing_widescreen":{"unit":"em","size":"","sizes":[]},"typography_number_letter_spacing_laptop":{"unit":"em","size":"","sizes":[]},"typography_number_letter_spacing_tablet_extra":{"unit":"em","size":"","sizes":[]},"typography_number_letter_spacing_tablet":{"unit":"em","size":"","sizes":[]},"typography_number_letter_spacing_mobile_extra":{"unit":"em","size":"","sizes":[]},"typography_number_letter_spacing_mobile":{"unit":"em","size":"","sizes":[]},"space_before_title":{"unit":"px","size":20,"sizes":[]}},"elements":[],"isInner":false,"widgetType":"counter","elType":"widget"},{"id":"3452bd5b","settings":{"ending_number":5,"suffix":"k","title":"Creators","info_align":"","_margin":{"unit":"px","top":"0","right":"0","bottom":"0","left":"70","isLinked":false},"_element_width":"auto","_margin_tablet_extra":{"unit":"px","top":"0","right":"15","bottom":"0","left":"15","isLinked":false},"typography_number_typography":"custom","typography_number_line_height":{"unit":"em","size":"","sizes":[]},"typography_number_line_height_widescreen":{"unit":"em","size":"","sizes":[]},"typography_number_line_height_laptop":{"unit":"em","size":"","sizes":[]},"typography_number_line_height_tablet_extra":{"unit":"em","size":"","sizes":[]},"typography_number_line_height_mobile_extra":{"unit":"em","size":"","sizes":[]},"typography_number_letter_spacing":{"unit":"em","size":-0.029999999999999999,"sizes":[]},"typography_number_letter_spacing_widescreen":{"unit":"em","size":"","sizes":[]},"typography_number_letter_spacing_laptop":{"unit":"em","size":"","sizes":[]},"typography_number_letter_spacing_tablet_extra":{"unit":"em","size":"","sizes":[]},"typography_number_letter_spacing_tablet":{"unit":"em","size":"","sizes":[]},"typography_number_letter_spacing_mobile_extra":{"unit":"em","size":"","sizes":[]},"typography_number_letter_spacing_mobile":{"unit":"em","size":"","sizes":[]},"space_before_title":{"unit":"px","size":20,"sizes":[]}},"elements":[],"isInner":false,"widgetType":"counter","elType":"widget"},{"id":"660c26a1","settings":{"suffix":"+","title":"Collections","info_align":"","_margin":{"unit":"px","top":"0","right":"0","bottom":"0","left":"70","isLinked":false},"_element_width":"auto","_margin_tablet_extra":{"unit":"px","top":"0","right":"0","bottom":"0","left":"0","isLinked":true},"typography_number_typography":"custom","typography_number_line_height":{"unit":"em","size":"","sizes":[]},"typography_number_line_height_widescreen":{"unit":"em","size":"","sizes":[]},"typography_number_line_height_laptop":{"unit":"em","size":"","sizes":[]},"typography_number_line_height_tablet_extra":{"unit":"em","size":"","sizes":[]},"typography_number_line_height_mobile_extra":{"unit":"em","size":"","sizes":[]},"typography_number_letter_spacing":{"unit":"em","size":-0.029999999999999999,"sizes":[]},"typography_number_letter_spacing_widescreen":{"unit":"em","size":"","sizes":[]},"typography_number_letter_spacing_laptop":{"unit":"em","size":"","sizes":[]},"typography_number_letter_spacing_tablet_extra":{"unit":"em","size":"","sizes":[]},"typography_number_letter_spacing_tablet":{"unit":"em","size":"","sizes":[]},"typography_number_letter_spacing_mobile_extra":{"unit":"em","size":"","sizes":[]},"typography_number_letter_spacing_mobile":{"unit":"em","size":"","sizes":[]},"space_before_title":{"unit":"px","size":20,"sizes":[]}},"elements":[],"isInner":false,"widgetType":"counter","elType":"widget"}],"isInner":true,"elType":"column"}],"isInner":true,"elType":"section"}],"isInner":false,"elType":"column"}],"isInner":false,"elType":"section"},{"id":"2f7974ae","settings":{"margin":{"unit":"px","top":"95","right":0,"bottom":"0","left":0,"isLinked":false}},"elements":[{"id":"115589ca","settings":{"_column_size":100,"_inline_size":null},"elements":[{"id":"37ffda6f","settings":{"subtitle":"This is subheading element","carousel_items":[{"_id":"a78ae04","image":{"url":"https:\/\/demo.artureanec.com\/themes\/etherium-dark\/wp-content\/uploads\/2023\/04\/partners-white-1.png","id":3297,"size":"","alt":"","source":"library"}},{"image":{"url":"https:\/\/demo.artureanec.com\/themes\/etherium-dark\/wp-content\/uploads\/2023\/04\/partners-white-2.png","id":3298,"size":"","alt":"","source":"library"},"_id":"5c901ea"},{"image":{"url":"https:\/\/demo.artureanec.com\/themes\/etherium-dark\/wp-content\/uploads\/2023\/04\/partners-white-3.png","id":3299,"size":"","alt":"","source":"library"},"_id":"bbcc215"},{"image":{"url":"https:\/\/demo.artureanec.com\/themes\/etherium-dark\/wp-content\/uploads\/2023\/04\/partners-white-4.png","id":3300,"size":"","alt":"","source":"library"},"_id":"d896c7d"},{"image":{"url":"https:\/\/demo.artureanec.com\/themes\/etherium-dark\/wp-content\/uploads\/2023\/04\/partners-white-5.png","id":3301,"size":"","alt":"","source":"library"},"_id":"e7e9e4f"},{"image":{"url":"https:\/\/demo.artureanec.com\/themes\/etherium-dark\/wp-content\/uploads\/2023\/04\/partners-white-6.png","id":3302,"size":"","alt":"","source":"library"},"_id":"0080fb5"}],"items":6,"autoplay":"","item_spacing":{"unit":"px","size":40,"sizes":[]},"item_align":"center","opacity":{"unit":"px","size":0.29999999999999999,"sizes":[]},"opacity_hover":{"unit":"px","size":1,"sizes":[]},"background_hover_transition":{"unit":"px","size":0.29999999999999999,"sizes":[]}},"elements":[],"isInner":false,"widgetType":"etherium_image_carousel","elType":"widget"}],"isInner":false,"elType":"column"}],"isInner":false,"elType":"section"},{"id":"5bcdb0fb","settings":{"layout":"full_width","gap":"no","stretch_section":"section-stretched"},"elements":[{"id":"7877b0c1","settings":{"_column_size":100,"_inline_size":null},"elements":[{"id":"6a4ac7fb","settings":{"image":{"url":"https:\/\/demo.artureanec.com\/themes\/etherium-dark\/wp-content\/uploads\/2023\/04\/Ellipse-13.png","id":3750,"size":"","alt":"","source":"library"},"image_size":"full","align":"left","_position":"absolute","_offset_orientation_v":"end","_offset_y_end":{"unit":"%","size":20,"sizes":[]},"_offset_y_end_widescreen":{"unit":"%","size":"","sizes":[]},"_offset_y_end_laptop":{"unit":"%","size":"","sizes":[]},"_offset_y_end_tablet_extra":{"unit":"%","size":"","sizes":[]},"_offset_y_end_tablet":{"unit":"%","size":"","sizes":[]},"_offset_y_end_mobile_extra":{"unit":"%","size":"","sizes":[]},"_offset_y_end_mobile":{"unit":"%","size":"","sizes":[]},"_z_index":-1},"elements":[],"isInner":false,"widgetType":"image","elType":"widget"},{"id":"6f1dff4","settings":{"gap":"wide","structure":"30","hide_tablet":"hidden-tablet","hide_mobile_extra":"hidden-mobile_extra","hide_mobile":"hidden-mobile"},"elements":[{"id":"e9d4ce8","settings":{"_column_size":33,"_inline_size":null,"_inline_size_tablet":50},"elements":[{"id":"fd1961e","settings":{"socials":[{"_id":"fb6e6ac","social_icon":{"value":"fab fa-linkedin-in","library":"fa-brands"},"social_link":{"url":"#","is_external":"true","nofollow":"","custom_attributes":""}}],"person_name":"Louis Baker","person_position":"CEO & Lead Blockchain","person_phone":"+1 800 612 6 73","social_area_box_shadow":{"horizontal":7,"vertical":7,"blur":10,"spread":0,"color":"rgba(0, 0, 0, 0.89)"},"position_color":"#A197CF","image":{"url":"https:\/\/demo.artureanec.com\/themes\/etherium-dark\/wp-content\/uploads\/2023\/03\/linkedin-sales-solutions-pAtA8xe_iVM-unsplash.jpg","id":1616,"size":"","alt":"","source":"library"}},"elements":[],"isInner":false,"widgetType":"etherium_team_member","elType":"widget"}],"isInner":true,"elType":"column"},{"id":"15d5c2b5","settings":{"_column_size":33,"_inline_size":null,"_inline_size_tablet":50},"elements":[{"id":"76dbe825","settings":{"socials":[{"_id":"fb6e6ac","social_icon":{"value":"fab fa-linkedin-in","library":"fa-brands"},"social_link":{"url":"#","is_external":"true","nofollow":"","custom_attributes":""}}],"person_name":"Louis Baker","person_position":"CEO & Lead Blockchain","person_phone":"+1 800 612 6 73","social_area_box_shadow":{"horizontal":7,"vertical":7,"blur":10,"spread":0,"color":"rgba(0, 0, 0, 0.89)"},"position_color":"#A197CF","image":{"url":"https:\/\/demo.artureanec.com\/themes\/etherium-dark\/wp-content\/uploads\/2023\/03\/christina-wocintechchat-com-SJvDxw0azqw-unsplash.jpg","id":1630,"size":"","alt":"","source":"library"}},"elements":[],"isInner":false,"widgetType":"etherium_team_member","elType":"widget"}],"isInner":true,"elType":"column"},{"id":"74b2380","settings":{"_column_size":33,"_inline_size":null,"_inline_size_tablet":50},"elements":[{"id":"59956960","settings":{"socials":[{"_id":"fb6e6ac","social_icon":{"value":"fab fa-linkedin-in","library":"fa-brands"},"social_link":{"url":"#","is_external":"true","nofollow":"","custom_attributes":""}}],"person_name":"Lisa Summer","person_position":"Sr.Backend developer","person_phone":"+1 800 612 6 73","social_area_box_shadow":{"horizontal":7,"vertical":7,"blur":10,"spread":0,"color":"rgba(0, 0, 0, 0.89)"},"position_color":"#A197CF","image":{"url":"https:\/\/demo.artureanec.com\/themes\/etherium-dark\/wp-content\/uploads\/2023\/03\/team-member-3.jpg","id":1634,"size":"","alt":"","source":"library"}},"elements":[],"isInner":false,"widgetType":"etherium_team_member","elType":"widget"}],"isInner":true,"elType":"column"}],"isInner":true,"elType":"section"},{"id":"4d44ca76","settings":{"gap":"wide","structure":"40","margin_tablet":{"unit":"px","top":"0","right":0,"bottom":"0","left":0,"isLinked":true},"hide_widescreen":"hidden-widescreen","hide_desktop":"hidden-desktop","hide_laptop":"hidden-laptop","hide_tablet_extra":"hidden-tablet_extra"},"elements":[{"id":"48bbfdfe","settings":{"_column_size":25,"_inline_size":null,"_inline_size_tablet":50},"elements":[{"id":"ecc5e03","settings":{"socials":[{"_id":"fb6e6ac","social_icon":{"value":"fab fa-linkedin-in","library":"fa-brands"},"social_link":{"url":"#","is_external":"true","nofollow":"","custom_attributes":""}}],"person_name":"Louis Baker","person_position":"CEO & Lead Blockchain","person_phone":"+1 800 612 6 73","social_area_box_shadow":{"horizontal":7,"vertical":7,"blur":10,"spread":0,"color":"rgba(0, 0, 0, 0.89)"},"position_color":"#A197CF","image":{"url":"https:\/\/demo.artureanec.com\/themes\/etherium-dark\/wp-content\/uploads\/2023\/03\/linkedin-sales-solutions-pAtA8xe_iVM-unsplash.jpg","id":1616,"size":"","alt":"","source":"library"}},"elements":[],"isInner":false,"widgetType":"etherium_team_member","elType":"widget"}],"isInner":true,"elType":"column"},{"id":"83b80d5","settings":{"_column_size":25,"_inline_size":null,"_inline_size_tablet":50},"elements":[{"id":"7e433cf","settings":{"socials":[{"_id":"fb6e6ac","social_icon":{"value":"fab fa-linkedin-in","library":"fa-brands"},"social_link":{"url":"#","is_external":"true","nofollow":"","custom_attributes":""}}],"person_name":"Louis Baker","person_position":"CEO & Lead Blockchain","person_phone":"+1 800 612 6 73","social_area_box_shadow":{"horizontal":7,"vertical":7,"blur":10,"spread":0,"color":"rgba(0, 0, 0, 0.89)"},"position_color":"#A197CF","image":{"url":"https:\/\/demo.artureanec.com\/themes\/etherium-dark\/wp-content\/uploads\/2023\/03\/christina-wocintechchat-com-SJvDxw0azqw-unsplash.jpg","id":1630,"size":"","alt":"","source":"library"}},"elements":[],"isInner":false,"widgetType":"etherium_team_member","elType":"widget"}],"isInner":true,"elType":"column"},{"id":"61039f5a","settings":{"_column_size":25,"_inline_size":null,"_inline_size_tablet":50},"elements":[{"id":"22cc1186","settings":{"socials":[{"_id":"fb6e6ac","social_icon":{"value":"fab fa-linkedin-in","library":"fa-brands"},"social_link":{"url":"#","is_external":"true","nofollow":"","custom_attributes":""}}],"person_name":"Lisa Summer","person_position":"Sr.Backend developer","person_phone":"+1 800 612 6 73","social_area_box_shadow":{"horizontal":7,"vertical":7,"blur":10,"spread":0,"color":"rgba(0, 0, 0, 0.89)"},"position_color":"#A197CF","image":{"url":"https:\/\/demo.artureanec.com\/themes\/etherium-dark\/wp-content\/uploads\/2023\/03\/team-member-3.jpg","id":1634,"size":"","alt":"","source":"library"}},"elements":[],"isInner":false,"widgetType":"etherium_team_member","elType":"widget"}],"isInner":true,"elType":"column"},{"id":"608c1e38","settings":{"_column_size":25,"_inline_size":null,"_inline_size_tablet":50},"elements":[{"id":"ecd20d7","settings":{"socials":[{"_id":"fb6e6ac","social_icon":{"value":"fab fa-linkedin-in","library":"fa-brands"},"social_link":{"url":"#","is_external":"true","nofollow":"","custom_attributes":""}}],"person_name":"Joseph Jordan","person_position":"Software Engineer","person_phone":"+1 800 612 6 73","social_area_box_shadow":{"horizontal":7,"vertical":7,"blur":10,"spread":0,"color":"rgba(0, 0, 0, 0.89)"},"position_color":"#A197CF","image":{"url":"https:\/\/demo.artureanec.com\/themes\/etherium-dark\/wp-content\/uploads\/2023\/03\/team-member-4.jpg","id":1644,"size":"","alt":"","source":"library"}},"elements":[],"isInner":false,"widgetType":"etherium_team_member","elType":"widget"}],"isInner":true,"elType":"column"}],"isInner":true,"elType":"section"},{"id":"4e49c3d1","settings":{"gap":"wide","structure":"30","margin":{"unit":"px","top":"40","right":0,"bottom":"0","left":0,"isLinked":false},"margin_tablet":{"unit":"px","top":"","right":0,"bottom":"","left":0,"isLinked":true}},"elements":[{"id":"710f132b","settings":{"_column_size":33,"_inline_size":null,"_inline_size_tablet":50,"hide_tablet":"hidden-tablet","hide_mobile_extra":"hidden-mobile_extra","hide_mobile":"hidden-mobile"},"elements":[{"id":"5c3ea21d","settings":{"socials":[{"_id":"fb6e6ac","social_icon":{"value":"fab fa-linkedin-in","library":"fa-brands"},"social_link":{"url":"#","is_external":"true","nofollow":"","custom_attributes":""}}],"person_name":"Joseph Jordan","person_position":"Software Engineer","person_phone":"+1 800 612 6 73","social_area_box_shadow":{"horizontal":7,"vertical":7,"blur":10,"spread":0,"color":"rgba(0, 0, 0, 0.89)"},"position_color":"#A197CF","image":{"url":"https:\/\/demo.artureanec.com\/themes\/etherium-dark\/wp-content\/uploads\/2023\/03\/team-member-4.jpg","id":1644,"size":"","alt":"","source":"library"}},"elements":[],"isInner":false,"widgetType":"etherium_team_member","elType":"widget"}],"isInner":true,"elType":"column"},{"id":"b379dd6","settings":{"_column_size":33,"_inline_size":null,"_inline_size_tablet":50},"elements":[{"id":"4dc3f992","settings":{"socials":[{"_id":"fb6e6ac","social_icon":{"value":"fab fa-linkedin-in","library":"fa-brands"},"social_link":{"url":"#","is_external":"true","nofollow":"","custom_attributes":""}}],"person_name":"Joseph Jordan","person_position":"Software Engineer","person_phone":"+1 800 612 6 73","social_area_box_shadow":{"horizontal":7,"vertical":7,"blur":10,"spread":0,"color":"rgba(0, 0, 0, 0.89)"},"position_color":"#A197CF","image":{"url":"https:\/\/demo.artureanec.com\/themes\/etherium-dark\/wp-content\/uploads\/2023\/03\/team-member-5.jpg","id":1648,"size":"","alt":"","source":"library"}},"elements":[],"isInner":false,"widgetType":"etherium_team_member","elType":"widget"}],"isInner":true,"elType":"column"},{"id":"25fbd7b0","settings":{"_column_size":33,"_inline_size":null,"_inline_size_tablet":50},"elements":[{"id":"794bb97d","settings":{"socials":[{"_id":"fb6e6ac","social_icon":{"value":"fab fa-linkedin-in","library":"fa-brands"},"social_link":{"url":"#","is_external":"true","nofollow":"","custom_attributes":""}}],"person_name":"Amanda Sims","person_position":"CEO Consultum","person_phone":"+1 800 612 6 73","social_area_box_shadow":{"horizontal":7,"vertical":7,"blur":10,"spread":0,"color":"rgba(0, 0, 0, 0.89)"},"position_color":"#A197CF","image":{"url":"https:\/\/demo.artureanec.com\/themes\/etherium-dark\/wp-content\/uploads\/2023\/03\/team-member-6.jpg","id":1652,"size":"","alt":"","source":"library"}},"elements":[],"isInner":false,"widgetType":"etherium_team_member","elType":"widget"}],"isInner":true,"elType":"column"}],"isInner":true,"elType":"section"},{"id":"1d63e01e","settings":{"image":{"url":"https:\/\/demo.artureanec.com\/themes\/etherium-dark\/wp-content\/uploads\/2023\/07\/Vector-80.png","id":5592,"size":"","alt":"","source":"library"},"image_size":"full","align":"right","_position":"absolute","_offset_orientation_h":"end","_offset_y":{"unit":"%","size":20,"sizes":[]},"_offset_y_widescreen":{"unit":"%","size":"","sizes":[]},"_offset_y_laptop":{"unit":"%","size":"","sizes":[]},"_offset_y_tablet_extra":{"unit":"%","size":"","sizes":[]},"_offset_y_tablet":{"unit":"%","size":"","sizes":[]},"_offset_y_mobile_extra":{"unit":"%","size":"","sizes":[]},"_offset_y_mobile":{"unit":"%","size":"","sizes":[]},"_offset_y_end":{"unit":"%","size":-45,"sizes":[]},"_offset_y_end_widescreen":{"unit":"%","size":"","sizes":[]},"_offset_y_end_laptop":{"unit":"%","size":"","sizes":[]},"_offset_y_end_tablet_extra":{"unit":"%","size":"","sizes":[]},"_offset_y_end_tablet":{"unit":"%","size":"","sizes":[]},"_offset_y_end_mobile_extra":{"unit":"%","size":"","sizes":[]},"_offset_y_end_mobile":{"unit":"%","size":"","sizes":[]},"_z_index":-1},"elements":[],"isInner":false,"widgetType":"image","elType":"widget"}],"isInner":false,"elType":"column"}],"isInner":false,"elType":"section"},{"id":"160fa69f","settings":{"content_position":"middle","stretch_section":"section-stretched","background_background":"classic","background_image":{"url":"https:\/\/demo.artureanec.com\/themes\/etherium-dark\/wp-content\/uploads\/2023\/09\/pawel-czerwinski-PvgqqicSLvA-unsplash-1.jpg","id":8439,"size":"","alt":"","source":"library"},"background_repeat":"no-repeat","background_size":"cover","height":"min-height","custom_height":{"unit":"px","size":739,"sizes":[]},"column_position":"stretch","structure":"20","background_hover_transition":{"unit":"px","size":0,"sizes":[]},"use_parallax":"yes","custom_height_mobile_extra":{"unit":"px","size":650,"sizes":[]}},"elements":[{"id":"187fa463","settings":{"_column_size":50,"_inline_size":null,"_inline_size_mobile_extra":66},"elements":[{"id":"1e69f75c","settings":{"heading":"<p>We Connect Your Business With Your Target<\/p>","subtitle":"This is subheading element","title_typography_typography":"custom","title_typography_line_height":{"unit":"em","size":1.3333299999999999,"sizes":[]},"title_typography_line_height_widescreen":{"unit":"em","size":"","sizes":[]},"title_typography_line_height_laptop":{"unit":"em","size":"","sizes":[]},"title_typography_line_height_tablet_extra":{"unit":"em","size":"","sizes":[]},"title_typography_line_height_mobile_extra":{"unit":"em","size":"","sizes":[]},"title_color":"#FFFFFF","_margin":{"unit":"px","top":"0","right":"0","bottom":"30","left":"0","isLinked":false},"_margin_laptop":{"unit":"%","top":"0","right":"0","bottom":"0","left":"0","isLinked":true},"_margin_tablet_extra":{"unit":"%","top":"","right":"","bottom":"","left":"","isLinked":true},"_margin_tablet":{"unit":"%","top":"","right":"","bottom":"","left":"","isLinked":true},"_margin_mobile_extra":{"unit":"%","top":"","right":"","bottom":"","left":"","isLinked":true},"_margin_mobile":{"unit":"%","top":"","right":"","bottom":"","left":"","isLinked":true},"title_typography_font_size_tablet_extra":{"unit":"px","size":60,"sizes":[]},"title_typography_font_size_tablet":{"unit":"px","size":40,"sizes":[]}},"elements":[],"isInner":false,"widgetType":"etherium_heading","elType":"widget"},{"id":"6e79a7a4","settings":{"button_text":"Read more","button_link":{"url":"#","is_external":"true","nofollow":"","custom_attributes":""},"button_typography_typography":"custom","button_typography_font_size":{"unit":"px","size":12,"sizes":[]},"button_typography_line_height":{"unit":"px","size":27,"sizes":[]},"button_box_shadow_box_shadow":{"horizontal":0,"vertical":0,"blur":10,"spread":0,"color":"rgba(0, 0, 0, 0.18)"},"button_radius":{"unit":"%","top":"50","right":"50","bottom":"50","left":"50","isLinked":true},"button_padding":{"unit":"px","top":"85","right":"64","bottom":"85","left":"64","isLinked":false},"button_align":"left","_position":"absolute","_offset_orientation_v":"end","_offset_y_end":{"unit":"px","size":0,"sizes":[]},"_transform_translate_popover":"transform","_transform_translateY_effect":{"unit":"%","size":47,"sizes":[]},"_transform_translateY_effect_laptop":{"unit":"%","size":"","sizes":[]},"_transform_translateY_effect_tablet_extra":{"unit":"%","size":"","sizes":[]},"_transform_translateY_effect_tablet":{"unit":"%","size":"","sizes":[]},"_transform_translateY_effect_mobile_extra":{"unit":"%","size":"","sizes":[]},"_transform_translateY_effect_mobile":{"unit":"%","size":"","sizes":[]},"button_typography_font_weight":"600","button_typography_text_transform":"uppercase"},"elements":[],"isInner":false,"widgetType":"etherium_button","elType":"widget"}],"isInner":false,"elType":"column"},{"id":"4091def7","settings":{"_column_size":50,"_inline_size":null,"hide_mobile_extra":"hidden-mobile_extra","hide_mobile":"hidden-mobile"},"elements":[],"isInner":false,"elType":"column"}],"isInner":false,"elType":"section"},{"id":"435774d2","settings":{"structure":"20","padding":{"unit":"px","top":"0","right":"0","bottom":"60","left":"0","isLinked":false},"margin":{"unit":"px","top":"170","right":0,"bottom":"0","left":0,"isLinked":false},"margin_tablet_extra":{"unit":"px","top":"120","right":0,"bottom":"0","left":0,"isLinked":false},"margin_mobile_extra":{"unit":"px","top":"140","right":0,"bottom":"0","left":0,"isLinked":false}},"elements":[{"id":"a9cd36c","settings":{"_column_size":50,"_inline_size":81},"elements":[{"id":"19dc63bc","settings":{"heading":"<p>A new place to collect NFT assets<\/p>","subtitle":"This is subheading element","title_typography_typography":"custom","title_typography_font_family":"Michroma","title_typography_font_size":{"unit":"px","size":80,"sizes":[]},"title_typography_font_size_tablet":{"unit":"px","size":50,"sizes":[]},"title_typography_font_size_mobile_extra":{"unit":"px","size":35,"sizes":[]},"title_typography_line_height":{"unit":"em","size":1.1625000000000001,"sizes":[]},"title_typography_line_height_widescreen":{"unit":"em","size":"","sizes":[]},"title_typography_line_height_laptop":{"unit":"em","size":"","sizes":[]},"title_typography_line_height_tablet_extra":{"unit":"em","size":"","sizes":[]},"title_typography_line_height_mobile_extra":{"unit":"em","size":"","sizes":[]}},"elements":[],"isInner":false,"widgetType":"etherium_heading","elType":"widget"}],"isInner":false,"elType":"column"},{"id":"25312302","settings":{"_column_size":50,"_inline_size":19},"elements":[],"isInner":false,"elType":"column"}],"isInner":false,"elType":"section"}],"settings":{"template":"default"},"metadata":{"theme_color_mode":"default","top_bar_status":"default","top_bar_customize":"default","top_bar_socials_status":"default","top_bar_additional_text_status":"default","top_bar_contacts_email_status":"default","top_bar_contacts_phone_status":"default","top_bar_contacts_address_status":"default","header_status":"default","header_style":"default","header_position":"default","header_customize":"default","sticky_header_status":"default","header_logo_status":"default","header_logo_customize":"default","header_logo_retina":"1","header_logo_mobile_retina":"1","header_callback_status":"default","header_button_status":"default","header_menu_status":"default","header_menu_select":"default","side_panel_status":"default","header_search_status":"default","header_login_status":"default","header_minicart_status":"default","header_wishlist_status":"default","page_title_status":"off","page_title_overlay_status":"default","page_title_customize":"default","page_title_height":"500","page_title_background_position":"default","page_title_background_repeat":"default","page_title_background_size":"default","hide_page_title_background_mobile":"0","hide_page_title_background_tablet":"0","page_title_breadcrumbs_status":"default","page_title_additional_customize":"default","content_top_margin":"default","content_bottom_margin":"on","page_customize":"default","page_background_image_top_status":"default","page_background_image_bottom_status":"default","sidebar_position":"none","page_sidebar_select":"default","footer_status":"default","footer_style":"default","footer_customize":"default","footer_background_position":"default","footer_background_repeat":"default","footer_background_size":"default","footer_sidebar_status":"default","footer_sidebar_select":"default","footer_copyright_status":"default","footer_menu_status":"default","footer_menu_select":"default","footer_additional_menu_status":"default","footer_additional_menu_select":"default","footer_pre_footer_status":"off","footer_pre_footer_button_status":"default"}}