{"content":[{"id":"41d2ff6b","settings":{"height":"min-height","custom_height":{"unit":"px","size":558,"sizes":[]},"custom_height_mobile_extra":{"unit":"px","size":250,"sizes":[]},"custom_height_tablet":{"unit":"px","size":330,"sizes":[]}},"elements":[{"id":"1d06cbbd","settings":{"_column_size":100,"_inline_size":null},"elements":[{"id":"2e0a7697","settings":{"heading":"<p><span style=\"text-decoration: underline;\">About Us<\/span><\/p>","subtitle":"This is subheading element","title_tag":"h1","title_align":"center","_margin":{"unit":"%","top":"11","right":"0","bottom":"0","left":"0","isLinked":false},"_margin_mobile_extra":{"unit":"px","top":"100","right":"0","bottom":"0","left":"0","isLinked":false},"_margin_mobile":{"unit":"px","top":"40","right":"0","bottom":"0","left":"0","isLinked":false},"_margin_widescreen":{"unit":"%","top":"","right":"","bottom":"","left":"","isLinked":true},"_margin_laptop":{"unit":"%","top":"","right":"","bottom":"","left":"","isLinked":true},"_margin_tablet_extra":{"unit":"%","top":"","right":"","bottom":"","left":"","isLinked":true},"_margin_tablet":{"unit":"%","top":"","right":"","bottom":"","left":"","isLinked":true},"_padding":{"unit":"em","top":"0","right":"0","bottom":"1","left":"0","isLinked":false},"_padding_widescreen":{"unit":"em","top":"","right":"","bottom":"","left":"","isLinked":true},"_padding_laptop":{"unit":"em","top":"","right":"","bottom":"","left":"","isLinked":true},"_padding_tablet_extra":{"unit":"em","top":"","right":"","bottom":"","left":"","isLinked":true},"_padding_tablet":{"unit":"em","top":"","right":"","bottom":"","left":"","isLinked":true},"_padding_mobile_extra":{"unit":"em","top":"","right":"","bottom":"","left":"","isLinked":true},"_padding_mobile":{"unit":"em","top":"","right":"","bottom":"","left":"","isLinked":true},"_background_image":{"url":"","id":"","size":"","alt":"","source":"library"},"_background_position":"initial","_background_xpos":{"unit":"%","size":50,"sizes":[]},"_background_xpos_widescreen":{"unit":"%","size":"","sizes":[]},"_background_xpos_laptop":{"unit":"%","size":"","sizes":[]},"_background_xpos_tablet_extra":{"unit":"%","size":"","sizes":[]},"_background_xpos_tablet":{"unit":"%","size":50,"sizes":[]},"_background_xpos_mobile_extra":{"unit":"%","size":"","sizes":[]},"_background_xpos_mobile":{"unit":"%","size":50,"sizes":[]},"_background_ypos":{"unit":"em","size":4,"sizes":[]},"_background_ypos_widescreen":{"unit":"em","size":"","sizes":[]},"_background_ypos_laptop":{"unit":"em","size":"","sizes":[]},"_background_ypos_tablet_extra":{"unit":"em","size":"","sizes":[]},"_background_ypos_tablet":{"unit":"em","size":2.7999999999999998,"sizes":[]},"_background_ypos_mobile_extra":{"unit":"em","size":"","sizes":[]},"_background_ypos_mobile":{"unit":"em","size":1.7,"sizes":[]},"_background_repeat":"no-repeat","_background_size":"initial","_background_bg_width":{"unit":"px","size":215,"sizes":[]},"_background_bg_width_mobile":{"unit":"px","size":100,"sizes":[]},"add_underline_bg_image":"show","heading_underline_image_background":"classic","heading_underline_image_image":{"url":"https:\/\/demo.artureanec.com\/themes\/etherium-dark\/wp-content\/uploads\/2023\/03\/brush-6.png","id":1736,"size":"","alt":"","source":"library"},"heading_underline_image_position":"initial","heading_underline_image_position_tablet":"center center","heading_underline_image_position_mobile":"center center","heading_underline_image_xpos":{"unit":"%","size":46,"sizes":[]},"heading_underline_image_xpos_widescreen":{"unit":"%","size":"","sizes":[]},"heading_underline_image_xpos_laptop":{"unit":"%","size":"","sizes":[]},"heading_underline_image_xpos_tablet_extra":{"unit":"%","size":"","sizes":[]},"heading_underline_image_xpos_tablet":{"unit":"%","size":46,"sizes":[]},"heading_underline_image_xpos_mobile_extra":{"unit":"%","size":"","sizes":[]},"heading_underline_image_xpos_mobile":{"unit":"%","size":46,"sizes":[]},"heading_underline_image_ypos":{"unit":"%","size":55,"sizes":[]},"heading_underline_image_ypos_widescreen":{"unit":"%","size":"","sizes":[]},"heading_underline_image_ypos_laptop":{"unit":"%","size":"","sizes":[]},"heading_underline_image_ypos_tablet_extra":{"unit":"%","size":"","sizes":[]},"heading_underline_image_ypos_tablet":{"unit":"%","size":55,"sizes":[]},"heading_underline_image_ypos_mobile_extra":{"unit":"%","size":"","sizes":[]},"heading_underline_image_ypos_mobile":{"unit":"%","size":55,"sizes":[]},"heading_underline_image_size":"initial","heading_underline_image_bg_width":{"unit":"px","size":215,"sizes":[]},"heading_underline_image_bg_width_mobile":{"unit":"px","size":100,"sizes":[]}},"elements":[],"isInner":false,"widgetType":"etherium_heading","elType":"widget"}],"isInner":false,"elType":"column"}],"isInner":false,"elType":"section"},{"id":"b2b2f85","settings":{"gap":"wide","content_position":"middle","structure":"20","margin":{"unit":"px","top":"0","right":0,"bottom":"0","left":0,"isLinked":true}},"elements":[{"id":"25e4615e","settings":{"_column_size":50,"_inline_size":null,"_inline_size_mobile_extra":100},"elements":[{"id":"3db4ffad","settings":{"image":{"url":"https:\/\/demo.artureanec.com\/themes\/etherium-dark\/wp-content\/uploads\/2023\/04\/heading_img-1.png","id":2941,"size":"","alt":"","source":"library"},"image_size":"full","_margin":{"unit":"%","top":"0","right":"-11","bottom":"0","left":"-29","isLinked":false},"_margin_widescreen":{"unit":"%","top":"","right":"","bottom":"","left":"","isLinked":true},"_margin_laptop":{"unit":"%","top":"","right":"","bottom":"","left":"","isLinked":true},"_margin_tablet_extra":{"unit":"%","top":"","right":"","bottom":"","left":"","isLinked":true},"_margin_tablet":{"unit":"%","top":"0","right":"0","bottom":"0","left":"0","isLinked":false},"_margin_mobile_extra":{"unit":"%","top":"","right":"","bottom":"","left":"","isLinked":true},"_margin_mobile":{"unit":"%","top":"","right":"","bottom":"","left":"","isLinked":true},"space":{"unit":"px","size":"","sizes":[]},"space_tablet":{"unit":"px","size":"","sizes":[]},"space_mobile":{"unit":"px","size":"","sizes":[]}},"elements":[],"isInner":false,"widgetType":"image","elType":"widget"}],"isInner":false,"elType":"column"},{"id":"7e7d48b7","settings":{"_column_size":50,"_inline_size":null,"_inline_size_mobile_extra":100},"elements":[{"id":"1954c063","settings":{"heading":"<p>List your NFTs <br \/>on Etherium<\/p>","subtitle":"This is subheading element","_margin":{"unit":"%","top":"-15","right":"0","bottom":"0","left":"0","isLinked":false},"_margin_widescreen":{"unit":"%","top":"","right":"","bottom":"","left":"","isLinked":true},"_margin_laptop":{"unit":"%","top":"0","right":"0","bottom":"0","left":"0","isLinked":true},"_margin_tablet_extra":{"unit":"%","top":"","right":"","bottom":"","left":"","isLinked":true},"_margin_tablet":{"unit":"%","top":"","right":"","bottom":"","left":"","isLinked":true},"_margin_mobile_extra":{"unit":"%","top":"","right":"","bottom":"","left":"","isLinked":true},"_margin_mobile":{"unit":"%","top":"","right":"","bottom":"","left":"","isLinked":true}},"elements":[],"isInner":false,"widgetType":"etherium_heading","elType":"widget"},{"id":"1387062a","settings":{"editor":"<p><strong>Flier bighead carp devario shortnose sucker platy smalleye squaretail zebra. Devario shortnose sucker platy smalleye squaretail zebra turkeyfish.<\/strong><\/p><p>Temperate ocean-bass sea chub unicorn fish treefish eulachon tidewater goby. Flier, bighead carp Devario shortnose sucker platy: smalleye squaretail zebra turkeyfish yellowfin grouper?<\/p>","typography_font_weight":"700","_margin":{"unit":"px","top":"39","right":"0","bottom":"0","left":"0","isLinked":false}},"elements":[],"isInner":false,"widgetType":"text-editor","elType":"widget"},{"id":"186e1a81","settings":{"margin":{"unit":"px","top":"50","right":0,"bottom":"0","left":0,"isLinked":false},"padding":{"unit":"%","top":"","right":"","bottom":"","left":"","isLinked":true},"padding_widescreen":{"unit":"%","top":"","right":"","bottom":"","left":"","isLinked":true},"padding_laptop":{"unit":"%","top":"","right":"","bottom":"","left":"","isLinked":true},"padding_tablet_extra":{"unit":"%","top":"","right":"","bottom":"","left":"","isLinked":true},"padding_tablet":{"unit":"%","top":"","right":"","bottom":"","left":"","isLinked":true},"padding_mobile_extra":{"unit":"%","top":"","right":"","bottom":"","left":"","isLinked":true},"padding_mobile":{"unit":"%","top":"","right":"","bottom":"","left":"","isLinked":true}},"elements":[{"id":"20cc5318","settings":{"_column_size":100,"_inline_size":null},"elements":[{"id":"772dee4","settings":{"ending_number":23,"suffix":"k","title":"NFT projects","info_align":"","_element_width":"auto","typography_number_typography":"custom","typography_number_line_height":{"unit":"em","size":"","sizes":[]},"typography_number_line_height_widescreen":{"unit":"em","size":"","sizes":[]},"typography_number_line_height_laptop":{"unit":"em","size":"","sizes":[]},"typography_number_line_height_tablet_extra":{"unit":"em","size":"","sizes":[]},"typography_number_line_height_mobile_extra":{"unit":"em","size":"","sizes":[]},"typography_number_letter_spacing":{"unit":"em","size":-0.029999999999999999,"sizes":[]},"typography_number_letter_spacing_widescreen":{"unit":"em","size":"","sizes":[]},"typography_number_letter_spacing_laptop":{"unit":"em","size":"","sizes":[]},"typography_number_letter_spacing_tablet_extra":{"unit":"em","size":"","sizes":[]},"typography_number_letter_spacing_tablet":{"unit":"em","size":"","sizes":[]},"typography_number_letter_spacing_mobile_extra":{"unit":"em","size":"","sizes":[]},"typography_number_letter_spacing_mobile":{"unit":"em","size":"","sizes":[]},"space_before_title":{"unit":"px","size":20,"sizes":[]},"_margin_tablet_extra":{"unit":"px","top":"0","right":"0","bottom":"15","left":"0","isLinked":false}},"elements":[],"isInner":false,"widgetType":"counter","elType":"widget"},{"id":"4d6710da","settings":{"ending_number":5,"suffix":"k","title":"Creators","info_align":"","_margin":{"unit":"px","top":"0","right":"0","bottom":"0","left":"70","isLinked":false},"_element_width":"auto","_margin_tablet_extra":{"unit":"px","top":"0","right":"15","bottom":"15","left":"15","isLinked":false},"typography_number_typography":"custom","typography_number_line_height":{"unit":"em","size":"","sizes":[]},"typography_number_line_height_widescreen":{"unit":"em","size":"","sizes":[]},"typography_number_line_height_laptop":{"unit":"em","size":"","sizes":[]},"typography_number_line_height_tablet_extra":{"unit":"em","size":"","sizes":[]},"typography_number_line_height_mobile_extra":{"unit":"em","size":"","sizes":[]},"typography_number_letter_spacing":{"unit":"em","size":-0.029999999999999999,"sizes":[]},"typography_number_letter_spacing_widescreen":{"unit":"em","size":"","sizes":[]},"typography_number_letter_spacing_laptop":{"unit":"em","size":"","sizes":[]},"typography_number_letter_spacing_tablet_extra":{"unit":"em","size":"","sizes":[]},"typography_number_letter_spacing_tablet":{"unit":"em","size":"","sizes":[]},"typography_number_letter_spacing_mobile_extra":{"unit":"em","size":"","sizes":[]},"typography_number_letter_spacing_mobile":{"unit":"em","size":"","sizes":[]},"space_before_title":{"unit":"px","size":20,"sizes":[]}},"elements":[],"isInner":false,"widgetType":"counter","elType":"widget"},{"id":"7e863cca","settings":{"suffix":"+","title":"Collections","info_align":"","_margin":{"unit":"px","top":"0","right":"0","bottom":"0","left":"70","isLinked":false},"_element_width":"auto","_margin_tablet_extra":{"unit":"px","top":"0","right":"0","bottom":"0","left":"0","isLinked":true},"typography_number_typography":"custom","typography_number_line_height":{"unit":"em","size":"","sizes":[]},"typography_number_line_height_widescreen":{"unit":"em","size":"","sizes":[]},"typography_number_line_height_laptop":{"unit":"em","size":"","sizes":[]},"typography_number_line_height_tablet_extra":{"unit":"em","size":"","sizes":[]},"typography_number_line_height_mobile_extra":{"unit":"em","size":"","sizes":[]},"typography_number_letter_spacing":{"unit":"em","size":-0.029999999999999999,"sizes":[]},"typography_number_letter_spacing_widescreen":{"unit":"em","size":"","sizes":[]},"typography_number_letter_spacing_laptop":{"unit":"em","size":"","sizes":[]},"typography_number_letter_spacing_tablet_extra":{"unit":"em","size":"","sizes":[]},"typography_number_letter_spacing_tablet":{"unit":"em","size":"","sizes":[]},"typography_number_letter_spacing_mobile_extra":{"unit":"em","size":"","sizes":[]},"typography_number_letter_spacing_mobile":{"unit":"em","size":"","sizes":[]},"space_before_title":{"unit":"px","size":20,"sizes":[]}},"elements":[],"isInner":false,"widgetType":"counter","elType":"widget"}],"isInner":true,"elType":"column"}],"isInner":true,"elType":"section"}],"isInner":false,"elType":"column"}],"isInner":false,"elType":"section"},{"id":"6c4a9090","settings":{"margin":{"unit":"px","top":"35","right":0,"bottom":"0","left":0,"isLinked":false}},"elements":[{"id":"70b6cd2b","settings":{"_column_size":100,"_inline_size":null},"elements":[{"id":"1303985a","settings":{"subtitle":"This is subheading element","carousel_items":[{"_id":"a78ae04","image":{"url":"https:\/\/demo.artureanec.com\/themes\/etherium-dark\/wp-content\/uploads\/2023\/04\/partners-white-1.png","id":3297,"size":"","alt":"","source":"library"}},{"image":{"url":"https:\/\/demo.artureanec.com\/themes\/etherium-dark\/wp-content\/uploads\/2023\/04\/partners-white-2.png","id":3298,"size":"","alt":"","source":"library"},"_id":"5c901ea"},{"image":{"url":"https:\/\/demo.artureanec.com\/themes\/etherium-dark\/wp-content\/uploads\/2023\/04\/partners-white-3.png","id":3299,"size":"","alt":"","source":"library"},"_id":"bbcc215"},{"image":{"url":"https:\/\/demo.artureanec.com\/themes\/etherium-dark\/wp-content\/uploads\/2023\/04\/partners-white-4.png","id":3300,"size":"","alt":"","source":"library"},"_id":"d896c7d"},{"image":{"url":"https:\/\/demo.artureanec.com\/themes\/etherium-dark\/wp-content\/uploads\/2023\/04\/partners-white-5.png","id":3301,"size":"","alt":"","source":"library"},"_id":"e7e9e4f"},{"image":{"url":"https:\/\/demo.artureanec.com\/themes\/etherium-dark\/wp-content\/uploads\/2023\/04\/partners-white-6.png","id":3302,"size":"","alt":"","source":"library"},"_id":"0080fb5"}],"items":6,"autoplay":"","item_spacing":{"unit":"px","size":40,"sizes":[]},"item_align":"center","opacity":{"unit":"px","size":0.29999999999999999,"sizes":[]},"opacity_hover":{"unit":"px","size":1,"sizes":[]},"background_hover_transition":{"unit":"px","size":0.29999999999999999,"sizes":[]}},"elements":[],"isInner":false,"widgetType":"etherium_image_carousel","elType":"widget"}],"isInner":false,"elType":"column"}],"isInner":false,"elType":"section"},{"id":"7d10f723","settings":{"content_position":"middle","stretch_section":"section-stretched","background_background":"classic","background_image":{"url":"https:\/\/demo.artureanec.com\/themes\/etherium-dark\/wp-content\/uploads\/2023\/07\/ezgif.com-gif-maker.jpg","id":5694,"size":"","alt":"","source":"library"},"background_repeat":"no-repeat","background_size":"cover","height":"min-height","custom_height":{"unit":"px","size":701,"sizes":[]},"column_position":"stretch","custom_height_tablet_extra":{"unit":"px","size":500,"sizes":[]}},"elements":[{"id":"15d6d979","settings":{"_column_size":100,"_inline_size":null},"elements":[{"id":"4f36fa6","settings":{"heading":"<p>How to create NFT<\/p>","subtitle":"This is subheading element","title_typography_line_height":{"unit":"em","size":"","sizes":[]},"title_typography_line_height_widescreen":{"unit":"em","size":"","sizes":[]},"title_typography_line_height_laptop":{"unit":"em","size":"","sizes":[]},"title_typography_line_height_tablet_extra":{"unit":"em","size":"","sizes":[]},"title_typography_line_height_mobile_extra":{"unit":"em","size":"","sizes":[]},"title_color":"#FFFFFF","_margin":{"unit":"%","top":"3","right":"0","bottom":"0","left":"0","isLinked":false},"_margin_widescreen":{"unit":"%","top":"","right":"","bottom":"","left":"","isLinked":true},"_margin_laptop":{"unit":"%","top":"","right":"","bottom":"","left":"","isLinked":true},"_margin_tablet_extra":{"unit":"%","top":"","right":"","bottom":"","left":"","isLinked":true},"_margin_tablet":{"unit":"%","top":"","right":"","bottom":"","left":"","isLinked":true},"_margin_mobile_extra":{"unit":"%","top":"","right":"","bottom":"","left":"","isLinked":true},"_margin_mobile":{"unit":"%","top":"","right":"","bottom":"","left":"","isLinked":true},"title_typography_font_size_tablet_extra":{"unit":"px","size":60,"sizes":[]},"title_typography_font_size_tablet":{"unit":"px","size":40,"sizes":[]}},"elements":[],"isInner":false,"widgetType":"etherium_heading","elType":"widget"},{"id":"708f7468","settings":{"editor":"<p>Temperate ocean-bass sea chub unicorn fish treefish eulachon tidewater goby.<\/p>","text_color":"#FFFFFF","_margin":{"unit":"px","top":"35","right":"0","bottom":"0","left":"0","isLinked":false},"_margin_mobile_extra":{"unit":"px","top":"15","right":"0","bottom":"0","left":"0","isLinked":false}},"elements":[],"isInner":false,"widgetType":"text-editor","elType":"widget"},{"id":"5d69efe1","settings":{"youtube_url":"https:\/\/www.youtube.com\/watch?v=XHOmBV4js_E","vimeo_url":"https:\/\/vimeo.com\/235215203","dailymotion_url":"https:\/\/www.dailymotion.com\/video\/x6tqhqb","button_text":"Play video","hide_icon":"yes","button_padding":{"unit":"px","top":"85","right":"064","bottom":"85","left":"64","isLinked":false},"button_radius":{"unit":"%","top":"50","right":"50","bottom":"50","left":"50","isLinked":true},"button_typography_typography":"custom","button_typography_font_size":{"unit":"px","size":12,"sizes":[]},"button_typography_font_weight":"600","button_typography_text_transform":"uppercase","button_typography_line_height":{"unit":"px","size":27,"sizes":[]},"icon_bg_background":"classic","icon_bg_color":"#FF2763","icon_bg_hover_background":"classic","icon_bg_hover_color":"#F91856","_position":"absolute","_offset_orientation_v":"end","_offset_y":{"unit":"px","size":10,"sizes":[]},"_offset_y_end":{"size":-10,"unit":"px"},"_transform_translate_popover":"transform","_transform_translateY_effect":{"unit":"%","size":47,"sizes":[]},"_transform_translateY_effect_laptop":{"unit":"%","size":"","sizes":[]},"_transform_translateY_effect_tablet_extra":{"unit":"%","size":"","sizes":[]},"_transform_translateY_effect_tablet":{"unit":"%","size":"","sizes":[]},"_transform_translateY_effect_mobile_extra":{"unit":"%","size":"","sizes":[]},"_transform_translateY_effect_mobile":{"unit":"%","size":"","sizes":[]},"button_box_shadow_box_shadow":{"horizontal":0,"vertical":10,"blur":23,"spread":0,"color":"#D41414"},"button_box_shadow_hover_box_shadow":{"horizontal":0,"vertical":6,"blur":30,"spread":0,"color":"#FF2763"},"remove_box_shadow":"","button_text_hover":"#FFFFFF","add_animation":"yes","button_box_shadow_hover_box_shadow_type":"yes","_offset_x":{"size":0,"unit":"px"}},"elements":[],"isInner":false,"widgetType":"etherium_video_button","elType":"widget"}],"isInner":false,"elType":"column"}],"isInner":false,"elType":"section"},{"id":"320c5e3f","settings":{"layout":"full_width","gap":"no","stretch_section":"section-stretched","margin":{"unit":"px","top":"0","right":0,"bottom":"0","left":0,"isLinked":true}},"elements":[{"id":"6aa1ddc5","settings":{"_column_size":100,"_inline_size":null},"elements":[{"id":"49132a27","settings":{"image":{"url":"https:\/\/demo.artureanec.com\/themes\/etherium-dark\/wp-content\/uploads\/2023\/04\/Ellipse-13.png","id":3750,"size":"","alt":"","source":"library"},"image_size":"full","align":"left","_position":"absolute","_offset_y":{"unit":"vw","size":-30,"sizes":[]},"_offset_y_widescreen":{"unit":"vw","size":"","sizes":[]},"_offset_y_laptop":{"unit":"vw","size":"","sizes":[]},"_offset_y_tablet_extra":{"unit":"vw","size":"","sizes":[]},"_offset_y_tablet":{"unit":"vw","size":"","sizes":[]},"_offset_y_mobile_extra":{"unit":"vw","size":"","sizes":[]},"_offset_y_mobile":{"unit":"vw","size":"","sizes":[]},"_z_index":-1},"elements":[],"isInner":false,"widgetType":"image","elType":"widget"}],"isInner":false,"elType":"column"}],"isInner":false,"elType":"section"},{"id":"3da0c0d9","settings":{"margin":{"unit":"px","top":"220","right":0,"bottom":"0","left":0,"isLinked":false},"margin_tablet_extra":{"unit":"px","top":"150","right":0,"bottom":"0","left":0,"isLinked":false},"margin_mobile_extra":{"unit":"px","top":"208","right":0,"bottom":"0","left":0,"isLinked":false}},"elements":[{"id":"590a97a1","settings":{"_column_size":100,"_inline_size":null},"elements":[{"id":"4d870933","settings":{"gap":"wide","structure":"30"},"elements":[{"id":"609883ca","settings":{"_column_size":33,"_inline_size":null,"content_position":"center","_inline_size_tablet":100},"elements":[{"id":"6f9a86c1","settings":{"heading":"<p>Effective Team<\/p>","subtitle":"This is subheading element","title_typography_typography":"custom","title_typography_font_size_tablet_extra":{"unit":"px","size":50,"sizes":[]},"title_typography_font_size_tablet":{"unit":"px","size":35,"sizes":[]}},"elements":[],"isInner":false,"widgetType":"etherium_heading","elType":"widget"},{"id":"4802d0cd","settings":{"button_text":"Our membership","button_link":{"url":"#","is_external":"true","nofollow":"","custom_attributes":""},"button_align":"left","button_padding":{"unit":"px","top":"17","right":"32","bottom":"17","left":"32","isLinked":false},"_margin":{"unit":"px","top":"40","right":"0","bottom":"0","left":"0","isLinked":false},"hide_mobile_extra":"hidden-mobile_extra","hide_mobile":"hidden-mobile","hide_tablet":"hidden-tablet"},"elements":[],"isInner":false,"widgetType":"etherium_button","elType":"widget"}],"isInner":true,"elType":"column"},{"id":"1b0495c5","settings":{"_column_size":33,"_inline_size":null,"_inline_size_tablet":50},"elements":[{"id":"2c17742f","settings":{"socials":[{"_id":"fb6e6ac","social_icon":{"value":"fab fa-linkedin-in","library":"fa-brands"},"social_link":{"url":"#","is_external":"true","nofollow":"","custom_attributes":""}}],"person_name":"Louis Baker","person_position":"CEO & Lead Blockchain","person_phone":"+1 800 612 6 73","social_area_box_shadow":{"horizontal":7,"vertical":7,"blur":10,"spread":0,"color":"rgba(0, 0, 0, 0.89)"},"position_color":"#A197CF","image":{"url":"https:\/\/demo.artureanec.com\/themes\/etherium-dark\/wp-content\/uploads\/2023\/03\/linkedin-sales-solutions-pAtA8xe_iVM-unsplash.jpg","id":1616,"size":"","alt":"","source":"library"}},"elements":[],"isInner":false,"widgetType":"etherium_team_member","elType":"widget"}],"isInner":true,"elType":"column"},{"id":"1b2ccdc2","settings":{"_column_size":33,"_inline_size":null,"_inline_size_tablet":50},"elements":[{"id":"51771347","settings":{"socials":[{"_id":"fb6e6ac","social_icon":{"value":"fab fa-linkedin-in","library":"fa-brands"},"social_link":{"url":"#","is_external":"true","nofollow":"","custom_attributes":""}}],"person_name":"Lisa Summer","person_position":"Sr.Backend developer","person_phone":"+1 800 612 6 73","social_area_box_shadow":{"horizontal":7,"vertical":7,"blur":10,"spread":0,"color":"rgba(0, 0, 0, 0.89)"},"position_color":"#A197CF","image":{"url":"https:\/\/demo.artureanec.com\/themes\/etherium-dark\/wp-content\/uploads\/2023\/03\/team-member-3.jpg","id":1634,"size":"","alt":"","source":"library"}},"elements":[],"isInner":false,"widgetType":"etherium_team_member","elType":"widget"}],"isInner":true,"elType":"column"}],"isInner":true,"elType":"section"},{"id":"2ebfed7d","settings":{"gap":"wide","structure":"30","margin":{"unit":"px","top":"40","right":0,"bottom":"0","left":0,"isLinked":false}},"elements":[{"id":"6ea728fd","settings":{"_column_size":33,"_inline_size":null,"_inline_size_tablet":50},"elements":[{"id":"32b00fef","settings":{"socials":[{"_id":"fb6e6ac","social_icon":{"value":"fab fa-linkedin-in","library":"fa-brands"},"social_link":{"url":"#","is_external":"true","nofollow":"","custom_attributes":""}}],"person_name":"Joseph Jordan","person_position":"Software Engineer","person_phone":"+1 800 612 6 73","social_area_box_shadow":{"horizontal":7,"vertical":7,"blur":10,"spread":0,"color":"rgba(0, 0, 0, 0.89)"},"position_color":"#A197CF","image":{"url":"https:\/\/demo.artureanec.com\/themes\/etherium-dark\/wp-content\/uploads\/2023\/03\/team-member-4.jpg","id":1644,"size":"","alt":"","source":"library"}},"elements":[],"isInner":false,"widgetType":"etherium_team_member","elType":"widget"}],"isInner":true,"elType":"column"},{"id":"69c83606","settings":{"_column_size":33,"_inline_size":null,"_inline_size_tablet":50},"elements":[{"id":"6678688a","settings":{"socials":[{"_id":"fb6e6ac","social_icon":{"value":"fab fa-linkedin-in","library":"fa-brands"},"social_link":{"url":"#","is_external":"true","nofollow":"","custom_attributes":""}}],"person_name":"Amanda Sims","person_position":"CEO Consultum","person_phone":"+1 800 612 6 73","social_area_box_shadow":{"horizontal":7,"vertical":7,"blur":10,"spread":0,"color":"rgba(0, 0, 0, 0.89)"},"position_color":"#A197CF","image":{"url":"https:\/\/demo.artureanec.com\/themes\/etherium-dark\/wp-content\/uploads\/2023\/03\/team-member-6.jpg","id":1652,"size":"","alt":"","source":"library"}},"elements":[],"isInner":false,"widgetType":"etherium_team_member","elType":"widget"}],"isInner":true,"elType":"column"},{"id":"1c9f6c84","settings":{"_column_size":33,"_inline_size":null,"content_position":"center","align":"center","_inline_size_tablet":100,"align_tablet":"flex-start"},"elements":[{"id":"129fe789","settings":{"button_text":"Our membership","button_link":{"url":"#","is_external":"true","nofollow":"","custom_attributes":""},"button_align":"left","button_padding":{"unit":"px","top":"17","right":"32","bottom":"17","left":"32","isLinked":false},"_margin":{"unit":"px","top":"30","right":"0","bottom":"0","left":"0","isLinked":false},"hide_widescreen":"hidden-widescreen","hide_desktop":"hidden-desktop","hide_laptop":"hidden-laptop","hide_tablet_extra":"hidden-tablet_extra"},"elements":[],"isInner":false,"widgetType":"etherium_button","elType":"widget"},{"id":"13027c2","settings":{"ending_number":150,"suffix":"+","title":"creative staff","_element_width":"auto","typography_number_typography":"custom","typography_number_font_size":{"unit":"px","size":80,"sizes":[]},"typography_number_line_height":{"unit":"em","size":1.0625,"sizes":[]},"typography_number_line_height_widescreen":{"unit":"em","size":"","sizes":[]},"typography_number_line_height_laptop":{"unit":"em","size":"","sizes":[]},"typography_number_line_height_tablet_extra":{"unit":"em","size":"","sizes":[]},"typography_number_line_height_mobile_extra":{"unit":"em","size":"","sizes":[]},"typography_number_letter_spacing":{"unit":"em","size":-0.029999999999999999,"sizes":[]},"typography_number_letter_spacing_widescreen":{"unit":"em","size":"","sizes":[]},"typography_number_letter_spacing_laptop":{"unit":"em","size":"","sizes":[]},"typography_number_letter_spacing_tablet_extra":{"unit":"em","size":"","sizes":[]},"typography_number_letter_spacing_tablet":{"unit":"em","size":"","sizes":[]},"typography_number_letter_spacing_mobile_extra":{"unit":"em","size":"","sizes":[]},"typography_number_letter_spacing_mobile":{"unit":"em","size":"","sizes":[]},"space_before_title":{"unit":"px","size":10,"sizes":[]},"_margin_tablet":{"unit":"px","top":"30","right":"0","bottom":"0","left":"0","isLinked":false}},"elements":[],"isInner":false,"widgetType":"counter","elType":"widget"}],"isInner":true,"elType":"column"}],"isInner":true,"elType":"section"}],"isInner":false,"elType":"column"}],"isInner":false,"elType":"section"},{"id":"1a3392ae","settings":{"layout":"full_width","gap":"no","stretch_section":"section-stretched","margin":{"unit":"px","top":"0","right":0,"bottom":"0","left":0,"isLinked":true}},"elements":[{"id":"7782055d","settings":{"_column_size":100,"_inline_size":null},"elements":[{"id":"6407cd2d","settings":{"image":{"url":"https:\/\/demo.artureanec.com\/themes\/etherium-dark\/wp-content\/uploads\/2023\/07\/Vector-80.png","id":5592,"size":"","alt":"","source":"library"},"image_size":"full","align":"right","_position":"absolute","_offset_orientation_v":"end","_offset_y":{"unit":"vw","size":-51,"sizes":[]},"_offset_y_widescreen":{"unit":"vw","size":"","sizes":[]},"_offset_y_laptop":{"unit":"vw","size":"","sizes":[]},"_offset_y_tablet_extra":{"unit":"vw","size":"","sizes":[]},"_offset_y_tablet":{"unit":"vw","size":"","sizes":[]},"_offset_y_mobile_extra":{"unit":"vw","size":"","sizes":[]},"_offset_y_mobile":{"unit":"vw","size":"","sizes":[]},"_offset_y_end":{"unit":"vw","size":-48,"sizes":[]},"_offset_y_end_widescreen":{"unit":"vh","size":"","sizes":[]},"_offset_y_end_laptop":{"unit":"vh","size":"","sizes":[]},"_offset_y_end_tablet_extra":{"unit":"vh","size":"","sizes":[]},"_offset_y_end_tablet":{"unit":"vh","size":"","sizes":[]},"_offset_y_end_mobile_extra":{"unit":"vh","size":"","sizes":[]},"_offset_y_end_mobile":{"unit":"vh","size":"","sizes":[]},"_z_index":-1},"elements":[],"isInner":false,"widgetType":"image","elType":"widget"}],"isInner":false,"elType":"column"}],"isInner":false,"elType":"section"},{"id":"3846c0c9","settings":{"height":"min-height","custom_height":{"unit":"px","size":552,"sizes":[]},"stretch_section":"section-stretched","background_background":"classic","background_image":{"url":"https:\/\/demo.artureanec.com\/themes\/etherium-dark\/wp-content\/uploads\/2023\/07\/design_element.png","id":5747,"size":"","alt":"","source":"library"},"background_size":"cover","margin":{"unit":"px","top":"200","right":0,"bottom":"0","left":0,"isLinked":false},"margin_tablet_extra":{"unit":"px","top":"120","right":0,"bottom":"0","left":0,"isLinked":false},"margin_mobile_extra":{"unit":"px","top":"80","right":0,"bottom":"0","left":0,"isLinked":false},"custom_height_tablet":{"unit":"px","size":350,"sizes":[]}},"elements":[{"id":"7195f8d6","settings":{"_column_size":100,"_inline_size":null},"elements":[{"id":"5934ee9f","settings":{"heading":"<p>Join our creative community<\/p>","subtitle":"This is subheading element","title_align":"center","title_typography_font_size":{"unit":"px","size":80,"sizes":[]},"title_typography_font_size_tablet":{"unit":"px","size":40,"sizes":[]},"title_typography_line_height":{"unit":"em","size":1.1499999999999999,"sizes":[]},"title_typography_line_height_widescreen":{"unit":"em","size":"","sizes":[]},"title_typography_line_height_laptop":{"unit":"em","size":"","sizes":[]},"title_typography_line_height_tablet_extra":{"unit":"em","size":"","sizes":[]},"title_typography_line_height_mobile_extra":{"unit":"em","size":"","sizes":[]},"_padding":{"unit":"px","top":"0","right":"0","bottom":"0","left":"0","isLinked":false},"_background_image":{"url":"","id":"","size":"","alt":"","source":"library"},"_background_position":"initial","_background_xpos":{"unit":"%","size":50,"sizes":[]},"_background_xpos_widescreen":{"unit":"%","size":"","sizes":[]},"_background_xpos_laptop":{"unit":"%","size":"","sizes":[]},"_background_xpos_tablet_extra":{"unit":"%","size":"","sizes":[]},"_background_xpos_tablet":{"unit":"%","size":0,"sizes":[]},"_background_xpos_mobile_extra":{"unit":"%","size":"","sizes":[]},"_background_xpos_mobile":{"unit":"%","size":0,"sizes":[]},"_background_ypos":{"unit":"px","size":67,"sizes":[]},"_background_repeat":"no-repeat","_background_size":"initial","_background_bg_width":{"unit":"px","size":273,"sizes":[]}},"elements":[],"isInner":false,"widgetType":"etherium_heading","elType":"widget"},{"id":"1d913d1e","settings":{"button_text":"Start now","button_link":{"url":"#","is_external":"true","nofollow":"","custom_attributes":""},"button_typography_font_size":{"unit":"px","size":12,"sizes":[]},"button_typography_line_height":{"unit":"em","size":2.25,"sizes":[]},"button_typography_line_height_widescreen":{"unit":"em","size":"","sizes":[]},"button_typography_line_height_laptop":{"unit":"em","size":"","sizes":[]},"button_typography_line_height_tablet_extra":{"unit":"em","size":"","sizes":[]},"button_typography_line_height_mobile_extra":{"unit":"em","size":"","sizes":[]},"button_padding":{"unit":"px","top":"15","right":"64","bottom":"17","left":"64","isLinked":false},"_margin":{"unit":"px","top":"45","right":"0","bottom":"0","left":"0","isLinked":false}},"elements":[],"isInner":false,"widgetType":"etherium_button","elType":"widget"}],"isInner":false,"elType":"column"}],"isInner":false,"elType":"section"},{"id":"58491ac1","settings":{"structure":"20","padding":{"unit":"px","top":"0","right":"0","bottom":"60","left":"0","isLinked":false},"margin":{"unit":"px","top":"80","right":0,"bottom":"0","left":0,"isLinked":false},"margin_mobile_extra":{"unit":"px","top":"40","right":0,"bottom":"0","left":0,"isLinked":false}},"elements":[{"id":"76b46592","settings":{"_column_size":50,"_inline_size":81},"elements":[{"id":"38374864","settings":{"heading":"<p>A new place to collect NFT assets<\/p>","subtitle":"This is subheading element","title_typography_typography":"custom","title_typography_font_family":"Michroma","title_typography_font_size":{"unit":"px","size":80,"sizes":[]},"title_typography_font_size_tablet":{"unit":"px","size":50,"sizes":[]},"title_typography_font_size_mobile_extra":{"unit":"px","size":35,"sizes":[]},"title_typography_line_height":{"unit":"em","size":1.1625000000000001,"sizes":[]},"title_typography_line_height_widescreen":{"unit":"em","size":"","sizes":[]},"title_typography_line_height_laptop":{"unit":"em","size":"","sizes":[]},"title_typography_line_height_tablet_extra":{"unit":"em","size":"","sizes":[]},"title_typography_line_height_mobile_extra":{"unit":"em","size":"","sizes":[]}},"elements":[],"isInner":false,"widgetType":"etherium_heading","elType":"widget"}],"isInner":false,"elType":"column"},{"id":"98a6b8a","settings":{"_column_size":50,"_inline_size":19},"elements":[],"isInner":false,"elType":"column"}],"isInner":false,"elType":"section"}],"settings":{"template":"default"},"metadata":{"theme_color_mode":"default","top_bar_status":"default","top_bar_customize":"default","top_bar_socials_status":"default","top_bar_additional_text_status":"default","top_bar_contacts_email_status":"default","top_bar_contacts_phone_status":"default","top_bar_contacts_address_status":"default","header_status":"default","header_style":"default","header_position":"default","header_customize":"default","sticky_header_status":"default","header_logo_status":"default","header_logo_customize":"default","header_logo_retina":"1","header_logo_mobile_retina":"1","header_callback_status":"default","header_button_status":"default","header_menu_status":"default","header_menu_select":"default","side_panel_status":"default","header_search_status":"default","header_login_status":"default","header_minicart_status":"default","header_wishlist_status":"default","page_title_status":"off","page_title_overlay_status":"default","page_title_customize":"default","page_title_height":"500","page_title_background_position":"default","page_title_background_repeat":"default","page_title_background_size":"default","hide_page_title_background_mobile":"0","hide_page_title_background_tablet":"0","page_title_breadcrumbs_status":"default","page_title_additional_customize":"default","content_top_margin":"default","content_bottom_margin":"on","page_customize":"default","page_background_image_top_status":"default","page_background_image_bottom_status":"default","sidebar_position":"none","page_sidebar_select":"default","footer_status":"default","footer_style":"default","footer_customize":"default","footer_background_position":"default","footer_background_repeat":"default","footer_background_size":"default","footer_sidebar_status":"default","footer_sidebar_select":"default","footer_copyright_status":"default","footer_menu_status":"default","footer_menu_select":"default","footer_additional_menu_status":"default","footer_additional_menu_select":"default","footer_pre_footer_status":"off","footer_pre_footer_button_status":"default","header_login_text_status":"default","page_background_image_top_repeat":"default","page_background_image_top_size":"default","page_background_image_top_blend_mode":"default","page_background_image_bottom_repeat":"default","page_background_image_bottom_size":"default","page_background_image_bottom_blend_mode":"default","footer_scrolltop_status":"default"}}