{"content":[{"id":"39e1d11f","settings":{"height":"min-height","custom_height":{"unit":"px","size":700,"sizes":[]},"custom_height_mobile_extra":{"unit":"px","size":350,"sizes":[]},"custom_height_tablet":{"unit":"px","size":330,"sizes":[]},"custom_height_mobile":{"unit":"px","size":300,"sizes":[]}},"elements":[{"id":"6206ab73","settings":{"_column_size":100,"_inline_size":null},"elements":[{"id":"4900759e","settings":{"heading":"<p>Services for <br \/>Your Business<\/p>","subtitle":"This is subheading element","title_tag":"h1","title_align":"center","_margin":{"unit":"%","top":"5","right":"0","bottom":"0","left":"0","isLinked":false},"_margin_mobile_extra":{"unit":"px","top":"100","right":"0","bottom":"0","left":"0","isLinked":false},"_margin_mobile":{"unit":"px","top":"40","right":"0","bottom":"0","left":"0","isLinked":false},"_margin_widescreen":{"unit":"%","top":"","right":"","bottom":"","left":"","isLinked":true},"_margin_laptop":{"unit":"%","top":"","right":"","bottom":"","left":"","isLinked":true},"_margin_tablet_extra":{"unit":"%","top":"","right":"","bottom":"","left":"","isLinked":true},"_margin_tablet":{"unit":"%","top":"","right":"","bottom":"","left":"","isLinked":true},"title_typography_typography":"custom","title_typography_line_height":{"unit":"em","size":1.25,"sizes":[]},"title_typography_line_height_widescreen":{"unit":"em","size":"","sizes":[]},"title_typography_line_height_laptop":{"unit":"em","size":"","sizes":[]},"title_typography_line_height_tablet_extra":{"unit":"em","size":"","sizes":[]},"title_typography_line_height_mobile_extra":{"unit":"em","size":"","sizes":[]},"_padding_widescreen":{"unit":"%","top":"","right":"","bottom":"","left":"","isLinked":true},"_padding_laptop":{"unit":"%","top":"","right":"","bottom":"","left":"","isLinked":true},"_padding_tablet_extra":{"unit":"%","top":"","right":"","bottom":"","left":"","isLinked":true},"_padding_tablet":{"unit":"%","top":"","right":"","bottom":"","left":"","isLinked":true},"_padding_mobile_extra":{"unit":"%","top":"","right":"","bottom":"","left":"","isLinked":true},"_padding_mobile":{"unit":"%","top":"","right":"","bottom":"","left":"","isLinked":true}},"elements":[],"isInner":false,"widgetType":"etherium_heading","elType":"widget"}],"isInner":false,"elType":"column"}],"isInner":false,"elType":"section"},{"id":"69443aeb","settings":{"margin":{"unit":"px","top":"0","right":0,"bottom":"0","left":0,"isLinked":true},"structure":"20"},"elements":[{"id":"52536b40","settings":{"_column_size":50,"_inline_size":null},"elements":[{"id":"23f1eead","settings":{"icon_type":"svg","default_icon":{"value":"fas fa-square-root-alt","library":"fa-solid"},"svg_icon":"<svg viewBox=\"0 0 62 70\" fill=\"none\" xmlns=\"http:\/\/www.w3.org\/2000\/svg\">\n<g opacity=\"0.95\">\n<path d=\"M14.6685 20.7207L8.99023 24.2573L18.9503 30.0785L24.622 26.5352L14.6685 20.7207Z\" fill=\"#E5E9FF\"\/>\n<path d=\"M8.98438 47.3687L18.951 53.1831V30.0718L8.98438 24.2573V47.3687Z\" fill=\"url(#paint0_linear_1997_1114)\"\/>\n<path d=\"M18.9512 53.1831L24.6229 49.6398V26.5352L18.9512 30.0718V53.1831Z\" fill=\"#AFB6E5\"\/>\n<\/g>\n<path style=\"mix-blend-mode:color-dodge\" d=\"M24.3658 26.6612L18.9971 29.6517L8.98438 24.2568L18.648 30.2911L18.951 53.1826L19.4187 30.2245L24.3658 26.6612Z\" fill=\"url(#paint1_radial_1997_1114)\"\/>\n<g opacity=\"0.95\">\n<path d=\"M28.9901 11.6758L23.3184 15.2191L33.2784 21.0335L38.9501 17.4902L28.9901 11.6758Z\" fill=\"#E5E9FF\"\/>\n<path d=\"M23.3125 55.7738L33.2725 61.5949V21.0269L23.3125 15.2124V55.7738Z\" fill=\"url(#paint2_linear_1997_1114)\"\/>\n<path d=\"M33.2734 61.5949L38.9517 58.0516V17.4902L33.2734 21.0269V61.5949Z\" fill=\"#AFB6E5\"\/>\n<\/g>\n<path style=\"mix-blend-mode:color-dodge\" d=\"M38.6939 17.6168L33.3252 20.6073L23.3125 15.2124L32.9695 21.2533L33.2725 61.5949L33.7468 21.1801L38.6939 17.6168Z\" fill=\"url(#paint3_radial_1997_1114)\"\/>\n<g opacity=\"0.95\">\n<path d=\"M43.3104 0L37.6387 3.54329L47.5987 9.35775L53.2704 5.81446L43.3104 0Z\" fill=\"#E5E9FF\"\/>\n<path d=\"M37.6328 64.1855L47.5995 70V9.35774L37.6328 3.53662V64.1855Z\" fill=\"url(#paint4_linear_1997_1114)\"\/>\n<path d=\"M47.5938 70L53.272 66.4634V5.81445L47.5938 9.35775V70Z\" fill=\"#AFB6E5\"\/>\n<\/g>\n<path style=\"mix-blend-mode:color-dodge\" d=\"M53.0142 5.941L47.6456 8.93814L37.6328 3.53662L47.2964 9.57753L47.5929 70L48.0672 9.50427L53.0142 5.941Z\" fill=\"url(#paint5_radial_1997_1114)\"\/>\n<path d=\"M33.6016 47.6414L37.5869 45.3369L52.7378 32.6157L48.7524 34.9202L33.6016 47.6414Z\" fill=\"#00719E\"\/>\n<path d=\"M4.7168 48.967L8.70213 46.6625L25.4274 34.4941L21.442 36.7986L4.7168 48.967Z\" fill=\"#1F45CC\"\/>\n<path d=\"M21.6855 30.2976L25.6709 27.9932L37.6928 38.7163L33.7074 41.0208L21.6855 30.2976Z\" fill=\"url(#paint6_linear_1997_1114)\"\/>\n<path d=\"M42.3105 28.3264L46.2959 26.022L62.0001 21.04L58.0148 23.3379L42.3105 28.3264Z\" fill=\"#00E0DE\"\/>\n<path d=\"M51.5781 37.8507L55.5635 35.5462L61.9993 21.04L58.0139 23.3379L51.5781 37.8507Z\" fill=\"#00849E\"\/>\n<path d=\"M42.3105 28.3265L45.1628 31.2171L45.2616 31.317L33.7074 41.021L21.6855 30.2979L0 46.0962L4.71653 48.9668L21.4418 36.7984L33.6086 47.6547L48.7594 34.9335L48.8187 34.9935L51.5788 37.8507L58.0147 23.3379L42.3105 28.3265Z\" fill=\"url(#paint7_linear_1997_1114)\"\/>\n<path style=\"mix-blend-mode:color-dodge\" d=\"M57.9028 23.5842L61.7761 21.1865L57.7513 23.4244L42.3105 28.3264L42.6004 28.6194L57.9028 23.5842Z\" fill=\"url(#paint8_radial_1997_1114)\"\/>\n<path style=\"mix-blend-mode:color-dodge\" d=\"M21.6855 30.6775L33.7074 41.4073L45.2616 31.7032L45.1628 31.6033L45.0574 31.49L33.7074 41.021L21.6855 30.2979L0 46.0961L0.289843 46.276L21.6855 30.6775Z\" fill=\"url(#paint9_radial_1997_1114)\"\/>\n<defs>\n<linearGradient id=\"paint0_linear_1997_1114\" x1=\"35.2744\" y1=\"1.78539\" x2=\"7.3042\" y2=\"49.2184\" gradientUnits=\"userSpaceOnUse\">\n<stop stop-color=\"#00C7C5\"\/>\n<stop offset=\"0.33\" stop-color=\"#2D9BE0\"\/>\n<stop offset=\"0.63\" stop-color=\"#5277F7\"\/>\n<stop offset=\"0.69\" stop-color=\"#5B76F7\"\/>\n<stop offset=\"0.79\" stop-color=\"#7374F6\"\/>\n<stop offset=\"0.91\" stop-color=\"#9A70F4\"\/>\n<stop offset=\"1\" stop-color=\"#BB6DF3\"\/>\n<\/linearGradient>\n<radialGradient id=\"paint1_radial_1997_1114\" cx=\"0\" cy=\"0\" r=\"1\" gradientUnits=\"userSpaceOnUse\" gradientTransform=\"translate(23.0813 31.3701) rotate(180) scale(11.8836 12.0152)\">\n<stop stop-color=\"white\"\/>\n<stop offset=\"1\"\/>\n<\/radialGradient>\n<linearGradient id=\"paint2_linear_1997_1114\" x1=\"43.8123\" y1=\"6.5673\" x2=\"19.5137\" y2=\"55.3216\" gradientUnits=\"userSpaceOnUse\">\n<stop stop-color=\"#00C7C5\"\/>\n<stop offset=\"0.33\" stop-color=\"#2D9BE0\"\/>\n<stop offset=\"0.63\" stop-color=\"#5277F7\"\/>\n<stop offset=\"0.69\" stop-color=\"#5B76F7\"\/>\n<stop offset=\"0.79\" stop-color=\"#7374F6\"\/>\n<stop offset=\"0.91\" stop-color=\"#9A70F4\"\/>\n<stop offset=\"1\" stop-color=\"#BB6DF3\"\/>\n<\/linearGradient>\n<radialGradient id=\"paint3_radial_1997_1114\" cx=\"0\" cy=\"0\" r=\"1\" gradientUnits=\"userSpaceOnUse\" gradientTransform=\"translate(37.4094 26.6149) rotate(180) scale(17.2259 17.4167)\">\n<stop stop-color=\"white\"\/>\n<stop offset=\"1\"\/>\n<\/radialGradient>\n<linearGradient id=\"paint4_linear_1997_1114\" x1=\"55.6755\" y1=\"11.9952\" x2=\"29.2666\" y2=\"61.0001\" gradientUnits=\"userSpaceOnUse\">\n<stop stop-color=\"#00C7C5\"\/>\n<stop offset=\"0.33\" stop-color=\"#2D9BE0\"\/>\n<stop offset=\"0.63\" stop-color=\"#5277F7\"\/>\n<stop offset=\"0.69\" stop-color=\"#5B76F7\"\/>\n<stop offset=\"0.79\" stop-color=\"#7374F6\"\/>\n<stop offset=\"0.91\" stop-color=\"#9A70F4\"\/>\n<stop offset=\"1\" stop-color=\"#BB6DF3\"\/>\n<\/linearGradient>\n<radialGradient id=\"paint5_radial_1997_1114\" cx=\"0\" cy=\"0\" r=\"1\" gradientUnits=\"userSpaceOnUse\" gradientTransform=\"translate(51.7297 19.8811) rotate(180) scale(23.7671 24.0304)\">\n<stop stop-color=\"white\"\/>\n<stop offset=\"1\"\/>\n<\/radialGradient>\n<linearGradient id=\"paint6_linear_1997_1114\" x1=\"39.8995\" y1=\"44.7705\" x2=\"15.9787\" y2=\"21.2567\" gradientUnits=\"userSpaceOnUse\">\n<stop offset=\"0.11\" stop-color=\"#84EFA9\"\/>\n<stop offset=\"0.14\" stop-color=\"#80F0AD\"\/>\n<stop offset=\"0.49\" stop-color=\"#51F8D8\"\/>\n<stop offset=\"0.77\" stop-color=\"#34FDF3\"\/>\n<stop offset=\"0.92\" stop-color=\"#29FFFD\"\/>\n<\/linearGradient>\n<linearGradient id=\"paint7_linear_1997_1114\" x1=\"59.6813\" y1=\"27.6405\" x2=\"0.0360236\" y2=\"48.2839\" gradientUnits=\"userSpaceOnUse\">\n<stop stop-color=\"#00C7C5\"\/>\n<stop offset=\"0.39\" stop-color=\"#2D9BE0\"\/>\n<stop offset=\"0.74\" stop-color=\"#5277F7\"\/>\n<stop offset=\"0.78\" stop-color=\"#5B76F7\"\/>\n<stop offset=\"0.85\" stop-color=\"#7374F6\"\/>\n<stop offset=\"0.94\" stop-color=\"#9A70F4\"\/>\n<stop offset=\"1\" stop-color=\"#BB6DF3\"\/>\n<\/linearGradient>\n<radialGradient id=\"paint8_radial_1997_1114\" cx=\"0\" cy=\"0\" r=\"1\" gradientUnits=\"userSpaceOnUse\" gradientTransform=\"translate(57.1057 15.0191) scale(15.7437 15.9182)\">\n<stop stop-color=\"white\"\/>\n<stop offset=\"1\"\/>\n<\/radialGradient>\n<radialGradient id=\"paint9_radial_1997_1114\" cx=\"0\" cy=\"0\" r=\"1\" gradientUnits=\"userSpaceOnUse\" gradientTransform=\"translate(20.8028 41.5272) scale(16.9097 17.0971)\">\n<stop stop-color=\"white\"\/>\n<stop offset=\"1\"\/>\n<\/radialGradient>\n<\/defs>\n<\/svg>\n","icon_position":"left","icon_box_align":"left","title":"Execution from experts","info":"<p>Reedfish bonefish trahira bristlenose catfish, longnose lancetfish morid. Pink salmon cherry salmon combtail gourami frigate mackerel snake mackerel.<\/p>","icon_container_size":{"unit":"px","size":70,"sizes":[]},"icon_size":{"unit":"px","size":75,"sizes":[]},"icon_svg_size":{"unit":"px","size":70,"sizes":[]},"icon_margin":{"unit":"px","top":"0","right":"22","bottom":"0","left":"0","isLinked":false},"title_margin":{"unit":"px","size":21,"sizes":[]},"title_typography_typography":"custom","title_typography_font_family":"Plus Jakarta Sans","info_margin":{"unit":"px","size":15,"sizes":[]},"_padding":{"unit":"%","top":"0","right":"16","bottom":"0","left":"0","isLinked":false},"_padding_widescreen":{"unit":"%","top":"","right":"","bottom":"","left":"","isLinked":true},"_padding_laptop":{"unit":"%","top":"","right":"","bottom":"","left":"","isLinked":true},"_padding_tablet_extra":{"unit":"%","top":"0","right":"0","bottom":"0","left":"0","isLinked":true},"_padding_tablet":{"unit":"%","top":"","right":"","bottom":"","left":"","isLinked":true},"_padding_mobile_extra":{"unit":"%","top":"","right":"","bottom":"","left":"","isLinked":true},"_padding_mobile":{"unit":"%","top":"","right":"","bottom":"","left":"","isLinked":true},"icon_position_mobile_extra":"top"},"elements":[],"isInner":false,"widgetType":"etherium_icon_box","elType":"widget"}],"isInner":false,"elType":"column"},{"id":"4693d474","settings":{"_column_size":50,"_inline_size":null},"elements":[{"id":"3c97f46d","settings":{"icon_type":"svg","default_icon":{"value":"fas fa-square-root-alt","library":"fa-solid"},"svg_icon":"<svg viewBox=\"0 0 68 68\" fill=\"none\" xmlns=\"http:\/\/www.w3.org\/2000\/svg\">\n<path d=\"M11.5841 18.0178C12.5158 17.9226 13.4556 17.9454 14.3817 18.0859L14.2539 16.902C13.9513 16.902 13.6487 16.902 13.3528 16.9564L11.1739 13.0645C10.0556 13.2445 8.97558 13.6149 7.97958 14.1599L6.21094 15.2214C7.20821 14.6793 8.28776 14.3091 9.40526 14.1259L11.5841 18.0178Z\" fill=\"#C6CCF4\"\/>\n<path d=\"M34.787 31.9119L33.0654 33.9532C33.7803 35.2384 34.429 36.5601 35.0089 37.9132L37.9544 38.3622C38.6487 40.0954 39.2372 41.8701 39.7163 43.6762L41.485 42.6148C41.0097 40.8066 40.4189 39.0315 39.7163 37.3008L36.7708 36.8517C36.1944 35.5004 35.5479 34.1809 34.8341 32.8985L36.5489 30.8573C35.578 29.1876 34.5114 27.5768 33.3546 26.0332L31.5859 27.0946C32.7449 28.6359 33.8137 30.2444 34.787 31.9119Z\" fill=\"#C6CCF4\"\/>\n<path d=\"M17.9605 15.514L18.9423 19.5488C19.4534 19.7938 19.9713 20.0659 20.4958 20.3721C21.0203 20.6783 21.5381 21.0117 22.0492 21.3655L22.6679 19.5556C22.5334 19.474 22.4057 19.3855 22.2712 19.3107C21.7466 19.0045 21.2288 18.7323 20.7177 18.4874L19.7359 14.4525C18.4574 13.8799 17.1199 13.4532 15.748 13.1802L13.9727 14.2416C15.3447 14.5139 16.6823 14.9407 17.9605 15.514Z\" fill=\"#C6CCF4\"\/>\n<path d=\"M27.0191 21.8619L26.6156 25.264C27.6037 26.2812 28.5376 27.3509 29.4132 28.4687L31.1684 27.3801C30.2972 26.2712 29.3678 25.2106 28.3843 24.2025L28.7945 20.8005C27.5466 19.5723 26.2139 18.4354 24.8066 17.3984L23.0312 18.4599C24.4399 19.4951 25.7727 20.6321 27.0191 21.8619Z\" fill=\"#C6CCF4\"\/>\n<path d=\"M39.1928 54.0388L37.7267 53.3584C37.5958 54.4157 37.3615 55.4573 37.0273 56.4679L39.7173 59.9244C39.2816 61.0822 38.6837 62.1706 37.9419 63.1563L39.7173 62.0881C40.4638 61.1055 41.0622 60.0164 41.4927 58.8561L38.8027 55.3996C38.9574 54.9642 39.0784 54.5083 39.1928 54.0388Z\" fill=\"#C6CCF4\"\/>\n<path d=\"M42.6292 49.0174L39.5021 46.8469C39.3854 45.8116 39.217 44.7828 38.9977 43.7646L37.0273 43.9892C37.3337 45.2798 37.5583 46.5888 37.6998 47.9083L40.8269 50.0789C40.8942 50.9022 40.9345 51.7118 40.9345 52.5147C40.9345 53.3176 40.8942 54.0865 40.8269 54.8281L42.6292 53.7463C42.6964 53.0046 42.73 52.2289 42.73 51.4329C42.73 50.6368 42.6964 49.8407 42.6292 49.0174Z\" fill=\"#C6CCF4\"\/>\n<path d=\"M35.3038 60.4683L35.0079 60.1621C34.4486 60.8213 33.7933 61.3903 33.0645 61.8495L34.6717 65.6258C35.3251 65.4307 35.9563 65.1661 36.5547 64.8365L34.8398 60.7541C35.0079 60.686 35.1492 60.5499 35.3038 60.4683Z\" fill=\"#CED3F4\"\/>\n<path d=\"M26.6152 63.0409L27.0187 66.8852L28.7941 65.8238L28.3839 61.9727L26.6152 63.0409Z\" fill=\"#AFB6E5\"\/>\n<path d=\"M34.786 65.9053L36.5547 64.837L34.8398 60.7886L33.0645 61.85L34.786 65.9053Z\" fill=\"#AFB6E5\"\/>\n<path d=\"M38.8077 55.3994L37.0391 56.4609L39.729 59.9173L41.5044 58.8491L38.8077 55.3994Z\" fill=\"#AFB6E5\"\/>\n<path d=\"M26.6152 25.2303L28.3839 24.1688L28.7941 20.8008L27.0187 21.8622L26.6152 25.2303Z\" fill=\"#AFB6E5\"\/>\n<path d=\"M18.9428 19.5489L20.7181 18.4875L19.7363 14.4526L17.9609 15.5141L18.9428 19.5489Z\" fill=\"#AFB6E5\"\/>\n<path d=\"M11.5784 18.0178L13.3538 16.9564L11.1749 13.0645L9.40625 14.1259L11.5784 18.0178Z\" fill=\"#AFB6E5\"\/>\n<path d=\"M5.99042 20.9571L7.75906 19.8957L4.81357 16.9087L3.04492 17.9701L5.99042 20.9571Z\" fill=\"#AFB6E5\"\/>\n<path d=\"M0.140625 26.2987L1.91599 25.2373L5.04306 26.7206L3.2677 27.782L0.140625 26.2987Z\" fill=\"#AFB6E5\"\/>\n<path d=\"M3.03904 36.3823L1.26367 37.4506L3.96035 37.1376L5.72899 36.0693L3.03904 36.3823Z\" fill=\"#AFB6E5\"\/>\n<path d=\"M17.9609 62.6461L19.7363 61.5846L20.7181 58.6997L18.9428 59.7611L17.9609 62.6461Z\" fill=\"#AFB6E5\"\/>\n<path d=\"M40.8524 54.828C40.9196 54.0863 40.96 53.3174 40.96 52.5146C40.96 51.7117 40.9196 50.902 40.8524 50.0787L37.6984 47.9082C37.5569 46.5886 37.3323 45.2796 37.0259 43.989L39.7159 43.676C39.2323 41.8695 38.6394 40.0949 37.9405 38.362L35.0084 37.913C34.4284 36.5622 33.7797 35.2427 33.065 33.9598L34.7865 31.9185C33.8156 30.2489 32.7491 28.6381 31.5922 27.0944L29.4133 28.4553C28.5378 27.3375 27.6039 26.2677 26.6158 25.2505L27.0193 21.8485C25.7728 20.6186 24.4401 19.4816 23.0314 18.4464L22.0496 21.3314C21.5385 20.9775 21.0207 20.651 20.4962 20.338C19.9716 20.025 19.4538 19.7596 18.9427 19.5147L17.9609 15.4798C16.6827 14.9065 15.345 14.4798 13.973 14.2075L14.3832 18.0518C13.4572 17.9113 12.5174 17.8885 11.5857 17.9837L9.40682 14.0918C8.28932 14.275 7.20978 14.6452 6.2125 15.1873L7.92735 19.2697C7.20229 19.7287 6.54943 20.2952 5.99058 20.9503L3.04508 17.9701C2.30037 18.9575 1.70017 20.0483 1.26299 21.2089L3.95294 24.6654C3.62673 25.6789 3.40144 26.7228 3.28046 27.7817L0.139936 26.2984C0.0726869 27.04 0.0390625 27.8089 0.0390625 28.6118C0.0390625 29.4146 0.0726869 30.2243 0.139936 31.0476L3.26701 33.2113C3.40803 34.5309 3.63265 35.84 3.93949 37.1305L1.24954 37.4435C1.7303 39.2517 2.32556 41.0267 3.03163 42.7575L5.97713 43.2134C6.55493 44.5618 7.20139 45.879 7.9139 47.1597L6.19905 49.201C7.1699 50.8729 8.23649 52.4859 9.39337 54.0319L11.5722 52.6711C12.4423 53.7913 13.3764 54.8591 14.3698 55.869L13.9596 59.271C15.2075 60.4993 16.5401 61.6361 17.9474 62.6731L18.9293 59.7881C19.4403 60.142 19.9582 60.4686 20.4827 60.7815C21.0072 61.0945 21.5251 61.3531 22.0362 61.6048L23.018 65.6329C24.2964 66.2073 25.6339 66.6363 27.0058 66.912L26.6023 63.0609C27.5278 63.2071 28.4681 63.2322 29.3999 63.1358L31.5788 67.0209C32.6959 66.8401 33.7755 66.4722 34.7731 65.9323L33.0515 61.8498C33.7851 61.3917 34.4451 60.8226 35.0084 60.1624L37.9539 63.1494C38.691 62.1629 39.2844 61.0745 39.7159 59.9174L37.0259 56.4677C37.3514 55.454 37.5766 54.4102 37.6984 53.3515L40.8524 54.828ZM20.4962 46.1731C19.0939 45.2499 17.9261 44.0057 17.0873 42.5412C16.2485 41.0766 15.7622 39.4329 15.6677 37.7429C15.6677 34.6402 17.8331 33.395 20.4962 34.9532C21.9004 35.8748 23.0701 37.1185 23.9102 38.5833C24.7503 40.048 25.2372 41.6926 25.3313 43.3835C25.3313 46.4793 23.1659 47.7313 20.4962 46.1731Z\" fill=\"url(#paint0_linear_1997_1146)\"\/>\n<path d=\"M20.4949 22.3518C11.8333 17.2896 4.8125 21.3448 4.8125 31.4013C4.8125 41.4577 11.8333 53.7459 20.4949 58.7742C29.1566 63.8024 36.1841 59.7812 36.1841 49.7247C36.1841 39.6683 29.1566 27.4141 20.4949 22.3518ZM20.4949 48.0849C16.9173 45.9961 14.0189 40.9338 14.0189 36.7765C14.0189 32.6192 16.9173 30.9522 20.4949 33.0411C24.0726 35.1299 26.9777 40.1922 26.9777 44.3495C26.9777 48.5068 24.0726 50.1738 20.4949 48.0849Z\" fill=\"url(#paint1_linear_1997_1146)\"\/>\n<g style=\"mix-blend-mode:multiply\">\n<g style=\"mix-blend-mode:multiply\">\n<path d=\"M27.65 43.6697C27.65 39.5124 24.7448 34.4501 21.1672 32.3613C18.8135 31.0004 16.7556 31.2454 15.6191 32.7695C16.8094 31.885 18.5512 31.9054 20.4947 33.0417C24.0723 35.1305 26.9775 40.1928 26.9775 44.3501C27.0302 45.5302 26.7021 46.6956 26.0427 47.6705C27.038 46.9425 27.65 45.5816 27.65 43.6697Z\" fill=\"#AFB6E5\"\/>\n<\/g>\n<g style=\"mix-blend-mode:multiply\">\n<path d=\"M21.1674 58.094C12.5058 53.0658 5.48499 40.7776 5.48499 30.7211C5.48499 26.9721 6.4601 24.0667 8.12787 22.1479C6.04988 24.0191 4.8125 27.2102 4.8125 31.4015C4.8125 41.458 11.8333 53.7462 20.4949 58.7744C25.9354 61.952 30.7235 61.5369 33.5412 58.2981C30.6697 60.8905 26.1976 61.0266 21.1674 58.094Z\" fill=\"#AFB6E5\"\/>\n<\/g>\n<\/g>\n<path d=\"M36.5547 30.8506L34.786 31.912L33.0645 33.9601L34.8398 32.8986L36.5547 30.8506Z\" fill=\"#AFB6E5\"\/>\n<path d=\"M36.7765 36.8516L35.0078 37.913L37.9533 38.3621L39.722 37.3006L36.7765 36.8516Z\" fill=\"#AFB6E5\"\/>\n<path d=\"M37.7266 47.9081L39.5019 46.8467L42.629 49.0172L40.8536 50.0786L37.7266 47.9081Z\" fill=\"#AFB6E5\"\/>\n<g style=\"mix-blend-mode:screen\">\n<g style=\"mix-blend-mode:screen\">\n<path d=\"M15.5999 37.8113C15.6918 39.5047 16.1769 41.1523 17.0158 42.6206C17.8547 44.0888 19.0239 45.3364 20.4284 46.262C22.0558 47.2078 23.4882 47.1125 24.3625 46.2008C23.4815 47.0377 22.0827 47.0921 20.5158 46.2008C19.1112 45.2795 17.9413 44.0359 17.1011 42.5711C16.2609 41.1062 15.7743 39.4615 15.6806 37.7705C15.6218 36.7795 15.9447 35.804 16.5818 35.0488C16.2425 35.4186 15.9807 35.8539 15.812 36.3286C15.6432 36.8033 15.5711 37.3077 15.5999 37.8113Z\" fill=\"#AFB6E5\"\/>\n<\/g>\n<g style=\"mix-blend-mode:screen\">\n<path d=\"M6.4082 20.5082C6.84711 20.0658 7.33445 19.6754 7.86078 19.3447C7.33482 19.676 6.84754 20.0663 6.4082 20.5082Z\" fill=\"#AFB6E5\"\/>\n<\/g>\n<g style=\"mix-blend-mode:screen\">\n<path d=\"M17.8954 15.582L18.8705 19.6168C19.3884 19.8618 19.8995 20.134 20.424 20.4401C20.9485 20.7463 21.4663 21.0797 21.9774 21.4335L22.0178 21.3179C21.5201 20.9777 21.0158 20.6375 20.5114 20.3585C20.0071 20.0795 19.4691 19.7801 18.958 19.5352L17.9761 15.5004C16.6966 14.929 15.3595 14.5001 13.9883 14.2212V14.3233C15.3317 14.599 16.6418 15.021 17.8954 15.582Z\" fill=\"#AFB6E5\"\/>\n<\/g>\n<g style=\"mix-blend-mode:screen\">\n<path d=\"M9.34018 14.194L11.519 18.0859C12.4507 17.9906 13.3905 18.0134 14.3166 18.1539V18.0587C13.4254 17.9309 12.5222 17.9126 11.6266 18.0043L9.45451 14.1123C8.32467 14.2886 7.23295 14.6591 6.22656 15.2078V15.2418C7.20185 14.725 8.25328 14.3712 9.34018 14.194Z\" fill=\"#AFB6E5\"\/>\n<\/g>\n<g style=\"mix-blend-mode:screen\">\n<path d=\"M3.87424 37.1309L1.28516 37.4166V37.4915L3.87424 37.1853V37.1309Z\" fill=\"#AFB6E5\"\/>\n<\/g>\n<g style=\"mix-blend-mode:screen\">\n<path d=\"M26.9408 21.9299L26.5373 25.298C27.527 26.3136 28.461 27.3835 29.3348 28.5027L31.5137 27.1419C32.6754 28.6874 33.7465 30.3004 34.7215 31.9728L32.9932 34.014C33.707 35.2964 34.3535 36.6159 34.9299 37.9672L37.8754 38.4163C38.5686 40.126 39.1548 41.8781 39.6306 43.6622H39.7315C39.249 41.8554 38.656 40.0807 37.9561 38.3482L35.0106 37.8924C34.4328 36.5439 33.7864 35.2267 33.0739 33.946L34.7887 31.9047C33.8178 30.2351 32.7512 28.6243 31.5944 27.0806L29.4155 28.4415C28.5436 27.3206 27.6096 26.2507 26.618 25.2367L27.0215 21.8347C25.7741 20.6085 24.4439 19.4717 23.0404 18.4326L23 18.5483C24.392 19.5785 25.7089 20.7087 26.9408 21.9299Z\" fill=\"#AFB6E5\"\/>\n<\/g>\n<g style=\"mix-blend-mode:screen\">\n<path d=\"M34.5391 60.6728C34.6803 60.5299 34.8148 60.387 34.9426 60.2373C34.8148 60.387 34.6736 60.5503 34.5391 60.6728Z\" fill=\"#AFB6E5\"\/>\n<\/g>\n<g style=\"mix-blend-mode:screen\">\n<path d=\"M32.9922 61.9108L34.6936 65.9321L34.7877 65.8776L33.0796 61.8496L32.9922 61.9108Z\" fill=\"#AFB6E5\"\/>\n<\/g>\n<g style=\"mix-blend-mode:screen\">\n<path d=\"M26.5508 63.1015L26.9408 66.8506H27.0282L26.6315 63.0947L26.5508 63.1015Z\" fill=\"#AFB6E5\"\/>\n<\/g>\n<g style=\"mix-blend-mode:screen\">\n<path d=\"M37.6987 53.4399H37.6315C37.509 54.4985 37.2837 55.5423 36.959 56.5562L39.6489 60.0127C39.2262 61.1334 38.6513 62.1891 37.9408 63.1494C38.6872 62.1495 39.2853 61.0446 39.7162 59.8698L37.0262 56.4678C37.3498 55.4837 37.5751 54.4694 37.6987 53.4399Z\" fill=\"#AFB6E5\"\/>\n<\/g>\n<g style=\"mix-blend-mode:screen\">\n<path d=\"M5.92424 21.0252L6.00493 20.9435L3.05944 17.9565L2.99219 18.0518L5.92424 21.0252Z\" fill=\"#AFB6E5\"\/>\n<\/g>\n<g style=\"mix-blend-mode:screen\">\n<path d=\"M40.872 50.0651L37.7382 47.8946C37.5936 46.5979 37.369 45.3117 37.0657 44.0435H36.9648C37.2712 45.334 37.4958 46.6431 37.6373 47.9626L40.7644 50.1331C40.8317 50.9564 40.872 51.7661 40.872 52.569C40.872 53.3719 40.872 54.0591 40.7779 54.7599L40.8518 54.8007C40.9191 54.0591 40.9527 53.2834 40.9527 52.4874C40.9527 51.6913 40.9392 50.8816 40.872 50.0651Z\" fill=\"#AFB6E5\"\/>\n<\/g>\n<g style=\"mix-blend-mode:screen\">\n<path d=\"M3.20067 27.8496V27.7339L0.154297 26.2847C0.157542 26.3232 0.157542 26.3619 0.154297 26.4003L3.20067 27.8496Z\" fill=\"#AFB6E5\"\/>\n<\/g>\n<g style=\"mix-blend-mode:screen\">\n<path d=\"M18.8703 59.8291L17.9355 62.5916H17.9826L18.9241 59.8699L18.8703 59.8291Z\" fill=\"#AFB6E5\"\/>\n<\/g>\n<\/g>\n<path d=\"M39.1638 29.7345L40.9325 28.6731L40.3272 25.3799L38.5586 26.4481L39.1638 29.7345Z\" fill=\"#AFB6E5\"\/>\n<path d=\"M43.0239 29.0813C43.8706 28.6397 44.8084 28.4066 45.7609 28.4009L45.6533 27.6797C45.3585 27.7792 45.0727 27.9044 44.7993 28.0539L42.8558 25.6929C42.2868 26.0698 41.7749 26.5281 41.3359 27.0537L43.0239 29.0813Z\" fill=\"#C6CCF4\"\/>\n<path d=\"M64.3416 53.5353L62.9966 52.9365C62.8215 54.0374 62.4525 55.0975 61.9072 56.0664L63.5077 58.7881C62.9795 59.6003 62.293 60.2949 61.4902 60.8293L63.2522 59.761C64.0535 59.2248 64.7397 58.5306 65.2696 57.7198L63.6624 54.9982C63.9381 54.5356 64.1657 54.0453 64.3416 53.5353Z\" fill=\"#C6CCF4\"\/>\n<path d=\"M45.3574 25.6112C46.4834 25.6688 47.5944 25.8982 48.6526 26.2917L49.5941 29.163C50.177 29.4055 50.7432 29.6874 51.2888 30.0067C51.8734 30.3545 52.4391 30.7338 52.9834 31.143L53.8846 29.4624C53.6089 29.2855 53.3399 29.1086 53.0574 28.9453C52.5134 28.6273 51.9496 28.3455 51.3695 28.1015L50.4213 25.2302C49.363 24.8368 48.2521 24.6074 47.1261 24.5498L45.3574 25.6112Z\" fill=\"#C6CCF4\"\/>\n<path d=\"M66.9311 48.7997L64.7455 47.1939C64.5379 45.7549 64.2003 44.3382 63.7367 42.9617L65.3036 42.0228C64.736 40.4953 64.0618 39.0105 63.2862 37.5797L61.3427 37.6749C60.542 36.2944 59.6264 34.9855 58.6057 33.7626L59.0159 31.4832C58.0069 30.335 56.9047 29.2744 55.7207 28.3125L53.9453 29.3807C55.117 30.34 56.2059 31.3985 57.2002 32.5447L56.7967 34.824C57.8158 36.0482 58.7314 37.3569 59.5337 38.7364L61.4705 38.6411C62.2488 40.0706 62.923 41.5555 63.4879 43.0842L61.9076 43.9075C62.3917 45.3197 62.7407 46.7757 62.9499 48.2553L65.1355 49.8679C65.2091 50.5458 65.2472 51.2272 65.2498 51.9091C65.2504 52.5595 65.2123 53.2094 65.1355 53.8551L66.9109 52.7937C66.9819 52.1475 67.0179 51.4978 67.0185 50.8477C67.0387 50.1945 66.9983 49.5005 66.9311 48.7997Z\" fill=\"#C6CCF4\"\/>\n<path d=\"M48.6523 58.1689L50.421 57.1075L51.3692 55.3452L49.5938 56.4067L48.6523 58.1689Z\" fill=\"#AFB6E5\"\/>\n<path d=\"M57.2199 61.9382L58.9953 60.8767L58.585 58.1143L56.8164 59.1825L57.2199 61.9382Z\" fill=\"#AFB6E5\"\/>\n<path d=\"M61.9297 56.0663L63.6983 55.0049L65.3056 57.6993L63.5302 58.7676L61.9297 56.0663Z\" fill=\"#AFB6E5\"\/>\n<path d=\"M62.9707 48.2553L64.7461 47.1938L66.9317 48.7996L65.1563 49.8679L62.9707 48.2553Z\" fill=\"#AFB6E5\"\/>\n<path d=\"M59.5547 38.7363L61.3301 37.6748L63.2668 37.5796L61.4915 38.641L59.5547 38.7363Z\" fill=\"#AFB6E5\"\/>\n<path d=\"M56.8164 34.8242L58.585 33.7628L58.9953 31.4834L57.2199 32.5448L56.8164 34.8242Z\" fill=\"#AFB6E5\"\/>\n<path d=\"M49.5938 29.1628L51.3692 28.1013L50.421 25.23L48.6523 26.2914L49.5938 29.1628Z\" fill=\"#AFB6E5\"\/>\n<path d=\"M43.0247 29.0812L44.8 28.0197L42.8565 25.6587L41.0879 26.7201L43.0247 29.0812Z\" fill=\"#AFB6E5\"\/>\n<path d=\"M39.6075 34.6131L41.3761 33.5449L39.1905 32.5991L37.4219 33.6606L39.6075 34.6131Z\" fill=\"#AFB6E5\"\/>\n<path d=\"M65.1553 53.8892C65.232 53.2434 65.2702 52.5936 65.2696 51.9432C65.267 51.2612 65.2288 50.5799 65.1553 49.902L62.9697 48.2894C62.756 46.7975 62.4002 45.3301 61.9071 43.9076L63.5077 43.0843C62.9428 41.5556 62.2685 40.0706 61.4902 38.6412L59.5534 38.7364C58.7511 37.357 57.8356 36.0482 56.8164 34.8241L57.2199 32.5447C56.2143 31.3953 55.1117 30.3367 53.9247 29.3808L52.9832 31.1431C52.4388 30.7339 51.8731 30.3546 51.2885 30.0068C50.743 29.6875 50.1768 29.4056 49.5939 29.1631L48.6524 26.2917C47.5941 25.8983 46.4832 25.6689 45.3572 25.6113L45.7674 28.367C44.8149 28.3727 43.8771 28.6058 43.0304 29.0474L41.06 26.7204C40.2577 27.2554 39.5713 27.9499 39.0425 28.7616L40.6431 31.4833C40.1151 32.4534 39.7622 33.511 39.6007 34.6064L37.4151 33.6606C37.3384 34.3063 37.3002 34.9562 37.3008 35.6066C37.3037 36.2885 37.3419 36.9699 37.4151 37.6478L39.6007 39.2604C39.8107 40.7399 40.1597 42.1958 40.6431 43.6082L39.0425 44.4655C39.6074 45.9942 40.2817 47.4791 41.06 48.9086L42.9968 48.8133C43.8098 50.1941 44.7366 51.5028 45.7674 52.7257L45.3639 55.0051C46.3729 56.1511 47.4752 57.2094 48.6591 58.169L49.6006 56.4067C50.1445 56.8145 50.7102 57.1916 51.2953 57.5362C51.84 57.859 52.4063 58.1432 52.9899 58.3867L53.9247 61.2308C54.9759 61.6245 56.0802 61.8539 57.1997 61.9112L56.8164 59.1896C57.7686 59.1813 58.7058 58.9483 59.5534 58.5092L61.4902 60.8634C62.2929 60.329 62.9794 59.6344 63.5077 58.8222L61.9071 56.1005C62.4361 55.1284 62.7891 54.0684 62.9495 52.9706L65.1553 53.8892ZM51.2885 48.548C50.0928 47.7634 49.0969 46.7044 48.3817 45.4571C47.6666 44.2098 47.2524 42.8094 47.1729 41.3696C47.1729 38.7296 49.0155 37.6682 51.2885 38.995C52.4844 39.7811 53.4803 40.8413 54.1954 42.0897C54.9105 43.3381 55.3246 44.7395 55.4042 46.1801C55.4042 48.8133 53.5616 49.8748 51.2885 48.548Z\" fill=\"url(#paint2_linear_1997_1146)\"\/>\n<g style=\"mix-blend-mode:screen\">\n<path style=\"mix-blend-mode:screen\" d=\"M48.6001 26.4004L49.5483 29.2514C50.1298 29.4949 50.6938 29.7791 51.2363 30.1019C51.8233 30.4433 52.3892 30.8205 52.931 31.2314L52.9982 31.1021C52.456 30.6951 51.8926 30.3181 51.3103 29.9726C50.7647 29.6533 50.1985 29.3714 49.6156 29.1289L48.6741 26.2576C47.6159 25.8641 46.5049 25.6347 45.3789 25.5771V25.7064C46.481 25.7729 47.5669 26.0069 48.6001 26.4004Z\" fill=\"url(#paint3_radial_1997_1146)\"\/>\n<path style=\"mix-blend-mode:screen\" d=\"M47.1132 41.4988C47.1925 42.9387 47.6058 44.3395 48.3197 45.5877C49.0335 46.836 50.0278 47.8967 51.2221 48.6839C52.8361 49.6228 54.2281 49.3643 54.9006 48.1872C54.2281 49.2554 52.8832 49.4664 51.2961 48.5546C50.1003 47.77 49.1044 46.711 48.3893 45.4637C47.6741 44.2164 47.26 42.816 47.1805 41.3763C47.1574 40.7073 47.313 40.0445 47.631 39.4575C47.2606 40.0703 47.0803 40.7813 47.1132 41.4988Z\" fill=\"url(#paint4_radial_1997_1146)\"\/>\n<path style=\"mix-blend-mode:screen\" d=\"M57.1995 32.6537L56.7893 34.9398C57.8099 36.1604 58.7256 37.467 59.5263 38.8454L61.4362 38.7774C62.2159 40.1826 62.8903 41.645 63.4536 43.1524L63.5545 43.098C62.9924 41.5681 62.3181 40.083 61.537 38.6549L59.6003 38.7501C58.7996 37.3696 57.8839 36.0607 56.8632 34.8378L57.2735 32.5584C56.2629 31.4119 55.1607 30.3514 53.9783 29.3877L53.9043 29.517C55.0871 30.4679 56.1894 31.5171 57.1995 32.6537Z\" fill=\"url(#paint5_radial_1997_1146)\"\/>\n<path style=\"mix-blend-mode:screen\" d=\"M40.5762 43.6689L39.043 44.4446V44.5127L40.5493 43.7438C40.5553 43.7178 40.5644 43.6927 40.5762 43.6689Z\" fill=\"url(#paint6_radial_1997_1146)\"\/>\n<path style=\"mix-blend-mode:screen\" d=\"M41.0609 26.829L42.9977 29.1832C43.8459 28.7457 44.7827 28.5128 45.7347 28.5028V28.3872C44.8118 28.4065 43.9054 28.6393 43.0851 29.0676L41.1483 26.7065C40.346 27.2416 39.6596 27.936 39.1309 28.7478C39.6429 27.9857 40.2988 27.3336 41.0609 26.829Z\" fill=\"url(#paint7_radial_1997_1146)\"\/>\n<path style=\"mix-blend-mode:screen\" d=\"M65.1769 49.8407L62.9913 48.2349C62.788 46.7811 62.448 45.3503 61.9759 43.9619L61.875 44.0095C62.3636 45.4208 62.715 46.877 62.9241 48.3574L65.1097 49.9699C65.1769 50.6503 65.2173 51.3308 65.2173 52.0112C65.2175 52.6112 65.1861 53.2108 65.1231 53.8074H65.1769C65.2445 53.1816 65.276 52.5523 65.2711 51.9227C65.2762 51.2275 65.2448 50.5325 65.1769 49.8407Z\" fill=\"url(#paint8_radial_1997_1146)\"\/>\n<path style=\"mix-blend-mode:screen\" d=\"M62.964 53.0659H62.9237C62.7712 54.1532 62.4273 55.2041 61.9082 56.1686L63.5087 58.8902L63.5827 58.7814L61.9822 56.0597C62.4784 55.1269 62.8106 54.1139 62.964 53.0659Z\" fill=\"url(#paint9_radial_1997_1146)\"\/>\n<path style=\"mix-blend-mode:screen\" d=\"M56.7637 59.2846L57.1537 61.911H57.2479L56.8578 59.271L56.7637 59.2846Z\" fill=\"url(#paint10_radial_1997_1146)\"\/>\n<path style=\"mix-blend-mode:screen\" d=\"M49.5489 56.5088L48.668 58.1486L49.5489 56.5156V56.5088Z\" fill=\"url(#paint11_radial_1997_1146)\"\/>\n<path style=\"mix-blend-mode:screen\" d=\"M39.5545 34.6947C39.5577 34.6471 39.5577 34.5994 39.5545 34.5518L37.416 33.6196V33.7693L39.5545 34.6947Z\" fill=\"url(#paint12_radial_1997_1146)\"\/>\n<\/g>\n<path d=\"M51.2892 31.7007C45.5462 28.3463 40.8926 31.0203 40.8926 37.7019C40.8926 44.3835 45.5462 52.494 51.2892 55.8484C57.0323 59.2029 61.6926 56.5288 61.6926 49.8472C61.6926 43.1656 57.0323 35.0551 51.2892 31.7007ZM51.2892 50.1058C48.2765 48.3503 45.8354 44.0841 45.8354 40.58C45.8354 37.0759 48.2765 35.6743 51.2892 37.4297C54.302 39.1852 56.7431 43.4582 56.7431 46.9555C56.7431 50.4528 54.302 51.868 51.2892 50.1058Z\" fill=\"url(#paint13_linear_1997_1146)\"\/>\n<g style=\"mix-blend-mode:multiply\">\n<g style=\"mix-blend-mode:multiply\">\n<path d=\"M55.3386 50.378C56.6028 49.9562 57.4165 48.6362 57.4165 46.6221C57.4165 43.1248 54.9754 38.8587 51.9627 37.0964C50.3554 36.1642 48.9163 36.1302 47.9277 36.831C48.4989 36.6887 49.0932 36.669 49.6724 36.7733C50.2515 36.8776 50.8026 37.1036 51.2902 37.4366C54.3029 39.1989 56.7441 43.465 56.7441 46.9624C56.7441 48.5953 56.2128 49.7656 55.3386 50.378Z\" fill=\"#AFB6E5\"\/>\n<\/g>\n<g style=\"mix-blend-mode:multiply\">\n<path d=\"M51.9617 55.5083C46.2187 52.1539 41.5651 44.0298 41.5651 37.3618C41.5651 34.089 42.6881 31.7824 44.5038 30.6733C42.2914 31.5987 40.8926 34.0414 40.8926 37.702C40.8926 44.37 45.5462 52.4941 51.2892 55.8485C54.2146 57.5563 56.8575 57.6924 58.7471 56.5289C56.9247 57.2978 54.5575 57.0256 51.9617 55.5083Z\" fill=\"#AFB6E5\"\/>\n<\/g>\n<\/g>\n<path d=\"M47.1738 41.3695C47.2534 42.8093 47.6675 44.2097 48.3826 45.457C49.0978 46.7043 50.0937 47.7633 51.2895 48.5479C52.9034 49.4936 54.2888 49.2283 54.968 48.058C54.2919 48.0464 53.6317 47.8488 53.0581 47.4864C51.8643 46.7003 50.8703 45.6408 50.1565 44.3937C49.4426 43.1466 49.029 41.747 48.9492 40.3081C48.9292 39.6541 49.08 39.0064 49.3863 38.4302C48.075 38.4642 47.1738 39.5324 47.1738 41.3695Z\" fill=\"url(#paint14_linear_1997_1146)\"\/>\n<path d=\"M30.8253 1.48381L32.1703 4.85184C32.5359 5.01416 32.8928 5.19586 33.2395 5.39617C33.618 5.61562 33.9839 5.85641 34.3357 6.1174L35.4722 4.6205C35.331 4.52524 35.183 4.43679 35.0351 4.34834C34.6898 4.14534 34.3327 3.96357 33.9658 3.80401L32.6208 0.435976C31.495 0.0383785 30.2934 -0.0897171 29.1104 0.0617504L27.3418 1.12319C28.5149 0.972097 29.7067 1.09547 30.8253 1.48381Z\" fill=\"#C6CCF4\"\/>\n<path d=\"M39.1632 8.03625L38.5579 10.615C39.123 11.4579 39.6286 12.3401 40.071 13.255L42.5996 14.0239C43.2579 15.5952 43.7406 17.2361 44.0387 18.916L45.8141 17.8546C45.5114 16.175 45.0265 14.5344 44.3682 12.9624L41.8397 12.1867C41.3983 11.2735 40.8927 10.3935 40.3266 9.55356L40.9385 6.968C39.9121 5.60696 38.7418 4.36349 37.4483 3.25977L35.6797 4.32121C36.9727 5.42579 38.141 6.67172 39.1632 8.03625Z\" fill=\"#C6CCF4\"\/>\n<path d=\"M30.3555 13.7378C30.4117 14.7517 30.7034 15.7379 31.207 16.6163C31.7106 17.4947 32.4119 18.2406 33.2539 18.7933C34.5316 19.5417 35.6143 19.2151 35.9976 18.1129C35.648 18.0476 35.313 17.9184 35.0091 17.7318C34.1671 17.1791 33.4658 16.4333 32.9622 15.5549C32.4586 14.6765 32.1668 13.6903 32.1107 12.6764C32.1085 12.3434 32.1608 12.0123 32.2653 11.6966C31.1557 11.5061 30.3555 12.275 30.3555 13.7378Z\" fill=\"url(#paint15_linear_1997_1146)\"\/>\n<path d=\"M43.6642 19.4193C43.6642 19.2696 43.6642 19.1131 43.6642 18.9634L41.8418 19.1947C41.8821 19.6302 41.909 20.0588 41.909 20.4807C41.9077 20.8808 41.8853 21.2805 41.8418 21.6782L44.0543 24.5564C43.8283 25.7215 43.3354 26.8168 42.6152 27.7543L44.3838 26.6928C45.1038 25.7518 45.5986 24.6549 45.8296 23.4881L43.6104 20.6168C43.6528 20.2191 43.6707 19.8192 43.6642 19.4193Z\" fill=\"#AFB6E5\"\/>\n<path d=\"M25.6816 2.04199L23.9062 3.11024L26.4348 5.28755L28.2102 4.22611L25.6816 2.04199Z\" fill=\"#AFB6E5\"\/>\n<path d=\"M22.459 11.9483L24.2344 10.8868L26.4468 10.6011L24.6782 11.6625L22.459 11.9483Z\" fill=\"#AFB6E5\"\/>\n<path d=\"M30.8262 26.5365L32.5948 25.4751L33.96 23.6992L32.1846 24.7607L30.8262 26.5365Z\" fill=\"#AFB6E5\"\/>\n<path d=\"M43.5968 20.6172L41.8281 21.6786L44.0406 24.55L45.816 23.4885L43.5968 20.6172Z\" fill=\"#C6CCF4\"\/>\n<path d=\"M41.8943 20.481C41.8943 20.0591 41.8943 19.6305 41.8271 19.195L44.0396 18.916C43.7415 17.2362 43.2588 15.5953 42.6005 14.0239L40.0719 13.255C39.6295 12.3401 39.1239 11.458 38.5588 10.615L39.164 8.03629C38.1418 6.67176 36.9736 5.42584 35.6805 4.32125L34.3356 6.11753C33.9916 5.87133 33.6346 5.64419 33.2663 5.43712C32.9196 5.23681 32.5627 5.05512 32.1971 4.89279L30.8521 1.52476C29.7335 1.13642 28.5417 1.01305 27.3686 1.16414L27.9738 4.45733C27.4134 4.63418 26.8973 4.93125 26.4607 5.32826L23.9322 3.15094C23.211 4.08868 22.716 5.18366 22.4863 6.34887L24.7055 9.2202C24.6619 9.62014 24.6394 10.0222 24.6383 10.4245C24.6383 10.8464 24.6383 11.275 24.7055 11.7037L22.4863 11.9895C22.79 13.6666 23.2748 15.3049 23.9322 16.8748L26.4607 17.6505C26.9006 18.5646 27.4063 19.4447 27.9738 20.2837L27.3686 22.8692C28.3833 24.2151 29.5426 25.4428 30.8252 26.5298L32.1702 24.754C32.5199 25.0057 32.8763 25.2439 33.2394 25.4344C33.5847 25.6374 33.9418 25.8191 34.3087 25.9787L35.6536 29.3808C36.7714 29.7727 37.964 29.8962 39.1371 29.7414L38.5319 26.455C39.0904 26.2738 39.6056 25.9772 40.045 25.5841L42.5736 27.7614C43.2938 26.8239 43.7867 25.7286 44.0127 24.5635L41.8002 21.6853C41.8529 21.2859 41.8843 20.8839 41.8943 20.481ZM33.2529 18.7936C32.4109 18.2409 31.7096 17.495 31.206 16.6166C30.7024 15.7382 30.4106 14.752 30.3544 13.7381C30.3544 11.8806 31.6523 11.1322 33.2529 12.0643C34.0954 12.6181 34.7969 13.3651 35.3005 14.2447C35.8041 15.1243 36.0956 16.1116 36.1513 17.1266C36.1513 18.9841 34.8534 19.7257 33.2529 18.7936Z\" fill=\"url(#paint16_linear_1997_1146)\"\/>\n<g style=\"mix-blend-mode:screen\">\n<path style=\"mix-blend-mode:screen\" d=\"M24.6598 11.6562L22.5078 11.9352C22.5109 11.9578 22.5109 11.9807 22.5078 12.0033L24.653 11.7311C24.6519 11.706 24.6542 11.6808 24.6598 11.6562Z\" fill=\"url(#paint17_radial_1997_1146)\"\/>\n<path style=\"mix-blend-mode:screen\" d=\"M30.8051 1.55198L32.1501 4.95403C32.5157 5.11635 32.8726 5.29805 33.2194 5.49836C33.5758 5.70929 33.9322 5.94743 34.2886 6.17877L35.6336 4.39609C36.9233 5.50176 38.0912 6.74504 39.1171 8.10433L38.5118 10.6899C39.0757 11.5299 39.5792 12.4099 40.0182 13.3231L42.5468 14.0987C43.1965 15.6469 43.6768 17.2622 43.9792 18.916H44.0532C43.7519 17.2392 43.2693 15.6009 42.614 14.0307L40.1191 13.2346C39.6767 12.3219 39.171 11.442 38.606 10.6014L39.2112 8.01588C38.1872 6.65501 37.019 5.41154 35.7277 4.30764L34.3693 6.11753C34.0196 5.86578 33.6968 5.62764 33.3001 5.43712C32.9533 5.23681 32.5964 5.05512 32.2308 4.89279L30.8858 1.52476C29.7672 1.13642 28.5755 1.01305 27.4023 1.16414V1.23899C28.5455 1.08625 29.7079 1.19317 30.8051 1.55198Z\" fill=\"url(#paint18_radial_1997_1146)\"\/>\n<path style=\"mix-blend-mode:screen\" d=\"M30.3426 13.8061C30.3988 14.82 30.6905 15.8062 31.1941 16.6846C31.6977 17.563 32.399 18.3088 33.241 18.8615C34.3439 19.5079 35.2988 19.3514 35.7897 18.5826C35.2854 19.263 34.3573 19.3991 33.3015 18.7799C32.4595 18.2272 31.7582 17.4813 31.2546 16.6029C30.751 15.7245 30.4593 14.7383 30.4031 13.7244C30.3826 13.2358 30.5016 12.7515 30.7461 12.3296C30.4594 12.7656 30.3181 13.283 30.3426 13.8061Z\" fill=\"url(#paint19_radial_1997_1146)\"\/>\n<path style=\"mix-blend-mode:screen\" d=\"M41.9431 20.4607C41.9431 20.066 41.9431 19.6646 41.8758 19.2563H41.8086C41.8563 19.6833 41.881 20.1126 41.8826 20.5423C41.8836 20.9517 41.8589 21.3608 41.8086 21.7671L44.0278 24.6384C43.8244 25.6674 43.4172 26.6441 42.8308 27.5097C43.4465 26.6235 43.8746 25.6182 44.0883 24.5567L41.8758 21.6854C41.9202 21.2787 41.9427 20.8699 41.9431 20.4607Z\" fill=\"url(#paint20_radial_1997_1146)\"\/>\n<path style=\"mix-blend-mode:screen\" d=\"M38.5469 26.5302L39.1387 29.7417H39.2126L38.6141 26.5098L38.5469 26.5302Z\" fill=\"url(#paint21_radial_1997_1146)\"\/>\n<path style=\"mix-blend-mode:screen\" d=\"M23.8934 3.17149L26.4219 5.35561C26.8569 4.95629 27.3735 4.65892 27.935 4.48468V4.43025C27.4031 4.6084 26.9132 4.89562 26.4959 5.27396L23.9539 3.08984C23.8665 3.19871 23.7858 3.30757 23.7051 3.42324C23.7656 3.33479 23.8261 3.25314 23.8934 3.17149Z\" fill=\"url(#paint22_radial_1997_1146)\"\/>\n<\/g>\n<path d=\"M33.255 6.72307C29.1124 4.30081 25.75 6.23998 25.75 11.0505C25.75 15.861 29.1124 21.7193 33.255 24.1416C37.3975 26.5638 40.7532 24.6247 40.7532 19.8142C40.7532 15.0037 37.3975 9.13853 33.255 6.72307ZM33.255 20.1816C32.0655 19.4001 31.0748 18.346 30.3633 17.1047C29.6517 15.8634 29.2393 14.4699 29.1595 13.0373C29.1595 10.4177 30.9954 9.36306 33.255 10.6831C34.4434 11.4634 35.4331 12.5165 36.1435 13.7567C36.854 14.997 37.2652 16.3893 37.3437 17.8206C37.3437 20.4469 35.5145 21.5016 33.255 20.1816Z\" fill=\"url(#paint23_linear_1997_1146)\"\/>\n<g style=\"mix-blend-mode:multiply\">\n<g style=\"mix-blend-mode:multiply\">\n<path d=\"M37.7003 17.1401C37.6218 15.7089 37.2106 14.3165 36.5002 13.0763C35.7897 11.8361 34.8 10.783 33.6116 10.0026C31.7959 8.94118 30.2492 9.41747 29.7246 11.0028C30.3971 9.98221 31.7421 9.79169 33.2753 10.683C34.46 11.4657 35.4458 12.5198 36.1527 13.7598C36.8595 14.9999 37.2676 16.3911 37.3439 17.8205C37.3487 18.2821 37.2806 18.7415 37.1422 19.1814C37.5306 18.5749 37.7255 17.8623 37.7003 17.1401Z\" fill=\"#AFB6E5\"\/>\n<\/g>\n<g style=\"mix-blend-mode:multiply\">\n<path d=\"M33.5912 23.4612C29.4487 21.0389 26.0862 15.1806 26.0862 10.3701C26.0712 9.40462 26.2426 8.44547 26.5906 7.54639C25.9993 8.61479 25.7085 9.8267 25.75 11.0505C25.75 15.861 29.1124 21.7193 33.2549 24.1416C36.4493 26.0059 39.1728 25.2711 40.2556 22.6311C39.0047 24.7063 36.4963 25.169 33.5912 23.4612Z\" fill=\"#AFB6E5\"\/>\n<\/g>\n<\/g>\n<path d=\"M33.96 3.79039L32.1846 4.85183L30.8262 1.4838L32.5948 0.422363L33.96 3.79039Z\" fill=\"#AFB6E5\"\/>\n<path d=\"M39.1638 8.03605L40.9325 6.97461L40.3272 9.55336L38.5586 10.6148L39.1638 8.03605Z\" fill=\"#AFB6E5\"\/>\n<path d=\"M41.8409 12.1934L44.3695 12.9622L42.6008 14.0237L40.0723 13.2548L41.8409 12.1934Z\" fill=\"#AFB6E5\"\/>\n<defs>\n<linearGradient id=\"paint0_linear_1997_1146\" x1=\"-11.1915\" y1=\"85.2219\" x2=\"33.5944\" y2=\"23.5702\" gradientUnits=\"userSpaceOnUse\">\n<stop stop-color=\"#B9BFEA\"\/>\n<stop offset=\"0.39\" stop-color=\"#CED3F4\"\/>\n<stop offset=\"0.67\" stop-color=\"#DEE2FC\"\/>\n<stop offset=\"0.78\" stop-color=\"#E5E9FF\"\/>\n<stop offset=\"1\" stop-color=\"#EFF1FF\"\/>\n<\/linearGradient>\n<linearGradient id=\"paint1_linear_1997_1146\" x1=\"2.62691\" y1=\"34.293\" x2=\"60.9421\" y2=\"54.2825\" gradientUnits=\"userSpaceOnUse\">\n<stop stop-color=\"#00C7C5\"\/>\n<stop offset=\"0.33\" stop-color=\"#2D9BE0\"\/>\n<stop offset=\"0.63\" stop-color=\"#5277F7\"\/>\n<stop offset=\"0.69\" stop-color=\"#5B76F7\"\/>\n<stop offset=\"0.79\" stop-color=\"#7374F6\"\/>\n<stop offset=\"0.91\" stop-color=\"#9A70F4\"\/>\n<stop offset=\"1\" stop-color=\"#BB6DF3\"\/>\n<\/linearGradient>\n<linearGradient id=\"paint2_linear_1997_1146\" x1=\"16.8168\" y1=\"78.5541\" x2=\"60.0661\" y2=\"35.9294\" gradientUnits=\"userSpaceOnUse\">\n<stop stop-color=\"#B9BFEA\"\/>\n<stop offset=\"0.39\" stop-color=\"#CED3F4\"\/>\n<stop offset=\"0.67\" stop-color=\"#DEE2FC\"\/>\n<stop offset=\"0.78\" stop-color=\"#E5E9FF\"\/>\n<stop offset=\"1\" stop-color=\"#EFF1FF\"\/>\n<\/linearGradient>\n<radialGradient id=\"paint3_radial_1997_1146\" cx=\"0\" cy=\"0\" r=\"1\" gradientUnits=\"userSpaceOnUse\" gradientTransform=\"translate(49.1852 28.4145) scale(3.34227 3.38164)\">\n<stop stop-color=\"white\"\/>\n<stop offset=\"1\"\/>\n<\/radialGradient>\n<radialGradient id=\"paint4_radial_1997_1146\" cx=\"0\" cy=\"0\" r=\"1\" gradientUnits=\"userSpaceOnUse\" gradientTransform=\"translate(51.0204 44.3497) scale(4.38462 4.43627)\">\n<stop stop-color=\"white\"\/>\n<stop offset=\"1\"\/>\n<\/radialGradient>\n<radialGradient id=\"paint5_radial_1997_1146\" cx=\"0\" cy=\"0\" r=\"1\" gradientUnits=\"userSpaceOnUse\" gradientTransform=\"translate(58.7126 36.2394) scale(5.89772 5.9672)\">\n<stop stop-color=\"white\"\/>\n<stop offset=\"1\"\/>\n<\/radialGradient>\n<radialGradient id=\"paint6_radial_1997_1146\" cx=\"0\" cy=\"0\" r=\"1\" gradientUnits=\"userSpaceOnUse\" gradientTransform=\"translate(39.8365 44.0908) scale(0.618689 0.625976)\">\n<stop stop-color=\"white\"\/>\n<stop offset=\"1\"\/>\n<\/radialGradient>\n<radialGradient id=\"paint7_radial_1997_1146\" cx=\"0\" cy=\"0\" r=\"1\" gradientUnits=\"userSpaceOnUse\" gradientTransform=\"translate(42.3924 27.9449) scale(2.50166 2.53113)\">\n<stop stop-color=\"white\"\/>\n<stop offset=\"1\"\/>\n<\/radialGradient>\n<radialGradient id=\"paint8_radial_1997_1146\" cx=\"0\" cy=\"0\" r=\"1\" gradientUnits=\"userSpaceOnUse\" gradientTransform=\"translate(63.5831 48.9153) scale(3.66506 3.70823)\">\n<stop stop-color=\"white\"\/>\n<stop offset=\"1\"\/>\n<\/radialGradient>\n<radialGradient id=\"paint9_radial_1997_1146\" cx=\"0\" cy=\"0\" r=\"1\" gradientUnits=\"userSpaceOnUse\" gradientTransform=\"translate(62.7152 55.9509) scale(2.11834 2.14329)\">\n<stop stop-color=\"white\"\/>\n<stop offset=\"1\"\/>\n<\/radialGradient>\n<radialGradient id=\"paint10_radial_1997_1146\" cx=\"0\" cy=\"0\" r=\"1\" gradientUnits=\"userSpaceOnUse\" gradientTransform=\"translate(57.0058 60.5978) scale(0.93476 0.94577)\">\n<stop stop-color=\"white\"\/>\n<stop offset=\"1\"\/>\n<\/radialGradient>\n<radialGradient id=\"paint11_radial_1997_1146\" cx=\"0\" cy=\"0\" r=\"1\" gradientUnits=\"userSpaceOnUse\" gradientTransform=\"translate(49.1118 57.3321) scale(0.652316 0.659999)\">\n<stop stop-color=\"white\"\/>\n<stop offset=\"1\"\/>\n<\/radialGradient>\n<radialGradient id=\"paint12_radial_1997_1146\" cx=\"0\" cy=\"0\" r=\"1\" gradientUnits=\"userSpaceOnUse\" gradientTransform=\"translate(38.5054 34.1776) scale(0.847334 0.857318)\">\n<stop stop-color=\"white\"\/>\n<stop offset=\"1\"\/>\n<\/radialGradient>\n<linearGradient id=\"paint13_linear_1997_1146\" x1=\"4.95481\" y1=\"27.5161\" x2=\"63.27\" y2=\"47.5056\" gradientUnits=\"userSpaceOnUse\">\n<stop stop-color=\"#00C7C5\"\/>\n<stop offset=\"0.33\" stop-color=\"#2D9BE0\"\/>\n<stop offset=\"0.63\" stop-color=\"#5277F7\"\/>\n<stop offset=\"0.69\" stop-color=\"#5B76F7\"\/>\n<stop offset=\"0.79\" stop-color=\"#7374F6\"\/>\n<stop offset=\"0.91\" stop-color=\"#9A70F4\"\/>\n<stop offset=\"1\" stop-color=\"#BB6DF3\"\/>\n<\/linearGradient>\n<linearGradient id=\"paint14_linear_1997_1146\" x1=\"47.2478\" y1=\"39.6277\" x2=\"53.9827\" y2=\"49.0655\" gradientUnits=\"userSpaceOnUse\">\n<stop stop-color=\"#AFB6E5\"\/>\n<stop offset=\"0.47\" stop-color=\"#D1D5F0\"\/>\n<stop offset=\"0.8\" stop-color=\"#B8BEE8\"\/>\n<stop offset=\"0.99\" stop-color=\"#AFB6E5\"\/>\n<\/linearGradient>\n<linearGradient id=\"paint15_linear_1997_1146\" x1=\"30.4967\" y1=\"12.411\" x2=\"35.1137\" y2=\"18.8239\" gradientUnits=\"userSpaceOnUse\">\n<stop stop-color=\"#AFB6E5\"\/>\n<stop offset=\"0.47\" stop-color=\"#D1D5F0\"\/>\n<stop offset=\"0.8\" stop-color=\"#B8BEE8\"\/>\n<stop offset=\"0.99\" stop-color=\"#AFB6E5\"\/>\n<\/linearGradient>\n<linearGradient id=\"paint16_linear_1997_1146\" x1=\"4.77299\" y1=\"68.586\" x2=\"37.7912\" y2=\"8.38071\" gradientUnits=\"userSpaceOnUse\">\n<stop stop-color=\"#B9BFEA\"\/>\n<stop offset=\"0.39\" stop-color=\"#CED3F4\"\/>\n<stop offset=\"0.67\" stop-color=\"#DEE2FC\"\/>\n<stop offset=\"0.78\" stop-color=\"#E5E9FF\"\/>\n<stop offset=\"1\" stop-color=\"#EFF1FF\"\/>\n<\/linearGradient>\n<radialGradient id=\"paint17_radial_1997_1146\" cx=\"0\" cy=\"0\" r=\"1\" gradientUnits=\"userSpaceOnUse\" gradientTransform=\"translate(23.5905 11.8332) scale(0.773362 0.782472)\">\n<stop stop-color=\"white\"\/>\n<stop offset=\"1\"\/>\n<\/radialGradient>\n<radialGradient id=\"paint18_radial_1997_1146\" cx=\"0\" cy=\"0\" r=\"1\" gradientUnits=\"userSpaceOnUse\" gradientTransform=\"translate(38.2832 10.7511) scale(8.5944 8.69564)\">\n<stop stop-color=\"white\"\/>\n<stop offset=\"1\"\/>\n<\/radialGradient>\n<radialGradient id=\"paint19_radial_1997_1146\" cx=\"0\" cy=\"0\" r=\"1\" gradientUnits=\"userSpaceOnUse\" gradientTransform=\"translate(31.9296 16.7931) scale(3.10017 3.13669)\">\n<stop stop-color=\"white\"\/>\n<stop offset=\"1\"\/>\n<\/radialGradient>\n<radialGradient id=\"paint20_radial_1997_1146\" cx=\"0\" cy=\"0\" r=\"1\" gradientUnits=\"userSpaceOnUse\" gradientTransform=\"translate(42.9518 23.3728) scale(2.98585 3.02102)\">\n<stop stop-color=\"white\"\/>\n<stop offset=\"1\"\/>\n<\/radialGradient>\n<radialGradient id=\"paint21_radial_1997_1146\" cx=\"0\" cy=\"0\" r=\"1\" gradientUnits=\"userSpaceOnUse\" gradientTransform=\"translate(38.8764 28.1087) scale(1.15668 1.17031)\">\n<stop stop-color=\"white\"\/>\n<stop offset=\"1\"\/>\n<\/radialGradient>\n<radialGradient id=\"paint22_radial_1997_1146\" cx=\"0\" cy=\"0\" r=\"1\" gradientUnits=\"userSpaceOnUse\" gradientTransform=\"translate(25.8167 4.22613) scale(1.68795 1.70783)\">\n<stop stop-color=\"white\"\/>\n<stop offset=\"1\"\/>\n<\/radialGradient>\n<linearGradient id=\"paint23_linear_1997_1146\" x1=\"11.695\" y1=\"7.86616\" x2=\"70.0102\" y2=\"27.8556\" gradientUnits=\"userSpaceOnUse\">\n<stop stop-color=\"#00C7C5\"\/>\n<stop offset=\"0.33\" stop-color=\"#2D9BE0\"\/>\n<stop offset=\"0.63\" stop-color=\"#5277F7\"\/>\n<stop offset=\"0.69\" stop-color=\"#5B76F7\"\/>\n<stop offset=\"0.79\" stop-color=\"#7374F6\"\/>\n<stop offset=\"0.91\" stop-color=\"#9A70F4\"\/>\n<stop offset=\"1\" stop-color=\"#BB6DF3\"\/>\n<\/linearGradient>\n<\/defs>\n<\/svg>\n","icon_position":"left","icon_box_align":"left","title":"Provides a different perspective","info":"<p>Flier bighead carp devario shortnose sucker platy smalleye squaretail zebra. Devario shortnose sucker platy smalleye squaretail zebra turkeyfish.<\/p>","icon_container_size":{"unit":"px","size":70,"sizes":[]},"icon_size":{"unit":"px","size":75,"sizes":[]},"icon_svg_size":{"unit":"px","size":67,"sizes":[]},"icon_margin":{"unit":"px","top":"0","right":"30","bottom":"0","left":"0","isLinked":false},"title_margin":{"unit":"px","size":21,"sizes":[]},"title_typography_typography":"custom","title_typography_font_family":"Plus Jakarta Sans","info_margin":{"unit":"px","size":15,"sizes":[]},"_padding":{"unit":"%","top":"0","right":"21","bottom":"0","left":"0","isLinked":false},"_padding_widescreen":{"unit":"%","top":"","right":"","bottom":"","left":"","isLinked":true},"_padding_laptop":{"unit":"%","top":"","right":"","bottom":"","left":"","isLinked":true},"_padding_tablet_extra":{"unit":"%","top":"0","right":"0","bottom":"0","left":"0","isLinked":true},"_padding_tablet":{"unit":"%","top":"","right":"","bottom":"","left":"","isLinked":true},"_padding_mobile_extra":{"unit":"%","top":"","right":"","bottom":"","left":"","isLinked":true},"_padding_mobile":{"unit":"%","top":"","right":"","bottom":"","left":"","isLinked":true},"icon_position_mobile_extra":"top","_margin_mobile":{"unit":"px","top":"20","right":"0","bottom":"0","left":"0","isLinked":false}},"elements":[],"isInner":false,"widgetType":"etherium_icon_box","elType":"widget"}],"isInner":false,"elType":"column"}],"isInner":false,"elType":"section"},{"id":"4aa918d2","settings":{"margin":{"unit":"px","top":"50","right":0,"bottom":"0","left":0,"isLinked":false},"structure":"20","margin_mobile":{"unit":"px","top":"20","right":0,"bottom":"0","left":0,"isLinked":false}},"elements":[{"id":"1aab0c98","settings":{"_column_size":50,"_inline_size":null},"elements":[{"id":"1c438576","settings":{"icon_type":"svg","default_icon":{"value":"fas fa-square-root-alt","library":"fa-solid"},"svg_icon":"<svg viewBox=\"0 0 58 69\" fill=\"none\" xmlns=\"http:\/\/www.w3.org\/2000\/svg\">\n<path d=\"M29.8955 33.2313V68.9993C16.0279 61.0455 4.29268 44.6541 0 27.1709L29.8955 33.2313Z\" fill=\"url(#paint0_linear_1997_1139)\"\/>\n<path d=\"M29.8945 68.9991L32.7029 67.3682L32.6541 32.001L29.8945 33.231V68.9991Z\" fill=\"#AFB6E5\"\/>\n<path d=\"M0 27.1708L2.80836 25.5469L32.7038 31.6073L29.8955 33.2312L0 27.1708Z\" fill=\"#E5E9FF\"\/>\n<path d=\"M56.3563 34.931C52.2657 18.3738 38.851 2.88766 26.3423 0.351553C22.5862 -0.408587 19.3388 0.088959 16.7256 1.60233L13.1019 4.249L13.3388 4.63598C9.85451 9.16227 8.82315 16.6669 11.0531 25.7471L28.7326 29.3336L33.7012 37.3151V57.4381C35.9723 58.8056 38.4604 59.7823 41.0601 60.3266C43.3409 60.8379 45.7124 60.7952 47.973 60.2022L48.3493 60.8034C48.3493 60.8034 51.8336 58.3088 52.2587 57.9425L52.8023 57.5486L52.7604 57.4934C57.2413 53.2435 58.8371 45.0616 56.3563 34.931Z\" fill=\"url(#paint1_linear_1997_1139)\"\/>\n<path d=\"M30.892 32.4293L8.23691 27.8339C4.17419 11.2491 11.0244 -0.0977664 23.5679 2.43834C36.1115 4.97444 49.4773 20.4606 53.5401 37.0247C57.6028 53.5889 50.7596 64.9564 38.2509 62.4203C35.6519 61.8734 33.1643 60.897 30.892 59.5318V32.4293Z\" fill=\"url(#paint2_linear_1997_1139)\"\/>\n<path style=\"mix-blend-mode:color-dodge\" d=\"M53.7293 36.8382C49.6666 20.274 36.238 4.79478 23.6944 2.25868C21.8052 1.8447 19.8533 1.79543 17.9453 2.11356C19.5909 1.94206 21.2535 2.02834 22.8721 2.36925C35.4157 4.91226 48.8164 20.3915 52.8861 36.9556C56.2729 50.7764 52.0708 60.9553 43.3321 62.524C52.6561 61.4598 57.2206 51.0666 53.7293 36.8382Z\" fill=\"url(#paint3_radial_1997_1139)\"\/>\n<defs>\n<linearGradient id=\"paint0_linear_1997_1139\" x1=\"-3.95819\" y1=\"59.4492\" x2=\"40.7303\" y2=\"32.1176\" gradientUnits=\"userSpaceOnUse\">\n<stop stop-color=\"#AFB6E5\"\/>\n<stop offset=\"0.14\" stop-color=\"#B6BCE8\"\/>\n<stop offset=\"0.35\" stop-color=\"#C8CDF1\"\/>\n<stop offset=\"0.58\" stop-color=\"#E5E9FF\"\/>\n<stop offset=\"0.86\" stop-color=\"#F5F6FF\"\/>\n<stop offset=\"1\" stop-color=\"white\"\/>\n<\/linearGradient>\n<linearGradient id=\"paint1_linear_1997_1139\" x1=\"51.1786\" y1=\"57.3828\" x2=\"18.3979\" y2=\"1.58891\" gradientUnits=\"userSpaceOnUse\">\n<stop offset=\"0.09\" stop-color=\"#4088EC\"\/>\n<stop offset=\"0.5\" stop-color=\"#388CD6\"\/>\n<stop offset=\"0.69\" stop-color=\"#4EC1EA\"\/>\n<stop offset=\"0.8\" stop-color=\"#58D9F3\"\/>\n<stop offset=\"1\" stop-color=\"#38A6F5\"\/>\n<\/linearGradient>\n<linearGradient id=\"paint2_linear_1997_1139\" x1=\"45.4355\" y1=\"14.2067\" x2=\"8.53753\" y2=\"61.2154\" gradientUnits=\"userSpaceOnUse\">\n<stop stop-color=\"#00C7C5\"\/>\n<stop offset=\"0.33\" stop-color=\"#2D9BE0\"\/>\n<stop offset=\"0.63\" stop-color=\"#5277F7\"\/>\n<stop offset=\"0.69\" stop-color=\"#5B76F7\"\/>\n<stop offset=\"0.79\" stop-color=\"#7374F6\"\/>\n<stop offset=\"0.91\" stop-color=\"#9A70F4\"\/>\n<stop offset=\"1\" stop-color=\"#BB6DF3\"\/>\n<\/linearGradient>\n<radialGradient id=\"paint3_radial_1997_1139\" cx=\"0\" cy=\"0\" r=\"1\" gradientUnits=\"userSpaceOnUse\" gradientTransform=\"translate(40.4192 24.5377) scale(25.2404 25.0293)\">\n<stop stop-color=\"white\"\/>\n<stop offset=\"0.1\" stop-color=\"#FAFAFA\"\/>\n<stop offset=\"0.22\" stop-color=\"#EAEAEA\"\/>\n<stop offset=\"0.36\" stop-color=\"#D1D1D1\"\/>\n<stop offset=\"0.51\" stop-color=\"#ADADAD\"\/>\n<stop offset=\"0.66\" stop-color=\"#808080\"\/>\n<stop offset=\"0.82\" stop-color=\"#484848\"\/>\n<stop offset=\"0.98\" stop-color=\"#070707\"\/>\n<stop offset=\"1\"\/>\n<\/radialGradient>\n<\/defs>\n<\/svg>\n","icon_position":"left","icon_box_align":"left","title":"Latest Information","info":"<p>Flier bighead carp devario shortnose sucker platy smalleye squaretail zebra. Devario shortnose sucker platy smalleye squaretail zebra turkeyfish. <\/p>","icon_container_size":{"unit":"px","size":61,"sizes":[]},"icon_size":{"unit":"px","size":75,"sizes":[]},"icon_svg_size":{"unit":"px","size":61,"sizes":[]},"icon_margin":{"unit":"px","top":"0","right":"31","bottom":"0","left":"0","isLinked":false},"title_margin":{"unit":"px","size":17,"sizes":[]},"title_typography_typography":"custom","title_typography_font_family":"Plus Jakarta Sans","info_margin":{"unit":"px","size":15,"sizes":[]},"_padding":{"unit":"%","top":"0","right":"16","bottom":"0","left":"0","isLinked":false},"_padding_widescreen":{"unit":"%","top":"","right":"","bottom":"","left":"","isLinked":true},"_padding_laptop":{"unit":"%","top":"","right":"","bottom":"","left":"","isLinked":true},"_padding_tablet_extra":{"unit":"%","top":"0","right":"0","bottom":"0","left":"0","isLinked":true},"_padding_tablet":{"unit":"%","top":"","right":"","bottom":"","left":"","isLinked":true},"_padding_mobile_extra":{"unit":"%","top":"","right":"","bottom":"","left":"","isLinked":true},"_padding_mobile":{"unit":"%","top":"","right":"","bottom":"","left":"","isLinked":true},"icon_position_mobile_extra":"top","_margin_mobile":{"unit":"px","top":"20","right":"0","bottom":"0","left":"0","isLinked":false}},"elements":[],"isInner":false,"widgetType":"etherium_icon_box","elType":"widget"}],"isInner":false,"elType":"column"},{"id":"48235c2","settings":{"_column_size":50,"_inline_size":null},"elements":[{"id":"354b1ade","settings":{"icon_type":"svg","default_icon":{"value":"fas fa-square-root-alt","library":"fa-solid"},"svg_icon":"<svg viewBox=\"0 0 72 61\" fill=\"none\" xmlns=\"http:\/\/www.w3.org\/2000\/svg\">\n<path d=\"M62.8662 45.1465V44.9356C62.2828 40.3842 60.2185 36.9068 60.2185 32.6431V21.7313L52.8908 17.4995L48.9609 19.8136C48.9609 19.8136 54.3589 35.9607 53.7627 39.892C53.8095 40.699 54.0456 41.4838 54.452 42.1833C54.8584 42.8828 55.4238 43.4773 56.1027 43.9192H56.1668L56.8463 49.6723L61.9751 46.6999C62.2691 46.5681 62.5138 46.3467 62.6739 46.0677C62.834 45.7886 62.9013 45.4661 62.8662 45.1465Z\" fill=\"url(#paint0_linear_1997_1241)\"\/>\n<path d=\"M54.819 49.7618L50.4019 47.2048C49.7222 46.7659 49.1564 46.1727 48.7508 45.4739C48.3452 44.775 48.1114 43.9903 48.0684 43.184C48.6837 39.0747 48.9859 34.9248 48.9723 30.77V19.8135L56.2615 24.0324V34.9762C56.2737 39.4029 56.5649 43.8245 57.1334 48.2148V48.4258C57.1654 49.9088 56.114 50.4969 54.819 49.7618Z\" fill=\"url(#paint1_linear_1997_1241)\"\/>\n<path style=\"mix-blend-mode:color-dodge\" d=\"M57.3326 48.119C56.759 43.7291 56.4656 39.3074 56.4544 34.8804V23.9367L49.1523 19.7305V20.1012L56.0697 24.0837V35.021C56.0787 39.45 56.3699 43.8739 56.9416 48.266V48.477C56.9738 48.7585 56.9315 49.0434 56.8191 49.3036C56.7066 49.5638 56.5278 49.7901 56.3005 49.96C56.9416 49.845 57.3519 49.2632 57.3519 48.33L57.3326 48.119Z\" fill=\"url(#paint2_radial_1997_1241)\"\/>\n<path d=\"M53.825 34.3756L53.2031 39.4256L54.5622 38.6458V33.9346L53.825 34.3756Z\" fill=\"url(#paint3_linear_1997_1241)\"\/>\n<path d=\"M53.8304 34.3754L53.2021 39.4254L50.5352 37.9232L51.1634 32.8477L53.8304 34.3754Z\" fill=\"url(#paint4_linear_1997_1241)\"\/>\n<path d=\"M51.1641 32.8478L53.831 34.3755L54.5618 33.9345L51.8885 32.4131L51.1641 32.8478Z\" fill=\"url(#paint5_linear_1997_1241)\"\/>\n<path style=\"mix-blend-mode:multiply\" d=\"M54.819 49.7618L50.4019 47.2048C49.7222 46.7659 49.1564 46.1727 48.7508 45.4739C48.3452 44.775 48.1114 43.9903 48.0684 43.184C48.6837 39.0747 48.9859 34.9248 48.9723 30.77V19.8135L56.2615 24.0324V34.9762C56.2737 39.4029 56.5649 43.8245 57.1334 48.2148V48.4258C57.1654 49.9088 56.114 50.4969 54.819 49.7618Z\" fill=\"url(#paint6_radial_1997_1241)\"\/>\n<path d=\"M71.0379 15.0895C71.0379 17.6017 70.1724 19.3788 68.7556 20.2353L61.3382 24.5949C59.8701 25.4132 60.8125 23.553 58.5815 22.2681C54.0939 19.6856 50.4525 13.4211 50.4525 8.30717C50.4525 5.75022 48.0997 5.75022 49.5422 4.90003L57.2352 0.482901C58.6969 -0.303361 60.7035 -0.156337 62.9089 1.12214C67.3965 3.69187 71.0379 9.9564 71.0379 15.0895Z\" fill=\"url(#paint7_linear_1997_1241)\"\/>\n<path d=\"M61.0765 24.7044C64.231 22.8657 64.1982 16.9574 61.0033 11.5079C57.8083 6.05837 52.6611 3.13125 49.5066 4.96999C46.3521 6.80873 46.3849 12.717 49.5799 18.1665C52.7748 23.6161 57.9221 26.5432 61.0765 24.7044Z\" fill=\"url(#paint8_linear_1997_1241)\"\/>\n<path style=\"mix-blend-mode:color-dodge\" d=\"M55.6793 5.33487C53.5253 4.09475 51.57 3.92855 50.1211 4.65728C51.4738 4.28013 53.1534 4.5614 54.9806 5.60975C59.4682 8.1667 63.1096 14.4504 63.1096 19.5899C63.1096 22.2619 62.1159 24.1029 60.5452 24.8891C62.5326 24.3394 63.8148 22.3706 63.8148 19.315C63.8084 14.1819 60.167 7.92379 55.6793 5.33487Z\" fill=\"url(#paint9_radial_1997_1241)\"\/>\n<path d=\"M62.1722 20.037C62.1722 22.4725 61.326 24.1984 59.954 25.0358L56.8255 26.8449C49.2158 31.2428 46.3693 39.0607 42.1189 48.694V48.7388C39.2084 50.3497 16.0137 11.5735 18.8538 9.90509C29.0214 10.685 37.1697 12.462 44.5358 8.24947L48.7414 5.84594C50.1646 5.07885 52.1071 5.2067 54.2547 6.45321C58.6206 8.94624 62.1722 15.0446 62.1722 20.037Z\" fill=\"url(#paint10_linear_1997_1241)\"\/>\n<path d=\"M44.3497 41.0427C44.3497 46.2845 42.5354 49.9921 39.5864 51.7947L36.663 53.6357C33.5922 55.3425 35.5539 51.4623 30.8932 48.7775C21.5205 43.3824 13.9172 30.3099 13.9172 19.5772C13.9172 14.2715 9 14.2331 11.9939 12.456L15.4942 10.5383C18.5587 8.8891 22.7386 9.19593 27.348 11.8488C36.7464 17.2567 44.3497 30.3163 44.3497 41.0427Z\" fill=\"url(#paint11_linear_1997_1241)\"\/>\n<path d=\"M36.0948 53.8545C42.685 50.0131 42.6185 37.6733 35.9462 26.2926C29.274 14.912 18.5227 8.80032 11.9325 12.6417C5.34238 16.4831 5.40891 28.823 12.0811 40.2036C18.7534 51.5842 29.5047 57.6959 36.0948 53.8545Z\" fill=\"url(#paint12_linear_1997_1241)\"\/>\n<path d=\"M35.3084 52.5136C41.4676 48.9234 41.4037 37.3876 35.1657 26.7476C28.9277 16.1076 18.8778 10.3927 12.7186 13.9828C6.5594 17.573 6.62332 29.1088 12.8613 39.7488C19.0993 50.3888 29.1493 56.1038 35.3084 52.5136Z\" fill=\"url(#paint13_linear_1997_1241)\"\/>\n<path d=\"M27.1361 50.1005C18.3724 45.0569 11.2627 32.841 11.2627 22.7986C11.2627 18.1769 12.7757 14.8273 15.2631 13.0566C10.9742 13.8365 8.14062 17.7806 8.14062 24.1091C8.14062 34.1387 15.2503 46.3609 24.014 51.4045C28.7453 54.1277 32.9893 54.2044 35.8934 52.1268C33.3803 52.5871 30.3736 51.9606 27.1361 50.1005Z\" fill=\"url(#paint14_linear_1997_1241)\"\/>\n<path style=\"mix-blend-mode:color-dodge\" d=\"M24.5148 13.421C20.0271 10.8321 15.3728 11.0047 13.2188 12.0211C16.046 11.2284 20.0464 11.7079 23.8544 13.9004C33.2336 19.2956 40.8369 32.3744 40.8369 43.1008C40.8369 48.6877 38.2725 52.6446 34.9838 54.2875C38.4456 53.009 41.4972 48.9946 41.4972 42.6214C41.4972 31.863 33.8939 18.7842 24.5148 13.421Z\" fill=\"url(#paint15_radial_1997_1241)\"\/>\n<path style=\"mix-blend-mode:multiply\" d=\"M35.3084 52.5136C41.4676 48.9234 41.4037 37.3876 35.1657 26.7476C28.9277 16.1076 18.8778 10.3927 12.7186 13.9828C6.5594 17.573 6.62332 29.1088 12.8613 39.7488C19.0993 50.3888 29.1493 56.1038 35.3084 52.5136Z\" fill=\"url(#paint16_radial_1997_1241)\"\/>\n<path d=\"M32.965 23.2783L25.5028 29.3639C25.0412 29.6323 25.7977 29.6387 25.7977 30.4506C25.8503 31.3467 26.1126 32.2181 26.5634 32.9951C27.0143 33.772 27.6412 34.4331 28.3941 34.9252C29.1121 35.3343 28.8108 35.9288 29.2788 35.6667L37.8886 32.3811C36.6802 29.1332 35.023 26.0694 32.965 23.2783Z\" fill=\"url(#paint17_linear_1997_1241)\"\/>\n<path d=\"M29.1918 35.7013C30.2005 35.1133 30.1897 33.2234 29.1676 31.48C28.1455 29.7367 26.4992 28.8001 25.4905 29.388C24.4818 29.976 24.4926 31.8659 25.5147 33.6093C26.5368 35.3526 28.1831 36.2893 29.1918 35.7013Z\" fill=\"url(#paint18_linear_1997_1241)\"\/>\n<path d=\"M29.1314 33.5696C29.1314 34.701 28.3301 35.1549 27.3428 34.5859C26.8247 34.2502 26.3933 33.7974 26.0837 33.2643C25.774 32.7311 25.5948 32.1327 25.5605 31.5176C25.5605 30.3861 26.3555 29.9323 27.3428 30.5012C27.8617 30.8366 28.294 31.2892 28.6048 31.8223C28.9155 32.3554 29.0959 32.954 29.1314 33.5696Z\" fill=\"url(#paint19_linear_1997_1241)\"\/>\n<path style=\"mix-blend-mode:screen\" d=\"M27.4697 29.5106C27.2147 29.3283 26.9179 29.2129 26.6065 29.1749C26.295 29.137 25.979 29.1776 25.6875 29.2932C25.9531 29.2378 26.2272 29.2359 26.4936 29.2874C26.76 29.339 27.0134 29.4431 27.2389 29.5937C27.9951 30.0829 28.6249 30.7431 29.0772 31.5205C29.5294 32.298 29.7914 33.1709 29.8418 34.0683C29.8848 34.4041 29.8303 34.7452 29.6849 35.0511C29.5394 35.357 29.3091 35.6149 29.0212 35.7943C29.6623 35.6153 30.0661 34.9824 30.0661 34.0108C30.0204 33.1096 29.7613 32.2319 29.31 31.4497C28.8588 30.6675 28.2281 30.003 27.4697 29.5106Z\" fill=\"url(#paint20_radial_1997_1241)\"\/>\n<defs>\n<linearGradient id=\"paint0_linear_1997_1241\" x1=\"64.0586\" y1=\"45.4086\" x2=\"52.7672\" y2=\"25.5003\" gradientUnits=\"userSpaceOnUse\">\n<stop stop-color=\"#CDD2F3\"\/>\n<stop offset=\"0.04\" stop-color=\"white\"\/>\n<stop offset=\"0.17\" stop-color=\"#EBEEFF\"\/>\n<stop offset=\"0.2\" stop-color=\"#E5E9FF\"\/>\n<stop offset=\"0.35\" stop-color=\"#DBDFFA\"\/>\n<stop offset=\"0.59\" stop-color=\"#C0C6ED\"\/>\n<stop offset=\"0.72\" stop-color=\"#AFB6E5\"\/>\n<stop offset=\"0.91\" stop-color=\"#AFB6E5\"\/>\n<stop offset=\"1\" stop-color=\"#AFB6E5\"\/>\n<\/linearGradient>\n<linearGradient id=\"paint1_linear_1997_1241\" x1=\"59.1272\" y1=\"45.5364\" x2=\"47.2785\" y2=\"26.137\" gradientUnits=\"userSpaceOnUse\">\n<stop stop-color=\"#E5E9FF\"\/>\n<stop offset=\"0.23\" stop-color=\"#DBDFFA\"\/>\n<stop offset=\"0.62\" stop-color=\"#C0C6ED\"\/>\n<stop offset=\"0.82\" stop-color=\"#AFB6E5\"\/>\n<\/linearGradient>\n<radialGradient id=\"paint2_radial_1997_1241\" cx=\"0\" cy=\"0\" r=\"1\" gradientUnits=\"userSpaceOnUse\" gradientTransform=\"translate(63.3461 40.0007) scale(10.5844 10.5538)\">\n<stop stop-color=\"white\"\/>\n<stop offset=\"1\"\/>\n<\/radialGradient>\n<linearGradient id=\"paint3_linear_1997_1241\" x1=\"53.0941\" y1=\"36.9134\" x2=\"58.3998\" y2=\"35.3197\" gradientUnits=\"userSpaceOnUse\">\n<stop offset=\"0.04\" stop-color=\"#5277F7\"\/>\n<stop offset=\"0.27\" stop-color=\"#5686F8\"\/>\n<stop offset=\"0.71\" stop-color=\"#5FAFFC\"\/>\n<stop offset=\"1\" stop-color=\"#66CCFF\"\/>\n<\/linearGradient>\n<linearGradient id=\"paint4_linear_1997_1241\" x1=\"45.9385\" y1=\"37.5333\" x2=\"58.6927\" y2=\"34.6665\" gradientUnits=\"userSpaceOnUse\">\n<stop offset=\"0.04\" stop-color=\"#5277F7\"\/>\n<stop offset=\"0.27\" stop-color=\"#5686F8\"\/>\n<stop offset=\"0.71\" stop-color=\"#5FAFFC\"\/>\n<stop offset=\"1\" stop-color=\"#66CCFF\"\/>\n<\/linearGradient>\n<linearGradient id=\"paint5_linear_1997_1241\" x1=\"53.6579\" y1=\"31.8761\" x2=\"52.7517\" y2=\"33.6106\" gradientUnits=\"userSpaceOnUse\">\n<stop offset=\"0.04\" stop-color=\"#5277F7\"\/>\n<stop offset=\"0.27\" stop-color=\"#5686F8\"\/>\n<stop offset=\"0.71\" stop-color=\"#5FAFFC\"\/>\n<stop offset=\"1\" stop-color=\"#66CCFF\"\/>\n<\/linearGradient>\n<radialGradient id=\"paint6_radial_1997_1241\" cx=\"0\" cy=\"0\" r=\"1\" gradientUnits=\"userSpaceOnUse\" gradientTransform=\"translate(51.8123 24.6142) scale(11.3152 11.2825)\">\n<stop stop-color=\"#AFB6E5\"\/>\n<stop offset=\"1\" stop-color=\"white\"\/>\n<\/radialGradient>\n<linearGradient id=\"paint7_linear_1997_1241\" x1=\"54.9658\" y1=\"1.71024\" x2=\"66.4426\" y2=\"21.6449\" gradientUnits=\"userSpaceOnUse\">\n<stop offset=\"0.03\" stop-color=\"#588FF9\"\/>\n<stop offset=\"0.14\" stop-color=\"#5DA6FB\"\/>\n<stop offset=\"0.3\" stop-color=\"#66CCFF\"\/>\n<stop offset=\"0.64\" stop-color=\"#5277F7\"\/>\n<stop offset=\"0.88\" stop-color=\"#588FF9\"\/>\n<stop offset=\"0.97\" stop-color=\"#5277F7\"\/>\n<\/linearGradient>\n<linearGradient id=\"paint8_linear_1997_1241\" x1=\"32.7757\" y1=\"19.8681\" x2=\"78.7932\" y2=\"9.51948\" gradientUnits=\"userSpaceOnUse\">\n<stop offset=\"0.04\" stop-color=\"#5277F7\"\/>\n<stop offset=\"0.27\" stop-color=\"#5686F8\"\/>\n<stop offset=\"0.71\" stop-color=\"#5FAFFC\"\/>\n<stop offset=\"1\" stop-color=\"#66CCFF\"\/>\n<\/linearGradient>\n<radialGradient id=\"paint9_radial_1997_1241\" cx=\"0\" cy=\"0\" r=\"1\" gradientUnits=\"userSpaceOnUse\" gradientTransform=\"translate(56.9615 14.5591) scale(8.78293 8.75755)\">\n<stop stop-color=\"white\"\/>\n<stop offset=\"1\"\/>\n<\/radialGradient>\n<linearGradient id=\"paint10_linear_1997_1241\" x1=\"35.6824\" y1=\"6.95182\" x2=\"52.4317\" y2=\"36.0471\" gradientUnits=\"userSpaceOnUse\">\n<stop stop-color=\"#CDD2F3\"\/>\n<stop offset=\"0.2\" stop-color=\"#E5E9FF\"\/>\n<stop offset=\"0.28\" stop-color=\"#EFF2FF\"\/>\n<stop offset=\"0.35\" stop-color=\"white\"\/>\n<stop offset=\"0.46\" stop-color=\"#EBEDF9\"\/>\n<stop offset=\"0.68\" stop-color=\"#B9BFE8\"\/>\n<stop offset=\"0.72\" stop-color=\"#AFB6E5\"\/>\n<stop offset=\"0.91\" stop-color=\"#AFB6E5\"\/>\n<stop offset=\"1\" stop-color=\"#AFB6E5\"\/>\n<\/linearGradient>\n<linearGradient id=\"paint11_linear_1997_1241\" x1=\"16.9816\" y1=\"9.32378\" x2=\"41.2246\" y2=\"51.44\" gradientUnits=\"userSpaceOnUse\">\n<stop offset=\"0.03\" stop-color=\"#588FF9\"\/>\n<stop offset=\"0.14\" stop-color=\"#5DA6FB\"\/>\n<stop offset=\"0.3\" stop-color=\"#66CCFF\"\/>\n<stop offset=\"0.64\" stop-color=\"#5277F7\"\/>\n<stop offset=\"0.88\" stop-color=\"#588FF9\"\/>\n<stop offset=\"0.97\" stop-color=\"#5277F7\"\/>\n<\/linearGradient>\n<linearGradient id=\"paint12_linear_1997_1241\" x1=\"-23.0173\" y1=\"43.7599\" x2=\"73.1131\" y2=\"22.15\" gradientUnits=\"userSpaceOnUse\">\n<stop offset=\"0.04\" stop-color=\"#5277F7\"\/>\n<stop offset=\"0.27\" stop-color=\"#5686F8\"\/>\n<stop offset=\"0.71\" stop-color=\"#5FAFFC\"\/>\n<stop offset=\"1\" stop-color=\"#66CCFF\"\/>\n<\/linearGradient>\n<linearGradient id=\"paint13_linear_1997_1241\" x1=\"34.8281\" y1=\"51.9166\" x2=\"12.6978\" y2=\"13.475\" gradientUnits=\"userSpaceOnUse\">\n<stop stop-color=\"#CDD2F3\"\/>\n<stop offset=\"0.2\" stop-color=\"#E5E9FF\"\/>\n<stop offset=\"0.28\" stop-color=\"#EFF2FF\"\/>\n<stop offset=\"0.35\" stop-color=\"white\"\/>\n<stop offset=\"0.46\" stop-color=\"#EBEDF9\"\/>\n<stop offset=\"0.68\" stop-color=\"#B9BFE8\"\/>\n<stop offset=\"0.72\" stop-color=\"#AFB6E5\"\/>\n<stop offset=\"0.91\" stop-color=\"#AFB6E5\"\/>\n<stop offset=\"1\" stop-color=\"#AFB6E5\"\/>\n<\/linearGradient>\n<linearGradient id=\"paint14_linear_1997_1241\" x1=\"30.6301\" y1=\"55.0098\" x2=\"8.60831\" y2=\"16.7602\" gradientUnits=\"userSpaceOnUse\">\n<stop offset=\"0.03\" stop-color=\"#588FF9\"\/>\n<stop offset=\"0.14\" stop-color=\"#5DA6FB\"\/>\n<stop offset=\"0.3\" stop-color=\"#66CCFF\"\/>\n<stop offset=\"0.64\" stop-color=\"#5277F7\"\/>\n<stop offset=\"0.88\" stop-color=\"#588FF9\"\/>\n<stop offset=\"0.97\" stop-color=\"#5277F7\"\/>\n<\/linearGradient>\n<radialGradient id=\"paint15_radial_1997_1241\" cx=\"0\" cy=\"0\" r=\"1\" gradientUnits=\"userSpaceOnUse\" gradientTransform=\"translate(27.3548 32.7771) scale(18.2198 18.1671)\">\n<stop stop-color=\"white\"\/>\n<stop offset=\"1\"\/>\n<\/radialGradient>\n<radialGradient id=\"paint16_radial_1997_1241\" cx=\"0\" cy=\"0\" r=\"1\" gradientUnits=\"userSpaceOnUse\" gradientTransform=\"translate(40.0914 25.2285) scale(26.2719 26.196)\">\n<stop stop-color=\"#AFB6E5\"\/>\n<stop offset=\"1\" stop-color=\"white\"\/>\n<\/radialGradient>\n<linearGradient id=\"paint17_linear_1997_1241\" x1=\"28.612\" y1=\"25.7522\" x2=\"33.5521\" y2=\"34.6944\" gradientUnits=\"userSpaceOnUse\">\n<stop offset=\"0.12\" stop-color=\"#361CAC\"\/>\n<stop offset=\"0.35\" stop-color=\"#3830BD\"\/>\n<stop offset=\"0.52\" stop-color=\"#3D26AD\"\/>\n<stop offset=\"0.85\" stop-color=\"#480D84\"\/>\n<stop offset=\"1\" stop-color=\"#4E0070\"\/>\n<\/linearGradient>\n<linearGradient id=\"paint18_linear_1997_1241\" x1=\"24.7471\" y1=\"32.5453\" x2=\"29.94\" y2=\"32.5453\" gradientUnits=\"userSpaceOnUse\">\n<stop offset=\"0.01\" stop-color=\"#273B98\"\/>\n<stop offset=\"0.23\" stop-color=\"#2F2BA2\"\/>\n<stop offset=\"0.4\" stop-color=\"#361CAC\"\/>\n<stop offset=\"0.77\" stop-color=\"#440B89\"\/>\n<stop offset=\"1\" stop-color=\"#4E0070\"\/>\n<\/linearGradient>\n<linearGradient id=\"paint19_linear_1997_1241\" x1=\"25.5605\" y1=\"32.5468\" x2=\"29.1314\" y2=\"32.5468\" gradientUnits=\"userSpaceOnUse\">\n<stop offset=\"0.01\" stop-color=\"#836DF3\"\/>\n<stop offset=\"0.05\" stop-color=\"#8C6DF3\"\/>\n<stop offset=\"0.22\" stop-color=\"#A66DF3\"\/>\n<stop offset=\"0.37\" stop-color=\"#B56DF3\"\/>\n<stop offset=\"0.49\" stop-color=\"#BB6DF3\"\/>\n<stop offset=\"1\" stop-color=\"#F36DD4\"\/>\n<\/linearGradient>\n<radialGradient id=\"paint20_radial_1997_1241\" cx=\"0\" cy=\"0\" r=\"1\" gradientUnits=\"userSpaceOnUse\" gradientTransform=\"translate(27.88 32.4575) scale(2.80797 2.79986)\">\n<stop stop-color=\"white\"\/>\n<stop offset=\"1\"\/>\n<\/radialGradient>\n<\/defs>\n<\/svg>\n","icon_position":"left","icon_box_align":"left","title":"We Provide Quality Content","info":"<p>Reedfish bonefish trahira bristlenose catfish, longnose lancetfish morid. Pink salmon cherry salmon combtail gourami frigate mackerel snake mackerel.<\/p>","icon_container_size":{"unit":"px","size":70,"sizes":[]},"icon_size":{"unit":"px","size":75,"sizes":[]},"icon_svg_size":{"unit":"px","size":71,"sizes":[]},"icon_margin":{"unit":"px","top":"0","right":"30","bottom":"0","left":"0","isLinked":false},"title_margin":{"unit":"px","size":21,"sizes":[]},"title_typography_typography":"custom","title_typography_font_family":"Plus Jakarta Sans","info_margin":{"unit":"px","size":15,"sizes":[]},"_padding":{"unit":"%","top":"0","right":"21","bottom":"0","left":"0","isLinked":false},"_padding_widescreen":{"unit":"%","top":"","right":"","bottom":"","left":"","isLinked":true},"_padding_laptop":{"unit":"%","top":"","right":"","bottom":"","left":"","isLinked":true},"_padding_tablet_extra":{"unit":"%","top":"0","right":"0","bottom":"0","left":"0","isLinked":true},"_padding_tablet":{"unit":"%","top":"","right":"","bottom":"","left":"","isLinked":true},"_padding_mobile_extra":{"unit":"%","top":"","right":"","bottom":"","left":"","isLinked":true},"_padding_mobile":{"unit":"%","top":"","right":"","bottom":"","left":"","isLinked":true},"icon_position_mobile_extra":"top","title_margin_mobile_extra":{"unit":"px","size":8,"sizes":[]},"_margin_mobile":{"unit":"px","top":"20","right":"0","bottom":"0","left":"0","isLinked":false}},"elements":[],"isInner":false,"widgetType":"etherium_icon_box","elType":"widget"}],"isInner":false,"elType":"column"}],"isInner":false,"elType":"section"},{"id":"50960e5a","settings":{"margin":{"unit":"px","top":"120","right":0,"bottom":"0","left":0,"isLinked":false},"margin_mobile_extra":{"unit":"px","top":"80","right":0,"bottom":"0","left":0,"isLinked":false}},"elements":[{"id":"4942dfaa","settings":{"_column_size":100,"_inline_size":null},"elements":[{"id":"2b0f7497","settings":{"heading":"<p>Ready to get started?<\/p>","subtitle":"This is subheading element","title_align":"center"},"elements":[],"isInner":false,"widgetType":"etherium_heading","elType":"widget"},{"id":"57a0a736","settings":{"structure":"30","margin":{"unit":"px","top":"59","right":0,"bottom":"0","left":0,"isLinked":false},"gap":"wide","margin_tablet":{"unit":"px","top":"30","right":0,"bottom":"0","left":0,"isLinked":false}},"elements":[{"id":"731ad06b","settings":{"_column_size":33,"_inline_size":null,"_inline_size_tablet":50},"elements":[{"id":"75c49f01","settings":{"title":"Basic","currency":"$","price":"50","period":"month","custom_fields":[{"text":"Installation","_id":"7715c08","is_active":"yes"},{"text":"Repair & Replacement","_id":"46ceded","is_active":"yes"},{"text":"Monitoring Work","_id":"411172e","is_active":"yes"},{"text":"Panel Maintence","_id":"3ab9507"},{"text":"24\/7 Skilled Support","_id":"1fdbeec"}],"price_button_text":"Get Started","item_bg_color":"#B7F598","button_link":{"url":"#","is_external":"","nofollow":"","custom_attributes":""},"price_typography_line_height":{"unit":"px","size":71,"sizes":[]},"currency_typography_line_height":{"unit":"px","size":22,"sizes":[]},"period_typography_font_size":{"unit":"px","size":34,"sizes":[]},"period_typography_line_height":{"unit":"px","size":23,"sizes":[]},"item_content_padding":{"unit":"custom","top":"36px","right":"22.4%","bottom":"34px","left":"22.4%","isLinked":false},"fields_icon_color":"#00BD8C","fields_color":"#959EA9","item_bg_background":"gradient","item_bg_color_b":"#68E1D3","item_bg_gradient_angle":{"unit":"deg","size":106,"sizes":[]},"item_content_padding_widescreen":{"unit":"custom","top":"","right":"","bottom":"","left":"","isLinked":true},"item_content_padding_laptop":{"unit":"custom","top":"","right":"","bottom":"","left":"","isLinked":true},"item_content_padding_tablet_extra":{"unit":"custom","top":"","right":"","bottom":"","left":"","isLinked":true},"item_content_padding_tablet":{"unit":"custom","top":"","right":"","bottom":"","left":"","isLinked":true},"item_content_padding_mobile_extra":{"unit":"custom","top":"","right":"","bottom":"","left":"","isLinked":true},"item_content_padding_mobile":{"unit":"custom","top":"","right":"","bottom":"","left":"","isLinked":true},"image":{"url":"","id":"","size":"","alt":"","source":"library"},"item_content_bg_background":"classic","item_content_bg_color":"#1F1D40","title_color":"#09082A","price_typography_typography":"custom","price_typography_font_family":"Space Grotesk","currency_typography_typography":"custom","currency_typography_font_family":"Space Grotesk","price_margin":{"unit":"px","size":45,"sizes":[]},"content_margin":{"unit":"px","size":55,"sizes":[]}},"elements":[],"isInner":false,"widgetType":"etherium_price_item","elType":"widget"}],"isInner":true,"elType":"column"},{"id":"48720308","settings":{"_column_size":33,"_inline_size":null,"_inline_size_tablet":50},"elements":[{"id":"489c6ca8","settings":{"title":"Optimal","currency":"$","price":"60","period":"month","custom_fields":[{"text":"Installation","_id":"7715c08","is_active":"yes"},{"text":"Repair & Replacement","_id":"46ceded","is_active":"yes"},{"text":"Monitoring Work","_id":"411172e","is_active":"yes"},{"text":"Panel Maintence","_id":"3ab9507","is_active":"yes"},{"text":"24\/7 Skilled Support","_id":"1fdbeec"}],"price_button_text":"Get Started","item_bg_color":"#FFE979","button_link":{"url":"#","is_external":"","nofollow":"","custom_attributes":""},"price_typography_line_height":{"unit":"px","size":71,"sizes":[]},"currency_typography_line_height":{"unit":"px","size":22,"sizes":[]},"period_typography_font_size":{"unit":"px","size":34,"sizes":[]},"period_typography_line_height":{"unit":"px","size":23,"sizes":[]},"item_content_padding":{"unit":"custom","top":"36px","right":"22.4%","bottom":"34px","left":"22.4%","isLinked":false},"fields_icon_color":"#00BD8C","fields_color":"#959EA9","active_block_status":"","item_bg_background":"gradient","item_bg_color_b":"#F29A31","item_bg_gradient_angle":{"unit":"deg","size":106,"sizes":[]},"item_content_padding_widescreen":{"unit":"custom","top":"","right":"","bottom":"","left":"","isLinked":true},"item_content_padding_laptop":{"unit":"custom","top":"","right":"","bottom":"","left":"","isLinked":true},"item_content_padding_tablet_extra":{"unit":"custom","top":"","right":"","bottom":"","left":"","isLinked":true},"item_content_padding_tablet":{"unit":"custom","top":"","right":"","bottom":"","left":"","isLinked":true},"item_content_padding_mobile_extra":{"unit":"custom","top":"","right":"","bottom":"","left":"","isLinked":true},"item_content_padding_mobile":{"unit":"custom","top":"","right":"","bottom":"","left":"","isLinked":true},"item_content_bg_background":"classic","item_content_bg_color":"#1F1D40","title_color":"#09082A","price_typography_typography":"custom","price_typography_font_family":"Space Grotesk","currency_typography_typography":"custom","currency_typography_font_family":"Space Grotesk","price_margin":{"unit":"px","size":45,"sizes":[]},"content_margin":{"unit":"px","size":55,"sizes":[]}},"elements":[],"isInner":false,"widgetType":"etherium_price_item","elType":"widget"}],"isInner":true,"elType":"column"},{"id":"5392df23","settings":{"_column_size":33,"_inline_size":null,"_inline_size_tablet":50},"elements":[{"id":"447612f7","settings":{"title":"Ultimate","currency":"$","price":"70","period":"month","custom_fields":[{"text":"Installation","_id":"7715c08","is_active":"yes"},{"text":"Repair & Replacement","_id":"46ceded","is_active":"yes"},{"text":"Monitoring Work","_id":"411172e","is_active":"yes"},{"text":"Panel Maintence","_id":"3ab9507","is_active":"yes"},{"text":"24\/7 Skilled Support","_id":"1fdbeec","is_active":"yes"}],"price_button_text":"Get Started","item_bg_color":"#10C0FE","button_link":{"url":"#","is_external":"","nofollow":"","custom_attributes":""},"price_typography_line_height":{"unit":"px","size":71,"sizes":[]},"currency_typography_line_height":{"unit":"px","size":22,"sizes":[]},"period_typography_font_size":{"unit":"px","size":34,"sizes":[]},"period_typography_line_height":{"unit":"px","size":23,"sizes":[]},"item_content_padding":{"unit":"custom","top":"36px","right":"22.4%","bottom":"34px","left":"22.4%","isLinked":false},"fields_icon_color":"#00BD8C","fields_color":"#959EA9","active_block_status":"","image":{"url":"","id":"","size":"","alt":"","source":"library"},"item_bg_background":"gradient","item_bg_color_b":"#B499EC","item_bg_gradient_angle":{"unit":"deg","size":106,"sizes":[]},"item_content_padding_widescreen":{"unit":"custom","top":"","right":"","bottom":"","left":"","isLinked":true},"item_content_padding_laptop":{"unit":"custom","top":"","right":"","bottom":"","left":"","isLinked":true},"item_content_padding_tablet_extra":{"unit":"custom","top":"","right":"","bottom":"","left":"","isLinked":true},"item_content_padding_tablet":{"unit":"custom","top":"","right":"","bottom":"","left":"","isLinked":true},"item_content_padding_mobile_extra":{"unit":"custom","top":"","right":"","bottom":"","left":"","isLinked":true},"item_content_padding_mobile":{"unit":"custom","top":"","right":"","bottom":"","left":"","isLinked":true},"item_content_bg_background":"classic","item_content_bg_color":"#1F1D40","title_color":"#09082A","price_typography_typography":"custom","price_typography_font_family":"Space Grotesk","currency_typography_typography":"custom","currency_typography_font_family":"Space Grotesk","price_margin":{"unit":"px","size":45,"sizes":[]},"content_margin":{"unit":"px","size":55,"sizes":[]}},"elements":[],"isInner":false,"widgetType":"etherium_price_item","elType":"widget"}],"isInner":true,"elType":"column"}],"isInner":true,"elType":"section"}],"isInner":false,"elType":"column"}],"isInner":false,"elType":"section"},{"id":"6173f57","settings":{"content_position":"middle","stretch_section":"section-stretched","structure":"20","background_background":"classic","background_image":{"url":"https:\/\/demo.artureanec.com\/themes\/etherium-dark\/wp-content\/uploads\/2023\/09\/pawel-czerwinski-PvgqqicSLvA-unsplash-1.jpg","id":8439,"size":"","alt":"","source":"library"},"background_repeat":"no-repeat","background_size":"cover","height":"min-height","custom_height":{"unit":"px","size":739,"sizes":[]},"column_position":"stretch","background_position":"center center","background_hover_transition":{"unit":"px","size":0,"sizes":[]},"use_parallax":"yes","padding_mobile":{"unit":"px","top":"50","right":"0","bottom":"50","left":"0","isLinked":false}},"elements":[{"id":"2cb1e999","settings":{"_column_size":50,"_inline_size":50},"elements":[{"id":"1efe4cbb","settings":{"heading":"Some words by our customers around","subtitle":"This is subheading element","title_typography_typography":"custom","title_typography_line_height":{"unit":"em","size":1.333,"sizes":[]},"title_typography_line_height_widescreen":{"unit":"em","size":"","sizes":[]},"title_typography_line_height_laptop":{"unit":"em","size":"","sizes":[]},"title_typography_line_height_tablet_extra":{"unit":"em","size":"","sizes":[]},"title_typography_line_height_mobile_extra":{"unit":"em","size":"","sizes":[]},"title_color":"#FFFFFF","_margin":{"unit":"%","top":"15","right":"18","bottom":"0","left":"0","isLinked":false},"_margin_widescreen":{"unit":"%","top":"","right":"","bottom":"","left":"","isLinked":true},"_margin_laptop":{"unit":"%","top":"0","right":"0","bottom":"0","left":"0","isLinked":true},"_margin_tablet_extra":{"unit":"%","top":"","right":"","bottom":"","left":"","isLinked":true},"_margin_tablet":{"unit":"%","top":"","right":"","bottom":"","left":"","isLinked":true},"_margin_mobile_extra":{"unit":"%","top":"","right":"","bottom":"","left":"","isLinked":true},"_margin_mobile":{"unit":"%","top":"","right":"","bottom":"","left":"","isLinked":true},"title_typography_font_size_tablet_extra":{"unit":"px","size":60,"sizes":[]},"title_typography_font_size_tablet":{"unit":"px","size":40,"sizes":[]}},"elements":[],"isInner":false,"widgetType":"etherium_heading","elType":"widget"}],"isInner":false,"elType":"column"},{"id":"169b4455","settings":{"_column_size":50,"_inline_size":50,"content_position":"bottom"},"elements":[{"id":"67da2911","settings":{"testimonials_items":[{"_id":"0c19310","testimonial":"<p>\u201cFlier bighead carp devario shortnose sucker platy smalleye squaretail zebra. Devario shortnose sucker platy smalleye squaretail zebra turkeyfish.\u201d<\/p>","photo":{"url":"https:\/\/demo.artureanec.com\/themes\/etherium-dark\/wp-content\/uploads\/2023\/04\/testimonials-avatar.jpg","id":2166,"size":"","alt":"","source":"library"},"name":"Alan Stiller","position":"CEO & Lead Blockchain"},{"testimonial":"<p>\u201cFlier bighead carp devario shortnose sucker platy smalleye squaretail zebra. Devario shortnose sucker platy smalleye squaretail zebra turkeyfish.\u201d<\/p>","photo":{"url":"https:\/\/demo.artureanec.com\/themes\/etherium-dark\/wp-content\/uploads\/2023\/04\/testimonials-avatar.jpg","id":2166,"size":"","alt":"","source":"library"},"name":"Alan Stiller","position":"CEO & Lead Blockchain","_id":"09e415e"}],"columns_number":1,"nav":"yes","autoplay":"no","_padding":{"unit":"px","top":"38","right":"50","bottom":"53","left":"50","isLinked":false},"_background_background":"classic","_background_color":"#1F1D40","_background_color_b":"#FFFAE0","_background_gradient_angle":{"unit":"deg","size":98,"sizes":[]},"_background_hover_background":"gradient","_background_hover_color_b":"","quote_icon_color":"#CBD2D8","photo_border_border":"solid","photo_border_width":{"unit":"px","top":"1","right":"1","bottom":"1","left":"1","isLinked":true},"photo_border_color":"#FFFFFF","dots":"","progress":"yes","progress_typography_font_size":{"unit":"px","size":29,"sizes":[]},"author_typography_typography":"custom","author_typography_font_family":"Plus Jakarta Sans","position_color":"#A197CF","infinite":"no"},"elements":[],"isInner":false,"widgetType":"etherium_testimonial_carousel","elType":"widget"}],"isInner":false,"elType":"column"}],"isInner":false,"elType":"section"},{"id":"4bc7ea97","settings":{"margin":{"unit":"px","top":"120","right":0,"bottom":"0","left":0,"isLinked":false},"margin_mobile_extra":{"unit":"px","top":"80","right":0,"bottom":"0","left":0,"isLinked":false}},"elements":[{"id":"33c64aca","settings":{"_column_size":100,"_inline_size":null},"elements":[{"id":"2f2f0116","settings":{"subtitle":"This is subheading element","carousel_items":[{"_id":"a78ae04","image":{"url":"https:\/\/demo.artureanec.com\/themes\/etherium-dark\/wp-content\/uploads\/2023\/04\/partners-white-1.png","id":3297,"size":"","alt":"","source":"library"}},{"image":{"url":"https:\/\/demo.artureanec.com\/themes\/etherium-dark\/wp-content\/uploads\/2023\/04\/partners-white-2.png","id":3298,"size":"","alt":"","source":"library"},"_id":"5c901ea"},{"image":{"url":"https:\/\/demo.artureanec.com\/themes\/etherium-dark\/wp-content\/uploads\/2023\/04\/partners-white-3.png","id":3299,"size":"","alt":"","source":"library"},"_id":"bbcc215"},{"image":{"url":"https:\/\/demo.artureanec.com\/themes\/etherium-dark\/wp-content\/uploads\/2023\/04\/partners-white-4.png","id":3300,"size":"","alt":"","source":"library"},"_id":"d896c7d"},{"image":{"url":"https:\/\/demo.artureanec.com\/themes\/etherium-dark\/wp-content\/uploads\/2023\/04\/partners-white-5.png","id":3301,"size":"","alt":"","source":"library"},"_id":"e7e9e4f"},{"image":{"url":"https:\/\/demo.artureanec.com\/themes\/etherium-dark\/wp-content\/uploads\/2023\/04\/partners-white-6.png","id":3302,"size":"","alt":"","source":"library"},"_id":"0080fb5"}],"items":6,"autoplay":"","item_spacing":{"unit":"px","size":40,"sizes":[]},"item_align":"center","opacity":{"unit":"px","size":0.29999999999999999,"sizes":[]},"opacity_hover":{"unit":"px","size":1,"sizes":[]},"background_hover_transition":{"unit":"px","size":0.29999999999999999,"sizes":[]},"cursor_title":"Drag"},"elements":[],"isInner":false,"widgetType":"etherium_image_carousel","elType":"widget"}],"isInner":false,"elType":"column"}],"isInner":false,"elType":"section"},{"id":"3889f7a4","settings":{"structure":"20","padding":{"unit":"px","top":"0","right":"0","bottom":"60","left":"0","isLinked":false},"margin":{"unit":"px","top":"170","right":0,"bottom":"0","left":0,"isLinked":false},"margin_tablet_extra":{"unit":"px","top":"120","right":0,"bottom":"0","left":0,"isLinked":false},"margin_mobile_extra":{"unit":"px","top":"80","right":0,"bottom":"0","left":0,"isLinked":false}},"elements":[{"id":"5075bf99","settings":{"_column_size":50,"_inline_size":81},"elements":[{"id":"7d828f43","settings":{"heading":"<p>A new place to collect NFT assets<\/p>","subtitle":"This is subheading element","title_typography_typography":"custom","title_typography_font_family":"Michroma","title_typography_font_size":{"unit":"px","size":80,"sizes":[]},"title_typography_font_size_tablet":{"unit":"px","size":50,"sizes":[]},"title_typography_font_size_mobile_extra":{"unit":"px","size":35,"sizes":[]},"title_typography_line_height":{"unit":"em","size":1.1625000000000001,"sizes":[]},"title_typography_line_height_widescreen":{"unit":"em","size":"","sizes":[]},"title_typography_line_height_laptop":{"unit":"em","size":"","sizes":[]},"title_typography_line_height_tablet_extra":{"unit":"em","size":"","sizes":[]},"title_typography_line_height_mobile_extra":{"unit":"em","size":"","sizes":[]}},"elements":[],"isInner":false,"widgetType":"etherium_heading","elType":"widget"}],"isInner":false,"elType":"column"},{"id":"69df7315","settings":{"_column_size":50,"_inline_size":19},"elements":[],"isInner":false,"elType":"column"}],"isInner":false,"elType":"section"}],"settings":{"template":"default"},"metadata":{"theme_color_mode":"default","top_bar_status":"default","top_bar_customize":"default","top_bar_socials_status":"default","top_bar_additional_text_status":"default","top_bar_contacts_email_status":"default","top_bar_contacts_phone_status":"default","top_bar_contacts_address_status":"default","header_status":"default","header_style":"default","header_position":"default","header_customize":"default","sticky_header_status":"default","header_logo_status":"default","header_logo_customize":"default","header_logo_retina":"1","header_logo_mobile_retina":"1","header_callback_status":"default","header_button_status":"default","header_menu_status":"default","header_menu_select":"default","side_panel_status":"default","header_search_status":"default","header_login_status":"default","header_minicart_status":"default","header_wishlist_status":"default","page_title_status":"off","page_title_overlay_status":"default","page_title_customize":"default","page_title_height":"500","page_title_background_position":"default","page_title_background_repeat":"default","page_title_background_size":"default","hide_page_title_background_mobile":"0","hide_page_title_background_tablet":"0","page_title_breadcrumbs_status":"default","page_title_additional_customize":"default","content_top_margin":"default","content_bottom_margin":"on","page_customize":"default","page_background_image_top_status":"default","page_background_image_bottom_status":"default","sidebar_position":"none","page_sidebar_select":"default","footer_status":"default","footer_style":"default","footer_customize":"default","footer_background_position":"default","footer_background_repeat":"default","footer_background_size":"default","footer_sidebar_status":"default","footer_sidebar_select":"default","footer_copyright_status":"default","footer_menu_status":"default","footer_menu_select":"default","footer_additional_menu_status":"default","footer_additional_menu_select":"default","footer_pre_footer_status":"off","footer_pre_footer_button_status":"default"}}