{"content":[{"id":"722ae619","settings":{"gap":"wide","structure":"20"},"elements":[{"id":"531b66f8","settings":{"_column_size":50,"_inline_size":null,"_inline_size_tablet":100},"elements":[{"id":"6491dcb7","settings":{"heading":"<p>Choose Your Perfect Pricing Plan<\/p>","subtitle":"This is subheading element","_padding":{"unit":"%","top":"0","right":"18","bottom":"0","left":"0","isLinked":false},"_padding_widescreen":{"unit":"%","top":"","right":"","bottom":"","left":"","isLinked":true},"_padding_laptop":{"unit":"%","top":"0","right":"0","bottom":"0","left":"0","isLinked":true},"_padding_tablet_extra":{"unit":"%","top":"","right":"","bottom":"","left":"","isLinked":true},"_padding_tablet":{"unit":"%","top":"","right":"","bottom":"","left":"","isLinked":true},"_padding_mobile_extra":{"unit":"%","top":"","right":"","bottom":"","left":"","isLinked":true},"_padding_mobile":{"unit":"%","top":"","right":"","bottom":"","left":"","isLinked":true}},"elements":[],"isInner":false,"widgetType":"etherium_heading","elType":"widget"},{"id":"7dc380ef","settings":{"editor":"<p>Ballan wrasse climbing gourami amur pike Arctic char, steelhead sprat sea lamprey grunion. Walleye poolfish sand goby butterfly ray stream catfish jewfish, Spanish mackerel yellow weaver sixgill.<\/p>","_margin":{"unit":"px","top":"23","right":"0","bottom":"0","left":"0","isLinked":false},"_padding":{"unit":"%","top":"0","right":"16","bottom":"0","left":"0","isLinked":false},"_padding_widescreen":{"unit":"%","top":"","right":"","bottom":"","left":"","isLinked":true},"_padding_laptop":{"unit":"%","top":"0","right":"0","bottom":"0","left":"0","isLinked":true},"_padding_tablet_extra":{"unit":"%","top":"","right":"","bottom":"","left":"","isLinked":true},"_padding_tablet":{"unit":"%","top":"","right":"","bottom":"","left":"","isLinked":true},"_padding_mobile_extra":{"unit":"%","top":"","right":"","bottom":"","left":"","isLinked":true},"_padding_mobile":{"unit":"%","top":"","right":"","bottom":"","left":"","isLinked":true}},"elements":[],"isInner":false,"widgetType":"text-editor","elType":"widget"}],"isInner":false,"elType":"column"},{"id":"fe577ae","settings":{"_column_size":50,"_inline_size":null,"_inline_size_tablet_extra":70,"_inline_size_tablet":100},"elements":[{"id":"1d94ecb1","settings":{"gap":"wide","structure":"20"},"elements":[{"id":"74409822","settings":{"_column_size":50,"_inline_size":null},"elements":[{"id":"2fc1eff","settings":{"title":"Minimal","currency":"$","price":"20","period":"month","custom_fields":[{"text":"Installation","_id":"7715c08","is_active":"yes"},{"text":"Repair & Replacement","_id":"46ceded","is_active":"yes"},{"text":"Monitoring Work","_id":"411172e","is_active":"yes"},{"text":"Panel Maintence","_id":"3ab9507","is_active":"yes"},{"text":"24\/7 Skilled Support","_id":"1fdbeec"}],"price_button_text":"Get Started","item_bg_color":"#B7F598","button_link":{"url":"#","is_external":"","nofollow":"","custom_attributes":""},"period_typography_font_size":{"unit":"px","size":34,"sizes":[]},"period_typography_line_height":{"unit":"px","size":23,"sizes":[]},"item_content_padding":{"unit":"custom","top":"30px","right":"14.5%","bottom":"44px","left":"14.5%","isLinked":false},"fields_icon_color":"#00BD8C","fields_color":"#959EA9","item_bg_background":"gradient","item_bg_color_b":"#68E1D3","item_bg_gradient_angle":{"unit":"deg","size":106,"sizes":[]},"item_content_padding_widescreen":{"unit":"custom","top":"","right":"","bottom":"","left":"","isLinked":true},"item_content_padding_laptop":{"unit":"custom","top":"","right":"","bottom":"","left":"","isLinked":true},"item_content_padding_tablet_extra":{"unit":"custom","top":"","right":"","bottom":"","left":"","isLinked":true},"item_content_padding_tablet":{"unit":"custom","top":"","right":"","bottom":"","left":"","isLinked":true},"item_content_padding_mobile_extra":{"unit":"custom","top":"","right":"","bottom":"","left":"","isLinked":true},"item_content_padding_mobile":{"unit":"custom","top":"","right":"","bottom":"","left":"","isLinked":true},"image":{"url":"","id":"","size":"","alt":"","source":"library"},"title_typography_typography":"custom","title_typography_font_family":"Michroma","title_typography_font_size":{"unit":"px","size":30,"sizes":[]},"title_typography_font_weight":"400","title_typography_line_height":{"unit":"em","size":1.2665999999999999,"sizes":[]},"title_typography_line_height_widescreen":{"unit":"em","size":"","sizes":[]},"title_typography_line_height_laptop":{"unit":"em","size":"","sizes":[]},"title_typography_line_height_tablet_extra":{"unit":"em","size":"","sizes":[]},"title_typography_line_height_mobile_extra":{"unit":"em","size":"","sizes":[]},"title_typography_letter_spacing":{"unit":"em","size":-0.029999999999999999,"sizes":[]},"title_typography_letter_spacing_widescreen":{"unit":"em","size":"","sizes":[]},"title_typography_letter_spacing_laptop":{"unit":"em","size":"","sizes":[]},"title_typography_letter_spacing_tablet_extra":{"unit":"em","size":"","sizes":[]},"title_typography_letter_spacing_tablet":{"unit":"em","size":"","sizes":[]},"title_typography_letter_spacing_mobile_extra":{"unit":"em","size":"","sizes":[]},"title_typography_letter_spacing_mobile":{"unit":"em","size":"","sizes":[]},"item_padding":{"unit":"px","top":"5","right":"5","bottom":"5","left":"5","isLinked":true},"title_bg_color":"#1F1D40","title_padding":{"unit":"px","top":"42","right":"0","bottom":"0","left":"0","isLinked":false},"title_margin":{"unit":"px","size":0,"sizes":[]},"price_margin":{"unit":"px","size":24,"sizes":[]},"content_margin":{"unit":"px","size":78,"sizes":[]},"price_align":"center","item_content_bg_background":"classic","item_content_bg_color":"#1F1D40","price_typography_typography":"custom","price_typography_font_family":"Space Grotesk","currency_typography_typography":"custom","currency_typography_font_family":"Space Grotesk"},"elements":[],"isInner":false,"widgetType":"etherium_price_item","elType":"widget"}],"isInner":true,"elType":"column"},{"id":"171be9cf","settings":{"_column_size":50,"_inline_size":null},"elements":[{"id":"2023a5d8","settings":{"title":"Basic","currency":"$","price":"50","period":"month","custom_fields":[{"text":"Installation","_id":"7715c08","is_active":"yes"},{"text":"Repair & Replacement","_id":"46ceded","is_active":"yes"},{"text":"Monitoring Work","_id":"411172e","is_active":"yes"},{"text":"Panel Maintence","_id":"3ab9507","is_active":"yes"},{"text":"24\/7 Skilled Support","_id":"1fdbeec","is_active":"yes"}],"price_button_text":"Get Started","item_bg_color":"#10C0FE","button_link":{"url":"#","is_external":"","nofollow":"","custom_attributes":""},"period_typography_font_size":{"unit":"px","size":34,"sizes":[]},"period_typography_line_height":{"unit":"px","size":23,"sizes":[]},"item_content_padding":{"unit":"custom","top":"30px","right":"14.5%","bottom":"44px","left":"14.5%","isLinked":false},"fields_icon_color":"#00BD8C","fields_color":"#959EA9","item_bg_background":"gradient","item_bg_color_b":"#B499EC","item_bg_gradient_angle":{"unit":"deg","size":106,"sizes":[]},"item_content_padding_widescreen":{"unit":"custom","top":"","right":"","bottom":"","left":"","isLinked":true},"item_content_padding_laptop":{"unit":"custom","top":"","right":"","bottom":"","left":"","isLinked":true},"item_content_padding_tablet_extra":{"unit":"custom","top":"","right":"","bottom":"","left":"","isLinked":true},"item_content_padding_tablet":{"unit":"custom","top":"","right":"","bottom":"","left":"","isLinked":true},"item_content_padding_mobile_extra":{"unit":"custom","top":"","right":"","bottom":"","left":"","isLinked":true},"item_content_padding_mobile":{"unit":"custom","top":"","right":"","bottom":"","left":"","isLinked":true},"image":{"url":"","id":"","size":"","alt":"","source":"library"},"title_typography_typography":"custom","title_typography_font_family":"Michroma","title_typography_font_size":{"unit":"px","size":30,"sizes":[]},"title_typography_font_weight":"400","title_typography_line_height":{"unit":"em","size":1.2665999999999999,"sizes":[]},"title_typography_line_height_widescreen":{"unit":"em","size":"","sizes":[]},"title_typography_line_height_laptop":{"unit":"em","size":"","sizes":[]},"title_typography_line_height_tablet_extra":{"unit":"em","size":"","sizes":[]},"title_typography_line_height_mobile_extra":{"unit":"em","size":"","sizes":[]},"title_typography_letter_spacing":{"unit":"em","size":-0.029999999999999999,"sizes":[]},"title_typography_letter_spacing_widescreen":{"unit":"em","size":"","sizes":[]},"title_typography_letter_spacing_laptop":{"unit":"em","size":"","sizes":[]},"title_typography_letter_spacing_tablet_extra":{"unit":"em","size":"","sizes":[]},"title_typography_letter_spacing_tablet":{"unit":"em","size":"","sizes":[]},"title_typography_letter_spacing_mobile_extra":{"unit":"em","size":"","sizes":[]},"title_typography_letter_spacing_mobile":{"unit":"em","size":"","sizes":[]},"item_padding":{"unit":"px","top":"5","right":"5","bottom":"5","left":"5","isLinked":true},"title_bg_color":"#1F1D40","title_padding":{"unit":"px","top":"42","right":"0","bottom":"0","left":"0","isLinked":false},"title_margin":{"unit":"px","size":0,"sizes":[]},"price_margin":{"unit":"px","size":24,"sizes":[]},"content_margin":{"unit":"px","size":78,"sizes":[]},"price_align":"center","item_content_bg_background":"classic","item_content_bg_color":"#1F1D40","price_typography_typography":"custom","price_typography_font_family":"Space Grotesk","currency_typography_typography":"custom","currency_typography_font_family":"Space Grotesk"},"elements":[],"isInner":false,"widgetType":"etherium_price_item","elType":"widget"}],"isInner":true,"elType":"column"}],"isInner":true,"elType":"section"}],"isInner":false,"elType":"column"}],"isInner":false,"elType":"section"},{"id":"8088898","settings":{"margin":{"unit":"px","top":"","right":0,"bottom":"","left":0,"isLinked":true},"margin_mobile_extra":{"unit":"px","top":"","right":0,"bottom":"","left":0,"isLinked":true},"layout":"full_width","gap":"no","stretch_section":"section-stretched"},"elements":[{"id":"62e7357","settings":{"_column_size":100,"_inline_size":null},"elements":[{"id":"7c9933a8","settings":{"image":{"url":"https:\/\/demo.artureanec.com\/themes\/etherium-dark\/wp-content\/uploads\/2023\/04\/Ellipse-13.png","id":3750,"size":"","alt":"","source":"library"},"image_size":"full","align":"left","_position":"absolute","_offset_orientation_v":"end","_offset_y_end":{"unit":"%","size":-60,"sizes":[]},"_offset_y_end_widescreen":{"unit":"%","size":"","sizes":[]},"_offset_y_end_laptop":{"unit":"%","size":"","sizes":[]},"_offset_y_end_tablet_extra":{"unit":"%","size":"","sizes":[]},"_offset_y_end_tablet":{"unit":"%","size":"","sizes":[]},"_offset_y_end_mobile_extra":{"unit":"%","size":"","sizes":[]},"_offset_y_end_mobile":{"unit":"%","size":"","sizes":[]},"_z_index":-1},"elements":[],"isInner":false,"widgetType":"image","elType":"widget"},{"id":"18279cde","settings":[],"elements":[{"id":"756cf7b7","settings":{"_column_size":100,"_inline_size":null},"elements":[{"id":"4f523d5c","settings":{"heading":"<p>Pricing Plans for you<\/p>","subtitle":"This is subheading element","title_align":"center"},"elements":[],"isInner":false,"widgetType":"etherium_heading","elType":"widget"}],"isInner":true,"elType":"column"}],"isInner":true,"elType":"section"},{"id":"72d1635","settings":{"structure":"30","margin":{"unit":"px","top":"59","right":0,"bottom":"0","left":0,"isLinked":false},"gap":"wide","margin_tablet":{"unit":"px","top":"30","right":0,"bottom":"0","left":0,"isLinked":false}},"elements":[{"id":"5ef49512","settings":{"_column_size":33,"_inline_size":null,"_inline_size_tablet":50},"elements":[{"id":"75822589","settings":{"title":"Basic","currency":"$","price":"50","period":"month","custom_fields":[{"text":"Installation","_id":"7715c08","is_active":"yes"},{"text":"Repair & Replacement","_id":"46ceded","is_active":"yes"},{"text":"Monitoring Work","_id":"411172e","is_active":"yes"},{"text":"Panel Maintence","_id":"3ab9507"},{"text":"24\/7 Skilled Support","_id":"1fdbeec"}],"price_button_text":"Get Started","item_bg_color":"#B7F598","button_link":{"url":"#","is_external":"","nofollow":"","custom_attributes":""},"period_typography_font_size":{"unit":"px","size":34,"sizes":[]},"period_typography_line_height":{"unit":"px","size":23,"sizes":[]},"item_content_padding":{"unit":"custom","top":"36px","right":"22.4%","bottom":"34px","left":"22.4%","isLinked":false},"fields_icon_color":"#00BD8C","fields_color":"#959EA9","item_bg_background":"gradient","item_bg_color_b":"#68E1D3","item_bg_gradient_angle":{"unit":"deg","size":106,"sizes":[]},"item_content_padding_widescreen":{"unit":"custom","top":"","right":"","bottom":"","left":"","isLinked":true},"item_content_padding_laptop":{"unit":"custom","top":"","right":"","bottom":"","left":"","isLinked":true},"item_content_padding_tablet_extra":{"unit":"custom","top":"","right":"","bottom":"","left":"","isLinked":true},"item_content_padding_tablet":{"unit":"custom","top":"","right":"","bottom":"","left":"","isLinked":true},"item_content_padding_mobile_extra":{"unit":"custom","top":"","right":"","bottom":"","left":"","isLinked":true},"item_content_padding_mobile":{"unit":"custom","top":"","right":"","bottom":"","left":"","isLinked":true},"image":{"url":"","id":"","size":"","alt":"","source":"library"},"item_content_bg_background":"classic","item_content_bg_color":"#1F1D40","price_typography_typography":"custom","price_typography_font_family":"Space Grotesk","currency_typography_typography":"custom","currency_typography_font_family":"Space Grotesk","item_padding":{"unit":"px","top":"8","right":"6","bottom":"6","left":"6","isLinked":false},"title_color":"#09082A"},"elements":[],"isInner":false,"widgetType":"etherium_price_item","elType":"widget"}],"isInner":true,"elType":"column"},{"id":"4ae2aa47","settings":{"_column_size":33,"_inline_size":null,"_inline_size_tablet":50},"elements":[{"id":"631cd592","settings":{"title":"Optimal","currency":"$","price":"60","period":"month","custom_fields":[{"text":"Installation","_id":"7715c08","is_active":"yes"},{"text":"Repair & Replacement","_id":"46ceded","is_active":"yes"},{"text":"Monitoring Work","_id":"411172e","is_active":"yes"},{"text":"Panel Maintence","_id":"3ab9507","is_active":"yes"},{"text":"24\/7 Skilled Support","_id":"1fdbeec"}],"price_button_text":"Get Started","item_bg_color":"#FFE979","button_link":{"url":"#","is_external":"","nofollow":"","custom_attributes":""},"period_typography_font_size":{"unit":"px","size":34,"sizes":[]},"period_typography_line_height":{"unit":"px","size":23,"sizes":[]},"item_content_padding":{"unit":"custom","top":"36px","right":"22.4%","bottom":"34px","left":"22.4%","isLinked":false},"fields_icon_color":"#00BD8C","fields_color":"#959EA9","active_block_status":"","item_bg_background":"gradient","item_bg_color_b":"#F29A31","item_bg_gradient_angle":{"unit":"deg","size":106,"sizes":[]},"item_content_padding_widescreen":{"unit":"custom","top":"","right":"","bottom":"","left":"","isLinked":true},"item_content_padding_laptop":{"unit":"custom","top":"","right":"","bottom":"","left":"","isLinked":true},"item_content_padding_tablet_extra":{"unit":"custom","top":"","right":"","bottom":"","left":"","isLinked":true},"item_content_padding_tablet":{"unit":"custom","top":"","right":"","bottom":"","left":"","isLinked":true},"item_content_padding_mobile_extra":{"unit":"custom","top":"","right":"","bottom":"","left":"","isLinked":true},"item_content_padding_mobile":{"unit":"custom","top":"","right":"","bottom":"","left":"","isLinked":true},"price_typography_typography":"custom","price_typography_font_family":"Space Grotesk","currency_typography_typography":"custom","currency_typography_font_family":"Space Grotesk","item_content_bg_background":"classic","item_content_bg_color":"#1F1D40","item_padding":{"unit":"px","top":"8","right":"6","bottom":"6","left":"6","isLinked":false},"title_color":"#09082A"},"elements":[],"isInner":false,"widgetType":"etherium_price_item","elType":"widget"}],"isInner":true,"elType":"column"},{"id":"7f3ecd08","settings":{"_column_size":33,"_inline_size":null,"_inline_size_tablet":50},"elements":[{"id":"4d51a270","settings":{"title":"Ultimate","currency":"$","price":"70","period":"month","custom_fields":[{"text":"Installation","_id":"7715c08","is_active":"yes"},{"text":"Repair & Replacement","_id":"46ceded","is_active":"yes"},{"text":"Monitoring Work","_id":"411172e","is_active":"yes"},{"text":"Panel Maintence","_id":"3ab9507","is_active":"yes"},{"text":"24\/7 Skilled Support","_id":"1fdbeec","is_active":"yes"}],"price_button_text":"Get Started","item_bg_color":"#10C0FE","button_link":{"url":"#","is_external":"","nofollow":"","custom_attributes":""},"period_typography_font_size":{"unit":"px","size":34,"sizes":[]},"period_typography_line_height":{"unit":"px","size":23,"sizes":[]},"item_content_padding":{"unit":"custom","top":"36px","right":"22.4%","bottom":"34px","left":"22.4%","isLinked":false},"fields_icon_color":"#00BD8C","fields_color":"#959EA9","active_block_status":"","image":{"url":"","id":"","size":"","alt":"","source":"library"},"item_bg_background":"gradient","item_bg_color_b":"#B499EC","item_bg_gradient_angle":{"unit":"deg","size":106,"sizes":[]},"item_content_padding_widescreen":{"unit":"custom","top":"","right":"","bottom":"","left":"","isLinked":true},"item_content_padding_laptop":{"unit":"custom","top":"","right":"","bottom":"","left":"","isLinked":true},"item_content_padding_tablet_extra":{"unit":"custom","top":"","right":"","bottom":"","left":"","isLinked":true},"item_content_padding_tablet":{"unit":"custom","top":"","right":"","bottom":"","left":"","isLinked":true},"item_content_padding_mobile_extra":{"unit":"custom","top":"","right":"","bottom":"","left":"","isLinked":true},"item_content_padding_mobile":{"unit":"custom","top":"","right":"","bottom":"","left":"","isLinked":true},"price_typography_typography":"custom","price_typography_font_family":"Space Grotesk","currency_typography_typography":"custom","currency_typography_font_family":"Space Grotesk","item_content_bg_background":"classic","item_content_bg_color":"#1F1D40","item_padding":{"unit":"px","top":"8","right":"6","bottom":"6","left":"6","isLinked":false},"title_color":"#09082A"},"elements":[],"isInner":false,"widgetType":"etherium_price_item","elType":"widget"}],"isInner":true,"elType":"column"}],"isInner":true,"elType":"section"}],"isInner":false,"elType":"column"}],"isInner":false,"elType":"section"},{"id":"79dfd3f8","settings":{"gap":"no","layout":"full_width","stretch_section":"section-stretched"},"elements":[{"id":"4384efe","settings":{"_column_size":100,"_inline_size":null},"elements":[{"id":"791f4d51","settings":{"image":{"url":"https:\/\/demo.artureanec.com\/themes\/etherium-dark\/wp-content\/uploads\/2023\/07\/Vector-80.png","id":5592,"size":"","alt":"","source":"library"},"image_size":"full","align":"right","_position":"absolute","_offset_y":{"unit":"%","size":-5,"sizes":[]},"_offset_y_widescreen":{"unit":"%","size":"","sizes":[]},"_offset_y_laptop":{"unit":"%","size":"","sizes":[]},"_offset_y_tablet_extra":{"unit":"%","size":"","sizes":[]},"_offset_y_tablet":{"unit":"%","size":"","sizes":[]},"_offset_y_mobile_extra":{"unit":"%","size":"","sizes":[]},"_offset_y_mobile":{"unit":"%","size":"","sizes":[]},"_z_index":-1},"elements":[],"isInner":false,"widgetType":"image","elType":"widget"},{"id":"7d306bad","settings":{"structure":"20"},"elements":[{"id":"4bb52e08","settings":{"_column_size":50,"_inline_size":null},"elements":[{"id":"3e176918","settings":{"heading":"<p>Pricing Plans <br \/>for Business<\/p>","subtitle":"This is subheading element","_padding":{"unit":"%","top":"0","right":"16","bottom":"0","left":"0","isLinked":false},"_padding_widescreen":{"unit":"%","top":"","right":"","bottom":"","left":"","isLinked":true},"_padding_laptop":{"unit":"%","top":"0","right":"0","bottom":"0","left":"0","isLinked":true},"_padding_tablet_extra":{"unit":"%","top":"0","right":"0","bottom":"0","left":"0","isLinked":true},"_padding_tablet":{"unit":"%","top":"","right":"","bottom":"","left":"","isLinked":true},"_padding_mobile_extra":{"unit":"%","top":"","right":"","bottom":"","left":"","isLinked":true},"_padding_mobile":{"unit":"%","top":"","right":"","bottom":"","left":"","isLinked":true}},"elements":[],"isInner":false,"widgetType":"etherium_heading","elType":"widget"}],"isInner":true,"elType":"column"},{"id":"6b0efea9","settings":{"_column_size":50,"_inline_size":null,"content_position":"bottom"},"elements":[{"id":"4e1345f7","settings":{"editor":"<p>Ballan wrasse climbing gourami amur pike Arctic char. Walleye poolfish sand goby butterfly ray stream catfish jewfish.<\/p>","_margin":{"unit":"px","top":"0","right":"0","bottom":"6","left":"0","isLinked":false},"_padding":{"unit":"%","top":"","right":"","bottom":"","left":"","isLinked":true},"_padding_widescreen":{"unit":"%","top":"","right":"","bottom":"","left":"","isLinked":true},"_padding_laptop":{"unit":"%","top":"","right":"","bottom":"","left":"","isLinked":true},"_padding_tablet_extra":{"unit":"%","top":"","right":"","bottom":"","left":"","isLinked":true},"_padding_tablet":{"unit":"%","top":"","right":"","bottom":"","left":"","isLinked":true},"_padding_mobile_extra":{"unit":"%","top":"","right":"","bottom":"","left":"","isLinked":true},"_padding_mobile":{"unit":"%","top":"","right":"","bottom":"","left":"","isLinked":true}},"elements":[],"isInner":false,"widgetType":"text-editor","elType":"widget"}],"isInner":true,"elType":"column"}],"isInner":true,"elType":"section"},{"id":"189e590c","settings":{"gap":"wide","structure":"40","margin":{"unit":"px","top":"46","right":0,"bottom":"0","left":0,"isLinked":false}},"elements":[{"id":"baddb3b","settings":{"_column_size":25,"_inline_size":null,"_inline_size_tablet":50},"elements":[{"id":"541dd1e1","settings":{"title":"Minimal","currency":"$","price":"20","period":"month","custom_fields":[{"text":"Installation","_id":"7715c08","is_active":"yes"},{"text":"Repair & Replacement","_id":"46ceded","is_active":"yes"},{"text":"Monitoring Work","_id":"411172e","is_active":""},{"text":"Panel Maintence","_id":"3ab9507","is_active":""},{"text":"24\/7 Skilled Support","_id":"1fdbeec","is_active":""}],"price_button_text":"Get Started","item_bg_color":"#CFF2FE","button_link":{"url":"#","is_external":"","nofollow":"","custom_attributes":""},"period_typography_font_size":{"unit":"px","size":34,"sizes":[]},"period_typography_line_height":{"unit":"px","size":23,"sizes":[]},"item_content_padding":{"unit":"custom","top":"30px","right":"14.5%","bottom":"44px","left":"14.5%","isLinked":false},"fields_icon_color":"#00BD8C","fields_color":"#959EA9","item_bg_background":"gradient","item_bg_color_b":"#C3F3ED","item_bg_gradient_angle":{"unit":"deg","size":106,"sizes":[]},"item_content_padding_widescreen":{"unit":"custom","top":"","right":"","bottom":"","left":"","isLinked":true},"item_content_padding_laptop":{"unit":"custom","top":"","right":"","bottom":"","left":"","isLinked":true},"item_content_padding_tablet_extra":{"unit":"custom","top":"","right":"","bottom":"","left":"","isLinked":true},"item_content_padding_tablet":{"unit":"custom","top":"","right":"","bottom":"","left":"","isLinked":true},"item_content_padding_mobile_extra":{"unit":"custom","top":"","right":"","bottom":"","left":"","isLinked":true},"item_content_padding_mobile":{"unit":"custom","top":"","right":"","bottom":"","left":"","isLinked":true},"image":{"url":"","id":"","size":"","alt":"","source":"library"},"title_typography_typography":"custom","title_typography_font_family":"Michroma","title_typography_font_size":{"unit":"px","size":30,"sizes":[]},"title_typography_font_weight":"400","title_typography_line_height":{"unit":"em","size":1.2665999999999999,"sizes":[]},"title_typography_line_height_widescreen":{"unit":"em","size":"","sizes":[]},"title_typography_line_height_laptop":{"unit":"em","size":"","sizes":[]},"title_typography_line_height_tablet_extra":{"unit":"em","size":"","sizes":[]},"title_typography_line_height_mobile_extra":{"unit":"em","size":"","sizes":[]},"title_typography_letter_spacing":{"unit":"em","size":-0.029999999999999999,"sizes":[]},"title_typography_letter_spacing_widescreen":{"unit":"em","size":"","sizes":[]},"title_typography_letter_spacing_laptop":{"unit":"em","size":"","sizes":[]},"title_typography_letter_spacing_tablet_extra":{"unit":"em","size":"","sizes":[]},"title_typography_letter_spacing_tablet":{"unit":"em","size":"","sizes":[]},"title_typography_letter_spacing_mobile_extra":{"unit":"em","size":"","sizes":[]},"title_typography_letter_spacing_mobile":{"unit":"em","size":"","sizes":[]},"item_padding":{"unit":"px","top":"5","right":"5","bottom":"5","left":"5","isLinked":true},"title_bg_color":"#1F1D40","title_padding":{"unit":"px","top":"35","right":"0","bottom":"0","left":"0","isLinked":false},"title_margin":{"unit":"px","size":0,"sizes":[]},"price_margin":{"unit":"px","size":24,"sizes":[]},"content_margin":{"unit":"px","size":78,"sizes":[]},"price_align":"center","item_content_bg_background":"classic","item_content_bg_color":"#1F1D40","price_typography_typography":"custom","price_typography_font_family":"Space Grotesk","currency_typography_typography":"custom","currency_typography_font_family":"Space Grotesk"},"elements":[],"isInner":false,"widgetType":"etherium_price_item","elType":"widget"}],"isInner":true,"elType":"column"},{"id":"77bfe55","settings":{"_column_size":25,"_inline_size":null,"_inline_size_tablet":50},"elements":[{"id":"53a9f2cc","settings":{"title":"Basic","currency":"$","price":"50","period":"month","custom_fields":[{"text":"Installation","_id":"7715c08","is_active":"yes"},{"text":"Repair & Replacement","_id":"46ceded","is_active":"yes"},{"text":"Monitoring Work","_id":"411172e","is_active":"yes"},{"text":"Panel Maintence","_id":"3ab9507","is_active":""},{"text":"24\/7 Skilled Support","_id":"1fdbeec"}],"price_button_text":"Get Started","item_bg_color":"#B7F598","button_link":{"url":"#","is_external":"","nofollow":"","custom_attributes":""},"period_typography_font_size":{"unit":"px","size":34,"sizes":[]},"period_typography_line_height":{"unit":"px","size":23,"sizes":[]},"item_content_padding":{"unit":"custom","top":"30px","right":"14.5%","bottom":"44px","left":"14.5%","isLinked":false},"fields_icon_color":"#00BD8C","fields_color":"#959EA9","item_bg_background":"gradient","item_bg_color_b":"#68E1D3","item_bg_gradient_angle":{"unit":"deg","size":106,"sizes":[]},"item_content_padding_widescreen":{"unit":"custom","top":"","right":"","bottom":"","left":"","isLinked":true},"item_content_padding_laptop":{"unit":"custom","top":"","right":"","bottom":"","left":"","isLinked":true},"item_content_padding_tablet_extra":{"unit":"custom","top":"","right":"","bottom":"","left":"","isLinked":true},"item_content_padding_tablet":{"unit":"custom","top":"","right":"","bottom":"","left":"","isLinked":true},"item_content_padding_mobile_extra":{"unit":"custom","top":"","right":"","bottom":"","left":"","isLinked":true},"item_content_padding_mobile":{"unit":"custom","top":"","right":"","bottom":"","left":"","isLinked":true},"image":{"url":"","id":"","size":"","alt":"","source":"library"},"title_typography_typography":"custom","title_typography_font_family":"Michroma","title_typography_font_size":{"unit":"px","size":30,"sizes":[]},"title_typography_font_weight":"400","title_typography_line_height":{"unit":"em","size":1.2665999999999999,"sizes":[]},"title_typography_line_height_widescreen":{"unit":"em","size":"","sizes":[]},"title_typography_line_height_laptop":{"unit":"em","size":"","sizes":[]},"title_typography_line_height_tablet_extra":{"unit":"em","size":"","sizes":[]},"title_typography_line_height_mobile_extra":{"unit":"em","size":"","sizes":[]},"title_typography_letter_spacing":{"unit":"em","size":-0.029999999999999999,"sizes":[]},"title_typography_letter_spacing_widescreen":{"unit":"em","size":"","sizes":[]},"title_typography_letter_spacing_laptop":{"unit":"em","size":"","sizes":[]},"title_typography_letter_spacing_tablet_extra":{"unit":"em","size":"","sizes":[]},"title_typography_letter_spacing_tablet":{"unit":"em","size":"","sizes":[]},"title_typography_letter_spacing_mobile_extra":{"unit":"em","size":"","sizes":[]},"title_typography_letter_spacing_mobile":{"unit":"em","size":"","sizes":[]},"item_padding":{"unit":"px","top":"5","right":"5","bottom":"5","left":"5","isLinked":true},"title_bg_color":"#1F1D40","title_padding":{"unit":"px","top":"35","right":"0","bottom":"0","left":"0","isLinked":false},"title_margin":{"unit":"px","size":0,"sizes":[]},"price_margin":{"unit":"px","size":24,"sizes":[]},"content_margin":{"unit":"px","size":78,"sizes":[]},"price_align":"center","item_content_bg_background":"classic","item_content_bg_color":"#1F1D40","price_typography_typography":"custom","price_typography_font_family":"Space Grotesk","currency_typography_typography":"custom","currency_typography_font_family":"Space Grotesk"},"elements":[],"isInner":false,"widgetType":"etherium_price_item","elType":"widget"}],"isInner":true,"elType":"column"},{"id":"7fb36405","settings":{"_column_size":25,"_inline_size":null,"_inline_size_tablet":50},"elements":[{"id":"8f403c3","settings":{"title":"Optimal","currency":"$","price":"60","period":"month","custom_fields":[{"text":"Installation","_id":"7715c08","is_active":"yes"},{"text":"Repair & Replacement","_id":"46ceded","is_active":"yes"},{"text":"Monitoring Work","_id":"411172e","is_active":"yes"},{"text":"Panel Maintence","_id":"3ab9507","is_active":"yes"},{"text":"24\/7 Skilled Support","_id":"1fdbeec"}],"price_button_text":"Get Started","item_bg_color":"#FFE979","button_link":{"url":"#","is_external":"","nofollow":"","custom_attributes":""},"period_typography_font_size":{"unit":"px","size":34,"sizes":[]},"period_typography_line_height":{"unit":"px","size":23,"sizes":[]},"item_content_padding":{"unit":"custom","top":"30px","right":"14.5%","bottom":"44px","left":"14.5%","isLinked":false},"fields_icon_color":"#00BD8C","fields_color":"#959EA9","item_bg_background":"gradient","item_bg_color_b":"#F29A31","item_bg_gradient_angle":{"unit":"deg","size":106,"sizes":[]},"item_content_padding_widescreen":{"unit":"custom","top":"","right":"","bottom":"","left":"","isLinked":true},"item_content_padding_laptop":{"unit":"custom","top":"","right":"","bottom":"","left":"","isLinked":true},"item_content_padding_tablet_extra":{"unit":"custom","top":"","right":"","bottom":"","left":"","isLinked":true},"item_content_padding_tablet":{"unit":"custom","top":"","right":"","bottom":"","left":"","isLinked":true},"item_content_padding_mobile_extra":{"unit":"custom","top":"","right":"","bottom":"","left":"","isLinked":true},"item_content_padding_mobile":{"unit":"custom","top":"","right":"","bottom":"","left":"","isLinked":true},"image":{"url":"","id":"","size":"","alt":"","source":"library"},"title_typography_typography":"custom","title_typography_font_family":"Michroma","title_typography_font_size":{"unit":"px","size":30,"sizes":[]},"title_typography_font_weight":"400","title_typography_line_height":{"unit":"em","size":1.2665999999999999,"sizes":[]},"title_typography_line_height_widescreen":{"unit":"em","size":"","sizes":[]},"title_typography_line_height_laptop":{"unit":"em","size":"","sizes":[]},"title_typography_line_height_tablet_extra":{"unit":"em","size":"","sizes":[]},"title_typography_line_height_mobile_extra":{"unit":"em","size":"","sizes":[]},"title_typography_letter_spacing":{"unit":"em","size":-0.029999999999999999,"sizes":[]},"title_typography_letter_spacing_widescreen":{"unit":"em","size":"","sizes":[]},"title_typography_letter_spacing_laptop":{"unit":"em","size":"","sizes":[]},"title_typography_letter_spacing_tablet_extra":{"unit":"em","size":"","sizes":[]},"title_typography_letter_spacing_tablet":{"unit":"em","size":"","sizes":[]},"title_typography_letter_spacing_mobile_extra":{"unit":"em","size":"","sizes":[]},"title_typography_letter_spacing_mobile":{"unit":"em","size":"","sizes":[]},"item_padding":{"unit":"px","top":"5","right":"5","bottom":"5","left":"5","isLinked":true},"title_bg_color":"#1F1D40","title_padding":{"unit":"px","top":"35","right":"0","bottom":"0","left":"0","isLinked":false},"title_margin":{"unit":"px","size":0,"sizes":[]},"price_margin":{"unit":"px","size":24,"sizes":[]},"content_margin":{"unit":"px","size":78,"sizes":[]},"price_align":"center","item_content_bg_background":"classic","item_content_bg_color":"#1F1D40","price_typography_typography":"custom","price_typography_font_family":"Space Grotesk","currency_typography_typography":"custom","currency_typography_font_family":"Space Grotesk"},"elements":[],"isInner":false,"widgetType":"etherium_price_item","elType":"widget"}],"isInner":true,"elType":"column"},{"id":"2e15fa64","settings":{"_column_size":25,"_inline_size":null,"_inline_size_tablet":50},"elements":[{"id":"76aca810","settings":{"title":"Ultimate","currency":"$","price":"70","period":"month","custom_fields":[{"text":"Installation","_id":"7715c08","is_active":"yes"},{"text":"Repair & Replacement","_id":"46ceded","is_active":"yes"},{"text":"Monitoring Work","_id":"411172e","is_active":"yes"},{"text":"Panel Maintence","_id":"3ab9507","is_active":"yes"},{"text":"24\/7 Skilled Support","_id":"1fdbeec","is_active":"yes"}],"price_button_text":"Get Started","item_bg_color":"#10C0FE","button_link":{"url":"#","is_external":"","nofollow":"","custom_attributes":""},"period_typography_font_size":{"unit":"px","size":34,"sizes":[]},"period_typography_line_height":{"unit":"px","size":23,"sizes":[]},"item_content_padding":{"unit":"custom","top":"30px","right":"14.5%","bottom":"44px","left":"14.5%","isLinked":false},"fields_icon_color":"#00BD8C","fields_color":"#959EA9","item_bg_background":"gradient","item_bg_color_b":"#B499EC","item_bg_gradient_angle":{"unit":"deg","size":106,"sizes":[]},"item_content_padding_widescreen":{"unit":"custom","top":"","right":"","bottom":"","left":"","isLinked":true},"item_content_padding_laptop":{"unit":"custom","top":"","right":"","bottom":"","left":"","isLinked":true},"item_content_padding_tablet_extra":{"unit":"custom","top":"","right":"","bottom":"","left":"","isLinked":true},"item_content_padding_tablet":{"unit":"custom","top":"","right":"","bottom":"","left":"","isLinked":true},"item_content_padding_mobile_extra":{"unit":"custom","top":"","right":"","bottom":"","left":"","isLinked":true},"item_content_padding_mobile":{"unit":"custom","top":"","right":"","bottom":"","left":"","isLinked":true},"image":{"url":"","id":"","size":"","alt":"","source":"library"},"title_typography_typography":"custom","title_typography_font_family":"Michroma","title_typography_font_size":{"unit":"px","size":30,"sizes":[]},"title_typography_font_weight":"400","title_typography_line_height":{"unit":"em","size":1.2665999999999999,"sizes":[]},"title_typography_line_height_widescreen":{"unit":"em","size":"","sizes":[]},"title_typography_line_height_laptop":{"unit":"em","size":"","sizes":[]},"title_typography_line_height_tablet_extra":{"unit":"em","size":"","sizes":[]},"title_typography_line_height_mobile_extra":{"unit":"em","size":"","sizes":[]},"title_typography_letter_spacing":{"unit":"em","size":-0.029999999999999999,"sizes":[]},"title_typography_letter_spacing_widescreen":{"unit":"em","size":"","sizes":[]},"title_typography_letter_spacing_laptop":{"unit":"em","size":"","sizes":[]},"title_typography_letter_spacing_tablet_extra":{"unit":"em","size":"","sizes":[]},"title_typography_letter_spacing_tablet":{"unit":"em","size":"","sizes":[]},"title_typography_letter_spacing_mobile_extra":{"unit":"em","size":"","sizes":[]},"title_typography_letter_spacing_mobile":{"unit":"em","size":"","sizes":[]},"item_padding":{"unit":"px","top":"5","right":"5","bottom":"5","left":"5","isLinked":true},"title_bg_color":"#1F1D40","title_padding":{"unit":"px","top":"35","right":"0","bottom":"0","left":"0","isLinked":false},"title_margin":{"unit":"px","size":0,"sizes":[]},"price_margin":{"unit":"px","size":24,"sizes":[]},"content_margin":{"unit":"px","size":78,"sizes":[]},"price_align":"center","item_content_bg_background":"classic","item_content_bg_color":"#1F1D40","price_typography_typography":"custom","price_typography_font_family":"Space Grotesk","currency_typography_typography":"custom","currency_typography_font_family":"Space Grotesk"},"elements":[],"isInner":false,"widgetType":"etherium_price_item","elType":"widget"}],"isInner":true,"elType":"column"}],"isInner":true,"elType":"section"}],"isInner":false,"elType":"column"}],"isInner":false,"elType":"section"},{"id":"645dca9c","settings":{"margin":{"unit":"px","top":"","right":0,"bottom":"","left":0,"isLinked":true},"margin_mobile_extra":{"unit":"px","top":"","right":0,"bottom":"","left":0,"isLinked":true}},"elements":[{"id":"7128fe71","settings":{"_column_size":100,"_inline_size":null},"elements":[{"id":"681ec79c","settings":{"heading":"<p>Pricing Plans for you<\/p>","subtitle":"This is subheading element","title_align":"center","_margin":{"unit":"px","top":"0","right":"0","bottom":"59","left":"0","isLinked":false},"_margin_tablet":{"unit":"px","top":"0","right":"0","bottom":"30","left":"0","isLinked":false}},"elements":[],"isInner":false,"widgetType":"etherium_heading","elType":"widget"},{"id":"7fc25449","settings":{"title":"Basic","currency":"$","price":"50","period":"month","custom_fields":[{"text":"Gar mail-cheeked fish glass knifefish Norwegian Atlantic","_id":"7715c08","is_active":"yes"}],"price_button_text":"Get Started","item_bg_color":"#B7F598","button_link":{"url":"#","is_external":"","nofollow":"","custom_attributes":""},"period_typography_font_size":{"unit":"px","size":34,"sizes":[]},"period_typography_line_height":{"unit":"px","size":23,"sizes":[]},"fields_icon_color":"#00BD8C","fields_color":"#C8C8C8","item_bg_background":"gradient","item_bg_color_b":"#68E1D3","item_bg_gradient_angle":{"unit":"deg","size":106,"sizes":[]},"image":{"url":"","id":"","size":"","alt":"","source":"library"},"block_type":"wide","item_content_bg_background":"classic","item_content_bg_color":"#1F1D40","price_align":"","price_typography_typography":"custom","price_typography_font_family":"Space Grotesk","currency_typography_typography":"custom","currency_typography_font_family":"Space Grotesk"},"elements":[],"isInner":false,"widgetType":"etherium_price_item","elType":"widget"},{"id":"39ba73d5","settings":{"title":"Optimal","currency":"$","price":"60","period":"month","custom_fields":[{"text":"Pomfret: vendace combtooth blenny black dragonfish","_id":"7715c08","is_active":"yes"}],"price_button_text":"Get Started","item_bg_color":"#FFE979","button_link":{"url":"#","is_external":"","nofollow":"","custom_attributes":""},"period_typography_font_size":{"unit":"px","size":34,"sizes":[]},"period_typography_line_height":{"unit":"px","size":23,"sizes":[]},"fields_icon_color":"#00BD8C","fields_color":"#C8C8C8","item_bg_background":"gradient","item_bg_color_b":"#F29A31","item_bg_gradient_angle":{"unit":"deg","size":106,"sizes":[]},"image":{"url":"","id":"","size":"","alt":"","source":"library"},"block_type":"wide","item_content_bg_background":"classic","item_content_bg_color":"#1F1D40","price_align":"","_margin":{"unit":"px","top":"20","right":"0","bottom":"0","left":"0","isLinked":false},"price_typography_typography":"custom","price_typography_font_family":"Space Grotesk","currency_typography_typography":"custom","currency_typography_font_family":"Space Grotesk"},"elements":[],"isInner":false,"widgetType":"etherium_price_item","elType":"widget"},{"id":"25ebe883","settings":{"title":"Ultimate","currency":"$","price":"70","period":"month","custom_fields":[{"text":" Scat bighead carp silver dollar platyfish northern lampfish","_id":"7715c08","is_active":"yes"}],"price_button_text":"Get Started","item_bg_color":"#10C0FE","button_link":{"url":"#","is_external":"","nofollow":"","custom_attributes":""},"period_typography_font_size":{"unit":"px","size":34,"sizes":[]},"period_typography_line_height":{"unit":"px","size":23,"sizes":[]},"fields_icon_color":"#00BD8C","fields_color":"#C8C8C8","item_bg_background":"gradient","item_bg_color_b":"#B499EC","item_bg_gradient_angle":{"unit":"deg","size":106,"sizes":[]},"image":{"url":"","id":"","size":"","alt":"","source":"library"},"block_type":"wide","item_content_bg_background":"classic","item_content_bg_color":"#1F1D40","price_align":"","_margin":{"unit":"px","top":"20","right":"0","bottom":"0","left":"0","isLinked":false},"price_typography_typography":"custom","price_typography_font_family":"Space Grotesk","currency_typography_typography":"custom","currency_typography_font_family":"Space Grotesk"},"elements":[],"isInner":false,"widgetType":"etherium_price_item","elType":"widget"}],"isInner":false,"elType":"column"}],"isInner":false,"elType":"section"},{"id":"728b9c05","settings":{"height":"min-height","custom_height":{"unit":"px","size":552,"sizes":[]},"stretch_section":"section-stretched","background_background":"classic","background_image":{"url":"https:\/\/demo.artureanec.com\/themes\/etherium-dark\/wp-content\/uploads\/2023\/07\/design_element.png","id":5747,"size":"","alt":"","source":"library"},"background_size":"cover","margin":{"unit":"px","top":"50","right":0,"bottom":"0","left":0,"isLinked":false},"margin_tablet_extra":{"unit":"px","top":"","right":0,"bottom":"","left":0,"isLinked":true},"margin_mobile_extra":{"unit":"px","top":"","right":0,"bottom":"","left":0,"isLinked":true},"custom_height_tablet":{"unit":"px","size":350,"sizes":[]}},"elements":[{"id":"7e8b8bf1","settings":{"_column_size":100,"_inline_size":null},"elements":[{"id":"62f8a563","settings":{"heading":"<p>Join our creative community<\/p>","subtitle":"This is subheading element","title_align":"center","title_typography_font_size":{"unit":"px","size":80,"sizes":[]},"title_typography_font_size_tablet":{"unit":"px","size":40,"sizes":[]},"title_typography_line_height":{"unit":"em","size":1.1499999999999999,"sizes":[]},"title_typography_line_height_widescreen":{"unit":"em","size":"","sizes":[]},"title_typography_line_height_laptop":{"unit":"em","size":"","sizes":[]},"title_typography_line_height_tablet_extra":{"unit":"em","size":"","sizes":[]},"title_typography_line_height_mobile_extra":{"unit":"em","size":"","sizes":[]},"_padding":{"unit":"px","top":"0","right":"0","bottom":"0","left":"0","isLinked":false},"_background_image":{"url":"","id":"","size":"","alt":"","source":"library"},"_background_position":"initial","_background_xpos":{"unit":"%","size":50,"sizes":[]},"_background_xpos_widescreen":{"unit":"%","size":"","sizes":[]},"_background_xpos_laptop":{"unit":"%","size":"","sizes":[]},"_background_xpos_tablet_extra":{"unit":"%","size":"","sizes":[]},"_background_xpos_tablet":{"unit":"%","size":0,"sizes":[]},"_background_xpos_mobile_extra":{"unit":"%","size":"","sizes":[]},"_background_xpos_mobile":{"unit":"%","size":0,"sizes":[]},"_background_ypos":{"unit":"px","size":67,"sizes":[]},"_background_repeat":"no-repeat","_background_size":"initial","_background_bg_width":{"unit":"px","size":273,"sizes":[]}},"elements":[],"isInner":false,"widgetType":"etherium_heading","elType":"widget"},{"id":"56c6f6f3","settings":{"button_text":"Start now","button_link":{"url":"#","is_external":"true","nofollow":"","custom_attributes":""},"button_typography_font_size":{"unit":"px","size":12,"sizes":[]},"button_typography_line_height":{"unit":"em","size":2.25,"sizes":[]},"button_typography_line_height_widescreen":{"unit":"em","size":"","sizes":[]},"button_typography_line_height_laptop":{"unit":"em","size":"","sizes":[]},"button_typography_line_height_tablet_extra":{"unit":"em","size":"","sizes":[]},"button_typography_line_height_mobile_extra":{"unit":"em","size":"","sizes":[]},"button_padding":{"unit":"px","top":"15","right":"64","bottom":"17","left":"64","isLinked":false},"_margin":{"unit":"px","top":"45","right":"0","bottom":"0","left":"0","isLinked":false}},"elements":[],"isInner":false,"widgetType":"etherium_button","elType":"widget"}],"isInner":false,"elType":"column"}],"isInner":false,"elType":"section"},{"id":"3a15fbcd","settings":{"structure":"20","padding":{"unit":"px","top":"0","right":"0","bottom":"60","left":"0","isLinked":false},"margin":{"unit":"px","top":"80","right":0,"bottom":"0","left":0,"isLinked":false}},"elements":[{"id":"23da1f25","settings":{"_column_size":50,"_inline_size":81},"elements":[{"id":"5da14581","settings":{"heading":"<p>A new place to collect NFT assets<\/p>","subtitle":"This is subheading element","title_typography_typography":"custom","title_typography_font_family":"Michroma","title_typography_font_size":{"unit":"px","size":80,"sizes":[]},"title_typography_font_size_tablet":{"unit":"px","size":50,"sizes":[]},"title_typography_font_size_mobile_extra":{"unit":"px","size":35,"sizes":[]},"title_typography_line_height":{"unit":"em","size":1.1625000000000001,"sizes":[]},"title_typography_line_height_widescreen":{"unit":"em","size":"","sizes":[]},"title_typography_line_height_laptop":{"unit":"em","size":"","sizes":[]},"title_typography_line_height_tablet_extra":{"unit":"em","size":"","sizes":[]},"title_typography_line_height_mobile_extra":{"unit":"em","size":"","sizes":[]}},"elements":[],"isInner":false,"widgetType":"etherium_heading","elType":"widget"}],"isInner":false,"elType":"column"},{"id":"4f5f22ea","settings":{"_column_size":50,"_inline_size":19},"elements":[],"isInner":false,"elType":"column"}],"isInner":false,"elType":"section"}],"settings":{"template":"default"},"metadata":{"theme_color_mode":"default","top_bar_status":"default","top_bar_customize":"default","top_bar_socials_status":"default","top_bar_additional_text_status":"default","top_bar_contacts_email_status":"default","top_bar_contacts_phone_status":"default","top_bar_contacts_address_status":"default","header_status":"default","header_style":"default","header_position":"default","header_customize":"default","sticky_header_status":"default","header_logo_status":"default","header_logo_customize":"default","header_logo_retina":"1","header_logo_mobile_retina":"1","header_callback_status":"default","header_button_status":"default","header_menu_status":"default","header_menu_select":"default","side_panel_status":"default","header_search_status":"default","header_login_status":"default","header_minicart_status":"default","header_wishlist_status":"default","page_title_status":"default","page_title_overlay_status":"default","page_title_customize":"default","page_title_height":"500","page_title_background_position":"default","page_title_background_repeat":"default","page_title_background_size":"default","hide_page_title_background_mobile":"0","hide_page_title_background_tablet":"0","page_title_breadcrumbs_status":"default","page_title_additional_customize":"default","content_top_margin":"default","content_bottom_margin":"on","page_customize":"default","page_background_image_top_status":"default","page_background_image_bottom_status":"default","sidebar_position":"none","page_sidebar_select":"default","footer_status":"default","footer_style":"default","footer_customize":"default","footer_background_position":"default","footer_background_repeat":"default","footer_background_size":"default","footer_sidebar_status":"default","footer_sidebar_select":"default","footer_copyright_status":"default","footer_menu_status":"default","footer_menu_select":"default","footer_additional_menu_status":"default","footer_additional_menu_select":"default","footer_pre_footer_status":"off","footer_pre_footer_button_status":"default"}}