{"content":[{"id":"30745a3e","settings":[],"elements":[{"id":"7745d941","settings":{"_column_size":100,"_inline_size":null},"elements":[{"id":"c8693d8","settings":{"heading":"<p>Need Help? Read Popular Questions<\/p>","subtitle":"This is subheading element","title_tag":"h3","title_typography_typography":"custom","title_typography_line_height":{"unit":"em","size":1.75,"sizes":[]},"title_typography_line_height_widescreen":{"unit":"em","size":"","sizes":[]},"title_typography_line_height_laptop":{"unit":"em","size":"","sizes":[]},"title_typography_line_height_tablet_extra":{"unit":"em","size":"","sizes":[]},"title_typography_line_height_mobile_extra":{"unit":"em","size":"","sizes":[]},"_margin":{"unit":"px","top":"0","right":"0","bottom":"40","left":"0","isLinked":false}},"elements":[],"isInner":false,"widgetType":"etherium_heading","elType":"widget"},{"id":"6a603d14","settings":{"heading":"<p>1. What are my options?<\/p>","subtitle":"This is subheading element","title_tag":"h6","title_typography_typography":"custom","title_typography_font_family":"Plus Jakarta Sans","title_typography_font_weight":"700","title_typography_line_height":{"unit":"em","size":1.875,"sizes":[]},"title_typography_line_height_widescreen":{"unit":"em","size":"","sizes":[]},"title_typography_line_height_laptop":{"unit":"em","size":"","sizes":[]},"title_typography_line_height_tablet_extra":{"unit":"em","size":"","sizes":[]},"title_typography_line_height_mobile_extra":{"unit":"em","size":"","sizes":[]},"_margin":{"unit":"px","top":"0","right":"0","bottom":"20","left":"0","isLinked":false}},"elements":[],"isInner":false,"widgetType":"etherium_heading","elType":"widget"},{"id":"1040cc9a","settings":{"editor":"<p>Dicta sunt explicabo. Nemo enim ipsam voluptatem quia voluptas. Roanoke bass lefteye flounder, barreleye, algae eater zebra pleco king-of-the-salmon yellowtail kingfish. Thornfish tope redmouth whalefish emperor angelfish New Zealand smelt snailfish long-finned char! Ballan wrasse, pikeblenny, turbot featherback dwarf gourami wallago European perch barfish monkfish snake<\/p>","_margin":{"unit":"px","top":"0","right":"0","bottom":"50","left":"0","isLinked":false}},"elements":[],"isInner":false,"widgetType":"text-editor","elType":"widget"},{"id":"38c13bfd","settings":{"heading":"<p>2. Can I switch to a different plan?<\/p>","subtitle":"This is subheading element","title_tag":"h6","title_typography_typography":"custom","title_typography_font_family":"Plus Jakarta Sans","title_typography_font_weight":"700","title_typography_line_height":{"unit":"em","size":1.875,"sizes":[]},"title_typography_line_height_widescreen":{"unit":"em","size":"","sizes":[]},"title_typography_line_height_laptop":{"unit":"em","size":"","sizes":[]},"title_typography_line_height_tablet_extra":{"unit":"em","size":"","sizes":[]},"title_typography_line_height_mobile_extra":{"unit":"em","size":"","sizes":[]},"_margin":{"unit":"px","top":"0","right":"0","bottom":"20","left":"0","isLinked":false}},"elements":[],"isInner":false,"widgetType":"etherium_heading","elType":"widget"},{"id":"7f0f4924","settings":{"editor":"<p>Nemo enim ipsam voluptatem quia voluptas sit aspernatur aut odit aut fugit, sed quia consequuntur! Ballan wrasse, pikeblenny, turbot featherback dwarf gourami wallago<\/p>","_margin":{"unit":"px","top":"0","right":"0","bottom":"50","left":"0","isLinked":false}},"elements":[],"isInner":false,"widgetType":"text-editor","elType":"widget"},{"id":"1df011e9","settings":{"heading":"<p>3.Do you offer non-disclosure signature?<\/p>","subtitle":"This is subheading element","title_tag":"h6","title_typography_typography":"custom","title_typography_font_family":"Plus Jakarta Sans","title_typography_font_weight":"700","title_typography_line_height":{"unit":"em","size":1.875,"sizes":[]},"title_typography_line_height_widescreen":{"unit":"em","size":"","sizes":[]},"title_typography_line_height_laptop":{"unit":"em","size":"","sizes":[]},"title_typography_line_height_tablet_extra":{"unit":"em","size":"","sizes":[]},"title_typography_line_height_mobile_extra":{"unit":"em","size":"","sizes":[]},"_margin":{"unit":"px","top":"0","right":"0","bottom":"20","left":"0","isLinked":false}},"elements":[],"isInner":false,"widgetType":"etherium_heading","elType":"widget"},{"id":"4c6dfbcd","settings":{"editor":"<p>Dicta sunt explicabo. Nemo enim ipsam voluptatem quia voluptas sit aspernatur aut odit aut fugit, sed quia consequuntur. Dicta sunt explicabo. Nemo enim ipsam voluptatem quia voluptas.Flagtail frilled shark spiny eel: drum, candiru bonnetmouth cat shark opaleye mouthbrooder, yellow tang fusilier fish southern sandfish! Sevan trout eelpout snake mackerel snubnose eel hog sucker. Shingle Fish gopher rockfish john dory; Old World knifefish Sundaland noodlefish.<\/p>"},"elements":[],"isInner":false,"widgetType":"text-editor","elType":"widget"}],"isInner":false,"elType":"column"}],"isInner":false,"elType":"section"},{"id":"288853a","settings":{"margin":{"unit":"px","top":"100","right":0,"bottom":"0","left":0,"isLinked":false},"margin_mobile_extra":{"unit":"px","top":"80","right":0,"bottom":"0","left":0,"isLinked":false}},"elements":[{"id":"1fef86a3","settings":{"_column_size":100,"_inline_size":null},"elements":[{"id":"489e65a8","settings":{"heading":"<p>We\u2019re Here to Help You<\/p>","subtitle":"This is subheading element","title_tag":"h3","title_typography_typography":"custom","title_typography_line_height":{"unit":"em","size":1.75,"sizes":[]},"title_typography_line_height_widescreen":{"unit":"em","size":"","sizes":[]},"title_typography_line_height_laptop":{"unit":"em","size":"","sizes":[]},"title_typography_line_height_tablet_extra":{"unit":"em","size":"","sizes":[]},"title_typography_line_height_mobile_extra":{"unit":"em","size":"","sizes":[]},"_margin":{"unit":"px","top":"0","right":"0","bottom":"30","left":"0","isLinked":false}},"elements":[],"isInner":false,"widgetType":"etherium_heading","elType":"widget"},{"id":"4263cf84","settings":{"tabs":[{"tab_title":"Can I choose my ICO?","tab_content":"<p>Saw shark flat loach snakehead; salmon, s\u00e1balo snipefish skipjack tuna. Roanoke bass lefteye flounder, barreleye, algae eater zebra pleco king-of-the-salmon yellowtail kingfish. Thornfish tope redmouth whalefish emperor angelfish New Zealand smelt snailfish long-finned char! Ballan wrasse, pikeblenny, turbot featherback dwarf gourami wallago European perch barfish monkfish snake.<\/p>","_id":"7eef122"},{"tab_title":"When will I receive my bit?","tab_content":"<p>Saw shark flat loach snakehead; salmon, s\u00e1balo snipefish skipjack tuna. Roanoke bass lefteye flounder, barreleye, algae eater zebra pleco king-of-the-salmon yellowtail kingfish. Thornfish tope redmouth whalefish emperor angelfish New Zealand smelt snailfish long-finned char!<\/p>","_id":"1c6bbf3"},{"tab_title":"What is Total batches remaining?","tab_content":"<p>Saw shark flat loach snakehead; salmon, s\u00e1balo snipefish skipjack tuna. Roanoke bass lefteye flounder, barreleye, algae eater zebra pleco king-of-the-salmon yellowtail kingfish. Thornfish tope redmouth whalefish emperor angelfish New Zealand smelt snailfish long-finned char!<\/p>","_id":"9e56044"},{"tab_title":"Can I add Extras to my choise?","tab_content":"<p>Saw shark flat loach snakehead; salmon, s\u00e1balo snipefish skipjack tuna. Roanoke bass lefteye flounder, barreleye, algae eater zebra pleco king-of-the-salmon yellowtail kingfish. Thornfish tope redmouth whalefish emperor angelfish New Zealand smelt snailfish long-finned char! Ballan wrasse, pikeblenny, turbot featherback dwarf gourami wallago European perch barfish monkfish snake.<\/p>","_id":"5982420"}],"selected_icon":{"value":"fas fa-chevron-right","library":"fa-solid"},"selected_active_icon":{"value":"fas fa-chevron-up","library":"fa-solid"},"icon_align":"right","_margin":{"unit":"%","top":"0","right":"11.6","bottom":"0","left":"0","isLinked":false},"_margin_widescreen":{"unit":"%","top":"","right":"","bottom":"","left":"","isLinked":true},"_margin_laptop":{"unit":"%","top":"0","right":"0","bottom":"0","left":"0","isLinked":true},"_margin_tablet_extra":{"unit":"%","top":"","right":"","bottom":"","left":"","isLinked":true},"_margin_tablet":{"unit":"%","top":"","right":"","bottom":"","left":"","isLinked":true},"_margin_mobile_extra":{"unit":"%","top":"","right":"","bottom":"","left":"","isLinked":true},"_margin_mobile":{"unit":"%","top":"","right":"","bottom":"","left":"","isLinked":true},"active_title_bg_color":"#1F1D4080","icon_color":"#555555"},"elements":[],"isInner":false,"widgetType":"accordion","elType":"widget"}],"isInner":false,"elType":"column"}],"isInner":false,"elType":"section"},{"id":"73796aa9","settings":{"height":"min-height","custom_height":{"unit":"px","size":552,"sizes":[]},"stretch_section":"section-stretched","background_background":"classic","background_image":{"url":"https:\/\/demo.artureanec.com\/themes\/etherium-dark\/wp-content\/uploads\/2023\/07\/design_element.png","id":5747,"size":"","alt":"","source":"library"},"background_size":"cover","margin":{"unit":"px","top":"130","right":0,"bottom":"80","left":0,"isLinked":false},"margin_tablet_extra":{"unit":"px","top":"120","right":0,"bottom":"80","left":0,"isLinked":false},"margin_mobile_extra":{"unit":"px","top":"80","right":0,"bottom":"80","left":0,"isLinked":false},"custom_height_tablet":{"unit":"px","size":350,"sizes":[]}},"elements":[{"id":"720fabcc","settings":{"_column_size":100,"_inline_size":null},"elements":[{"id":"1f5a776a","settings":{"heading":"<p>Join our creative community<\/p>","subtitle":"This is subheading element","title_align":"center","title_typography_font_size":{"unit":"px","size":80,"sizes":[]},"title_typography_font_size_tablet":{"unit":"px","size":40,"sizes":[]},"title_typography_line_height":{"unit":"em","size":1.1499999999999999,"sizes":[]},"title_typography_line_height_widescreen":{"unit":"em","size":"","sizes":[]},"title_typography_line_height_laptop":{"unit":"em","size":"","sizes":[]},"title_typography_line_height_tablet_extra":{"unit":"em","size":"","sizes":[]},"title_typography_line_height_mobile_extra":{"unit":"em","size":"","sizes":[]},"_padding":{"unit":"px","top":"0","right":"0","bottom":"0","left":"0","isLinked":false},"_background_image":{"url":"","id":"","size":"","alt":"","source":"library"},"_background_position":"initial","_background_xpos":{"unit":"%","size":50,"sizes":[]},"_background_xpos_widescreen":{"unit":"%","size":"","sizes":[]},"_background_xpos_laptop":{"unit":"%","size":"","sizes":[]},"_background_xpos_tablet_extra":{"unit":"%","size":"","sizes":[]},"_background_xpos_tablet":{"unit":"%","size":0,"sizes":[]},"_background_xpos_mobile_extra":{"unit":"%","size":"","sizes":[]},"_background_xpos_mobile":{"unit":"%","size":0,"sizes":[]},"_background_ypos":{"unit":"px","size":67,"sizes":[]},"_background_repeat":"no-repeat","_background_size":"initial","_background_bg_width":{"unit":"px","size":273,"sizes":[]}},"elements":[],"isInner":false,"widgetType":"etherium_heading","elType":"widget"},{"id":"4a5eec69","settings":{"button_text":"Start now","button_link":{"url":"#","is_external":"true","nofollow":"","custom_attributes":""},"button_typography_font_size":{"unit":"px","size":12,"sizes":[]},"button_typography_line_height":{"unit":"em","size":2.25,"sizes":[]},"button_typography_line_height_widescreen":{"unit":"em","size":"","sizes":[]},"button_typography_line_height_laptop":{"unit":"em","size":"","sizes":[]},"button_typography_line_height_tablet_extra":{"unit":"em","size":"","sizes":[]},"button_typography_line_height_mobile_extra":{"unit":"em","size":"","sizes":[]},"button_padding":{"unit":"px","top":"15","right":"64","bottom":"17","left":"64","isLinked":false},"_margin":{"unit":"px","top":"45","right":"0","bottom":"0","left":"0","isLinked":false}},"elements":[],"isInner":false,"widgetType":"etherium_button","elType":"widget"}],"isInner":false,"elType":"column"}],"isInner":false,"elType":"section"}],"settings":{"template":"default"},"metadata":{"theme_color_mode":"default","top_bar_status":"default","top_bar_customize":"default","top_bar_socials_status":"default","top_bar_additional_text_status":"default","top_bar_contacts_email_status":"default","top_bar_contacts_phone_status":"default","top_bar_contacts_address_status":"default","header_status":"default","header_style":"default","header_position":"default","header_customize":"default","sticky_header_status":"default","header_logo_status":"default","header_logo_customize":"default","header_logo_retina":"1","header_logo_mobile_retina":"1","header_callback_status":"default","header_button_status":"default","header_menu_status":"default","header_menu_select":"default","side_panel_status":"default","header_search_status":"default","header_login_status":"default","header_minicart_status":"default","header_wishlist_status":"default","page_title_status":"default","page_title_overlay_status":"default","page_title_customize":"default","page_title_height":"500","page_title_background_position":"default","page_title_background_repeat":"default","page_title_background_size":"default","hide_page_title_background_mobile":"0","hide_page_title_background_tablet":"0","page_title_breadcrumbs_status":"default","page_title_additional_customize":"default","content_top_margin":"default","content_bottom_margin":"on","page_customize":"default","page_background_image_top_status":"default","page_background_image_bottom_status":"default","sidebar_position":"default","page_sidebar_select":"sidebar-faq","footer_status":"default","footer_style":"default","footer_customize":"default","footer_background_position":"default","footer_background_repeat":"default","footer_background_size":"default","footer_sidebar_status":"default","footer_sidebar_select":"default","footer_copyright_status":"default","footer_menu_status":"default","footer_menu_select":"default","footer_additional_menu_status":"default","footer_additional_menu_select":"default","footer_pre_footer_status":"on","footer_pre_footer_button_status":"default","header_login_text_status":"default","page_background_image_top_repeat":"default","page_background_image_top_size":"default","page_background_image_top_blend_mode":"default","page_background_image_bottom_repeat":"default","page_background_image_bottom_size":"default","page_background_image_bottom_blend_mode":"default","footer_scrolltop_status":"default"}}