{"content":[{"id":"4bf97bac","settings":{"layout":"full_width","gap":"no","stretch_section":"section-stretched","background_image":{"url":"","id":"","size":"","alt":"","source":"library"},"background_position":"center left","background_repeat":"no-repeat"},"elements":[{"id":"19e4d9d4","settings":{"_column_size":100},"elements":[{"id":"4771e936","settings":{"image":{"url":"https:\/\/demo.artureanec.com\/themes\/etherium-dark\/wp-content\/uploads\/2023\/04\/Ellipse-13.png","id":3750,"size":"","alt":"","source":"library"},"image_size":"full","align":"left","_position":"absolute","_z_index":-1},"elements":[],"isInner":false,"widgetType":"image","elType":"widget"},{"id":"6573a812","settings":[],"elements":[{"id":"2e258564","settings":{"_column_size":100,"_inline_size":null},"elements":[{"id":"239109ca","settings":{"shortcode":"[wcfm_stores has_map=\"no\" ]"},"elements":[],"isInner":false,"widgetType":"shortcode","elType":"widget"}],"isInner":true,"elType":"column"}],"isInner":true,"elType":"section"},{"id":"5c43dfad","settings":{"image":{"url":"https:\/\/demo.artureanec.com\/themes\/etherium-dark\/wp-content\/uploads\/2023\/07\/Vector-80.png","id":5592,"size":"","alt":"","source":"library"},"image_size":"full","align":"right","_position":"absolute","_offset_orientation_h":"end","_z_index":-1},"elements":[],"isInner":false,"widgetType":"image","elType":"widget"}],"isInner":false,"elType":"column"}],"isInner":false,"elType":"section"},{"id":"34060dad","settings":{"structure":"20","padding":{"unit":"px","top":"0","right":"0","bottom":"60","left":"0","isLinked":false},"margin":{"unit":"px","top":"190","right":0,"bottom":"0","left":0,"isLinked":false},"margin_tablet_extra":{"unit":"px","top":"120","right":0,"bottom":"0","left":0,"isLinked":false},"margin_mobile_extra":{"unit":"px","top":"80","right":0,"bottom":"0","left":0,"isLinked":false}},"elements":[{"id":"4d71c8fd","settings":{"_column_size":50,"_inline_size":81},"elements":[{"id":"1777ebcc","settings":{"heading":"<p>A new place to collect NFT assets<\/p>","subtitle":"This is subheading element","title_typography_typography":"custom","title_typography_font_family":"Michroma","title_typography_font_size":{"unit":"px","size":80,"sizes":[]},"title_typography_font_size_tablet":{"unit":"px","size":50,"sizes":[]},"title_typography_font_size_mobile_extra":{"unit":"px","size":35,"sizes":[]},"title_typography_line_height":{"unit":"em","size":1.1625000000000001,"sizes":[]},"title_typography_line_height_widescreen":{"unit":"em","size":"","sizes":[]},"title_typography_line_height_laptop":{"unit":"em","size":"","sizes":[]},"title_typography_line_height_tablet_extra":{"unit":"em","size":"","sizes":[]},"title_typography_line_height_mobile_extra":{"unit":"em","size":"","sizes":[]}},"elements":[],"isInner":false,"widgetType":"etherium_heading","elType":"widget"}],"isInner":false,"elType":"column"},{"id":"6b0f017f","settings":{"_column_size":50,"_inline_size":19},"elements":[],"isInner":false,"elType":"column"}],"isInner":false,"elType":"section"}],"settings":{"template":"default"},"metadata":{"theme_color_mode":"default","top_bar_status":"default","top_bar_customize":"default","top_bar_socials_status":"default","top_bar_additional_text_status":"default","top_bar_contacts_email_status":"default","top_bar_contacts_phone_status":"default","top_bar_contacts_address_status":"default","header_status":"default","header_style":"default","header_position":"default","header_customize":"default","sticky_header_status":"default","header_logo_status":"default","header_logo_customize":"default","header_logo_retina":"1","header_logo_mobile_retina":"1","header_callback_status":"default","header_button_status":"default","header_menu_status":"default","header_menu_select":"default","side_panel_status":"default","header_search_status":"default","header_login_status":"default","header_minicart_status":"default","header_wishlist_status":"default","page_title_status":"default","page_title_overlay_status":"default","page_title_customize":"default","page_title_height":"500","page_title_background_position":"default","page_title_background_repeat":"default","page_title_background_size":"default","hide_page_title_background_mobile":"0","hide_page_title_background_tablet":"0","page_title_breadcrumbs_status":"default","page_title_additional_customize":"default","content_top_margin":"default","content_bottom_margin":"on","page_customize":"default","page_background_image_top_status":"default","page_background_image_bottom_status":"default","sidebar_position":"none","page_sidebar_select":"default","footer_status":"default","footer_style":"default","footer_customize":"default","footer_background_position":"default","footer_background_repeat":"default","footer_background_size":"default","footer_sidebar_status":"default","footer_sidebar_select":"default","footer_copyright_status":"default","footer_menu_status":"default","footer_menu_select":"default","footer_additional_menu_status":"default","footer_additional_menu_select":"default","footer_pre_footer_status":"off","footer_pre_footer_button_status":"default","header_login_text_status":"default","page_background_image_top_repeat":"default","page_background_image_top_size":"default","page_background_image_top_blend_mode":"default","page_background_image_bottom_repeat":"default","page_background_image_bottom_size":"default","page_background_image_bottom_blend_mode":"default","footer_scrolltop_status":"default"}}