{"content":[{"id":"38b13dc1","settings":{"layout":"full_width","gap":"no","stretch_section":"section-stretched","background_image":{"url":"https:\/\/demo.artureanec.com\/themes\/etherium-dark\/wp-content\/uploads\/2023\/04\/home-1-slider-bg.png","id":2904,"size":"","alt":"","source":"library"}},"elements":[{"id":"2cbf71c7","settings":{"_column_size":100,"_inline_size":null},"elements":[{"id":"4456c066","settings":{"youtube_url":"https:\/\/www.youtube.com\/watch?v=XHOmBV4js_E","vimeo_url":"https:\/\/vimeo.com\/235215203","dailymotion_url":"https:\/\/www.dailymotion.com\/video\/x6tqhqb","content_items":[{"_id":"9096972","button_text":"Get the card","video_button_text":"Button","slide_youtube_url":"https:\/\/www.youtube.com\/watch?v=XHOmBV4js_E","slide_vimeo_url":"https:\/\/vimeo.com\/235215203","slide_dailymotion_url":"https:\/\/www.dailymotion.com\/video\/x6tqhqb","add_video_button":"","content_text_align":"","background_background":"classic","background_image":{"url":"","id":"","size":"","alt":"","source":"library"},"background_position":"center center","background_repeat":"no-repeat","background_size":"cover","heading":"<p>Transfer money with new Crypto cards<\/p>","content_position":"start","add_subtitle":"","subtitle":"gggg","heading_typography_typography":"custom","heading_typography_font_family":"Orbitron","additional_image":{"url":"https:\/\/demo.artureanec.com\/themes\/etherium-dark\/wp-content\/uploads\/2023\/08\/cards.png","id":6560,"size":"","alt":"","source":"library"},"additional_image_align":"center","image_margin":{"unit":"%","top":"20","right":"0","bottom":"0","left":"0","isLinked":false},"text":"<p>Higher powers is the all-in-one banking with payment cards and fintech experiences for personal use or business.<\/p>","button_typography_typography":"custom","button_padding":{"unit":"px","top":"22","right":"50","bottom":"22","left":"50","isLinked":false},"remove_box_shadow":"","button_box_shadow_box_shadow":{"horizontal":0,"vertical":0,"blur":10,"spread":0,"color":"#000000"},"image_max_width":{"unit":"px","size":66,"sizes":[]},"image_behind_text":"yes","title_0":"Users have the new card","show_counter_1":"yes","title_1":"Cashback","show_counter_2":"","title_2":"Cool Number","ending_number_1":22,"suffix_1":"%","number_title_shadow_text_shadow":{"horizontal":0,"vertical":0,"blur":26,"color":"#AA9090"},"ending_number_0":120,"suffix_0":"k+","counters_display":"flex","typography_number_typography":"custom","typography_number_font_family":"Orbitron","space_between_title_number":{"unit":"px","size":76,"sizes":[]},"title_margin":{"unit":"%","top":"","right":"","bottom":"","left":"","isLinked":true},"counters_margin":{"unit":"px","top":"0","right":"0","bottom":"0","left":"0","isLinked":true},"duration":2200,"product_wrapper_margin":{"unit":"%","top":"","right":"","bottom":"","left":"","isLinked":true},"typography_title_typography":"custom","content_max_width":{"unit":"px","size":54,"sizes":[]},"section_padding":{"unit":"%","top":"3","right":"0","bottom":"0","left":"0","isLinked":false},"space_before_text":{"unit":"px","size":26,"sizes":[]},"space_before_buttons_counters":{"unit":"px","size":50,"sizes":[]},"heading_typography_font_size":{"unit":"px","size":70,"sizes":[]},"heading_typography_line_height":{"unit":"em","size":1.1499999999999999,"sizes":[]},"heading_typography_letter_spacing":{"unit":"em","size":0.029999999999999999,"sizes":[]},"text_padding":{"unit":"%","top":"0","right":"10","bottom":"0","left":"0","isLinked":false},"button_margin":{"unit":"px","top":"0","right":"72","bottom":"0","left":"0","isLinked":false},"button_typography_text_transform":"uppercase","button_radius":{"unit":"px","top":"0","right":"0","bottom":"0","left":"0","isLinked":true},"space_between_counters":{"unit":"px","size":5,"sizes":[]},"typography_number_font_size":{"unit":"px","size":40,"sizes":[]},"typography_number_line_height":{"unit":"em","size":1.1499999999999999,"sizes":[]},"typography_title_font_weight":"300","buttons_wrap":"nowrap","buttons_wrap_tablet_extra":"wrap","counters_wrap_tablet":"wrap","heading_typography_font_size_tablet":{"unit":"px","size":50,"sizes":[]},"content_max_width_tablet":{"unit":"px","size":66,"sizes":[]},"content_max_width_mobile_extra":{"unit":"px","size":100,"sizes":[]},"heading_typography_font_size_mobile_extra":{"unit":"px","size":40,"sizes":[]},"counters_margin_tablet_extra":{"unit":"px","top":"30","right":"0","bottom":"0","left":"0","isLinked":false}}],"add_video":"","image_overlay":{"url":"","id":"","size":"","alt":"","source":"library"},"image_overlay_size":"medium","autoplay":"no","counters_count":3,"title":"Cool Number","show_counter_0":"","title_0":"Cool Number","show_counter_1":"","title_1":"Cool Number","show_counter_2":"","title_2":"Cool Number","add_socials":"yes","nav":"","dots_v_align":"","add_contacts":"","slider_height":{"unit":"px","size":930,"sizes":[]},"dots":"","infinite":"no","slider_height_mobile_extra":{"unit":"px","size":700,"sizes":[]},"slider_height_mobile":{"unit":"px","size":800,"sizes":[]},"slider_height_tablet":{"unit":"px","size":800,"sizes":[]}},"elements":[],"isInner":false,"widgetType":"etherium_content_slider","elType":"widget"}],"isInner":false,"elType":"column"}],"isInner":false,"elType":"section"},{"id":"7216621","settings":{"margin":{"unit":"px","top":"40","right":0,"bottom":"0","left":0,"isLinked":false},"margin_mobile_extra":{"unit":"px","top":"","right":0,"bottom":"","left":0,"isLinked":true}},"elements":[{"id":"49a5c49","settings":{"_column_size":100,"_inline_size":null},"elements":[{"id":"1be42401","settings":{"subtitle":"This is subheading element","carousel_items":[{"_id":"a78ae04","image":{"url":"https:\/\/demo.artureanec.com\/themes\/etherium-dark\/wp-content\/uploads\/2023\/04\/partners-white-1.png","id":3297,"size":"","alt":"","source":"library"}},{"image":{"url":"https:\/\/demo.artureanec.com\/themes\/etherium-dark\/wp-content\/uploads\/2023\/04\/partners-white-2.png","id":3298,"size":"","alt":"","source":"library"},"_id":"5c901ea"},{"image":{"url":"https:\/\/demo.artureanec.com\/themes\/etherium-dark\/wp-content\/uploads\/2023\/04\/partners-white-3.png","id":3299,"size":"","alt":"","source":"library"},"_id":"bbcc215"},{"image":{"url":"https:\/\/demo.artureanec.com\/themes\/etherium-dark\/wp-content\/uploads\/2023\/04\/partners-white-4.png","id":3300,"size":"","alt":"","source":"library"},"_id":"d896c7d"},{"image":{"url":"https:\/\/demo.artureanec.com\/themes\/etherium-dark\/wp-content\/uploads\/2023\/04\/partners-white-5.png","id":3301,"size":"","alt":"","source":"library"},"_id":"e7e9e4f"},{"image":{"url":"https:\/\/demo.artureanec.com\/themes\/etherium-dark\/wp-content\/uploads\/2023\/04\/partners-white-6.png","id":3302,"size":"","alt":"","source":"library"},"_id":"0080fb5"}],"items":6,"autoplay":"","item_spacing":{"unit":"px","size":40,"sizes":[]},"item_align":"center","opacity":{"unit":"px","size":0.29999999999999999,"sizes":[]},"opacity_hover":{"unit":"px","size":1,"sizes":[]},"background_hover_transition":{"unit":"px","size":0.29999999999999999,"sizes":[]}},"elements":[],"isInner":false,"widgetType":"etherium_image_carousel","elType":"widget"}],"isInner":false,"elType":"column"}],"isInner":false,"elType":"section"},{"id":"53116e4e","settings":{"layout":"full_width","gap":"no","stretch_section":"section-stretched"},"elements":[{"id":"4773eaea","settings":{"_column_size":100,"_inline_size":null},"elements":[{"id":"56d30b19","settings":[],"elements":[{"id":"797eb489","settings":{"_column_size":100,"_inline_size":null},"elements":[{"id":"3cae2e19","settings":{"heading":"<p>Crypto cards available now<\/p>","subtitle":"This is subheading element","title_align":"center","title_typography_typography":"custom","title_typography_font_family":"Orbitron","title_typography_font_size":{"unit":"px","size":50,"sizes":[]},"title_typography_line_height":{"unit":"em","size":1.1499999999999999,"sizes":[]},"title_typography_line_height_widescreen":{"unit":"em","size":"","sizes":[]},"title_typography_line_height_laptop":{"unit":"em","size":"","sizes":[]},"title_typography_line_height_tablet_extra":{"unit":"em","size":"","sizes":[]},"title_typography_line_height_mobile_extra":{"unit":"em","size":"","sizes":[]},"title_typography_letter_spacing":{"unit":"em","size":0.029999999999999999,"sizes":[]},"title_typography_letter_spacing_widescreen":{"unit":"em","size":"","sizes":[]},"title_typography_letter_spacing_laptop":{"unit":"em","size":"","sizes":[]},"title_typography_letter_spacing_tablet_extra":{"unit":"em","size":"","sizes":[]},"title_typography_letter_spacing_tablet":{"unit":"em","size":"","sizes":[]},"title_typography_letter_spacing_mobile_extra":{"unit":"em","size":"","sizes":[]},"title_typography_letter_spacing_mobile":{"unit":"em","size":"","sizes":[]},"title_typography_font_size_tablet":{"unit":"px","size":35,"sizes":[]}},"elements":[],"isInner":false,"widgetType":"etherium_heading","elType":"widget"},{"id":"1184815a","settings":{"editor":"<p>Some crypto cards are offering a waitlist, but if you\u2019re eager to apply and start earning - the following cards are open for application.<\/p>","align":"center","_margin":{"unit":"px","top":"25","right":"0","bottom":"0","left":"0","isLinked":false},"_padding":{"unit":"%","top":"0","right":"29","bottom":"0","left":"29","isLinked":false},"_padding_widescreen":{"unit":"%","top":"","right":"","bottom":"","left":"","isLinked":true},"_padding_laptop":{"unit":"%","top":"0","right":"20","bottom":"0","left":"20","isLinked":false},"_padding_tablet_extra":{"unit":"%","top":"0","right":"0","bottom":"0","left":"0","isLinked":false},"_padding_tablet":{"unit":"%","top":"","right":"","bottom":"","left":"","isLinked":true},"_padding_mobile_extra":{"unit":"%","top":"","right":"","bottom":"","left":"","isLinked":true},"_padding_mobile":{"unit":"%","top":"","right":"","bottom":"","left":"","isLinked":true}},"elements":[],"isInner":false,"widgetType":"text-editor","elType":"widget"}],"isInner":true,"elType":"column"}],"isInner":true,"elType":"section"},{"id":"385cbf56","settings":{"gap":"wide","structure":"30","margin":{"unit":"px","top":"50","right":0,"bottom":"0","left":0,"isLinked":false},"margin_tablet":{"unit":"px","top":"30","right":0,"bottom":"0","left":0,"isLinked":false}},"elements":[{"id":"f578697","settings":{"_column_size":33,"_inline_size":null,"_inline_size_tablet":50},"elements":[{"id":"1acb0c84","settings":{"title":"SoFi Card","button_text":"Get Card","card_title":"SoFi Card","card_owner":"Joy Laroy","info":"<p>As you spend on the card, you\u2019ll earn SoFi Credit Card reward points that can be redeemed for either Bitcoin .<\/p>","size":{"unit":"px","size":51,"sizes":[]},"card_item_border_gradient_color":"#9A80E3","card_item_border_gradient_color_b":"#93CAB0","card_item_border_gradient_color_angle":{"unit":"deg","size":135,"sizes":[]},"use_border_image":"yes","button_typography_font_size":{"unit":"px","size":29,"sizes":[]},"button_typography_font_weight":"400","due_date":"09-23","card_item_content_padding":{"unit":"%","top":"0","right":"6","bottom":"0","left":"6","isLinked":false},"card_item_content_padding_widescreen":{"unit":"%","top":"","right":"","bottom":"","left":"","isLinked":true},"card_item_content_padding_laptop":{"unit":"%","top":"","right":"","bottom":"","left":"","isLinked":true},"card_item_content_padding_tablet_extra":{"unit":"%","top":"","right":"","bottom":"","left":"","isLinked":true},"card_item_content_padding_tablet":{"unit":"%","top":"","right":"","bottom":"","left":"","isLinked":true},"card_item_content_padding_mobile_extra":{"unit":"%","top":"","right":"","bottom":"","left":"","isLinked":true},"card_item_content_padding_mobile":{"unit":"%","top":"","right":"","bottom":"","left":"","isLinked":true},"card_bg_color_background":"gradient","card_bg_color_color":"#00AED4","card_border_border":"solid","card_border_gradient_color":"#FAFAFACC","card_border_radius":{"unit":"px","top":"20","right":"20","bottom":"20","left":"20","isLinked":true},"use_card_border_image":"yes","card_icon":{"value":{"url":"https:\/\/demo.artureanec.com\/themes\/etherium-dark\/wp-content\/uploads\/2023\/08\/mastercard1.svg","id":6868},"library":"svg"},"paypass_icon_size":{"unit":"px","size":24,"sizes":[]},"card_bg_color_color_stop":{"unit":"%","size":12,"sizes":[]},"card_bg_color_color_b":"#CCD887","card_bg_color_color_b_stop":{"unit":"%","size":88,"sizes":[]},"card_bg_color_gradient_angle":{"unit":"deg","size":134,"sizes":[]},"card_border_gradient_color_b":"#FAFAFA1A","card_border_gradient_color_angle":{"unit":"deg","size":90,"sizes":[]},"card_image":{"url":"https:\/\/demo.artureanec.com\/themes\/etherium-dark\/wp-content\/uploads\/2023\/09\/Group-18321.png","id":7822,"size":"","alt":"","source":"library"},"card_rotation":{"unit":"deg","size":"","sizes":[]},"title_color":"#F5F7F2","paypass_icon_color":"#FAFAFA","card_title_typography_typography":"custom","card_title_typography_font_family":"Orbitron","card_title_color":"#FAFAFA","card_owner_typography_typography":"custom","card_owner_typography_font_family":"Poppins","card_owner_color":"#FAFAFA","card_period_typography_typography":"custom","card_period_typography_font_family":"Poppins","card_period_color":"#FAFAFA","card_item_padding_tablet_extra":{"unit":"px","top":"50","right":"15","bottom":"0","left":"15","isLinked":false},"card_title_space_tablet_extra":{"unit":"px","size":20,"sizes":[]},"card_title_space_after_tablet_extra":{"unit":"px","size":20,"sizes":[]}},"elements":[],"isInner":false,"widgetType":"etherium_card","elType":"widget"}],"isInner":true,"elType":"column"},{"id":"1cf4f8a2","settings":{"_column_size":33,"_inline_size":null,"_inline_size_tablet":50},"elements":[{"id":"19cd5412","settings":{"title":"Venmo Card","button_text":"Get Card","card_title":"Venmo Card","card_owner":"Joy Laroy","info":"<p>You can automatically purchase Bitcoin, Ethereum, Litecoin, or Bitcoin Cash with the cash back earned from purchases.<\/p>","size":{"unit":"px","size":51,"sizes":[]},"card_item_border_gradient_color":"#CB87D9","card_item_border_gradient_color_b":"#95AEC2","card_item_border_gradient_color_angle":{"unit":"deg","size":135,"sizes":[]},"use_border_image":"yes","button_typography_font_size":{"unit":"px","size":29,"sizes":[]},"button_typography_font_weight":"400","due_date":"09-23","card_item_content_padding":{"unit":"%","top":"0","right":"6","bottom":"0","left":"6","isLinked":false},"card_item_content_padding_widescreen":{"unit":"%","top":"","right":"","bottom":"","left":"","isLinked":true},"card_item_content_padding_laptop":{"unit":"%","top":"","right":"","bottom":"","left":"","isLinked":true},"card_item_content_padding_tablet_extra":{"unit":"%","top":"","right":"","bottom":"","left":"","isLinked":true},"card_item_content_padding_tablet":{"unit":"%","top":"","right":"","bottom":"","left":"","isLinked":true},"card_item_content_padding_mobile_extra":{"unit":"%","top":"","right":"","bottom":"","left":"","isLinked":true},"card_item_content_padding_mobile":{"unit":"%","top":"","right":"","bottom":"","left":"","isLinked":true},"card_bg_color_background":"gradient","card_bg_color_color":"#7452FE","card_border_border":"solid","card_border_gradient_color":"#FAFAFACC","card_border_radius":{"unit":"px","top":"20","right":"20","bottom":"20","left":"20","isLinked":true},"use_card_border_image":"yes","card_icon":{"value":{"url":"https:\/\/demo.artureanec.com\/themes\/etherium-dark\/wp-content\/uploads\/2023\/08\/mastercard1.svg","id":6868},"library":"svg"},"paypass_icon_size":{"unit":"px","size":24,"sizes":[]},"card_bg_color_color_stop":{"unit":"%","size":12,"sizes":[]},"card_bg_color_color_b":"#FE5454","card_bg_color_color_b_stop":{"unit":"%","size":88,"sizes":[]},"card_bg_color_gradient_angle":{"unit":"deg","size":134,"sizes":[]},"card_border_gradient_color_b":"#FAFAFA1A","card_border_gradient_color_angle":{"unit":"deg","size":90,"sizes":[]},"card_image":{"url":"https:\/\/demo.artureanec.com\/themes\/etherium-dark\/wp-content\/uploads\/2023\/09\/Group-18321.png","id":7822,"size":"","alt":"","source":"library"},"card_rotation":{"unit":"deg","size":"","sizes":[]},"title_color":"#F5F7F2","paypass_icon_color":"#FAFAFA","card_title_typography_typography":"custom","card_title_typography_font_family":"Orbitron","card_title_color":"#FAFAFA","card_owner_typography_typography":"custom","card_owner_typography_font_family":"Poppins","card_owner_color":"#FAFAFA","card_period_typography_typography":"custom","card_period_typography_font_family":"Poppins","card_period_color":"#FAFAFA","card_item_padding_tablet_extra":{"unit":"px","top":"50","right":"15","bottom":"0","left":"15","isLinked":false},"card_title_space_tablet_extra":{"unit":"px","size":20,"sizes":[]},"card_title_space_after_tablet_extra":{"unit":"px","size":20,"sizes":[]},"_margin_mobile":{"unit":"px","top":"20","right":"0","bottom":"0","left":"0","isLinked":false}},"elements":[],"isInner":false,"widgetType":"etherium_card","elType":"widget"}],"isInner":true,"elType":"column"},{"id":"58ea462a","settings":{"_column_size":33,"_inline_size":null,"_inline_size_tablet":50},"elements":[{"id":"20ed4ed4","settings":{"title":"Brex Business Card","button_text":"Get Card","card_title":"Brex Business Card","card_owner":"Joy Laroy","info":"<p>You can spend your rewards points you earn on the card on either Bitcoin or Ethereum.<\/p>","size":{"unit":"px","size":51,"sizes":[]},"card_item_border_gradient_color":"#889CE1","card_item_border_gradient_color_b":"#9B7CC6","card_item_border_gradient_color_angle":{"unit":"deg","size":135,"sizes":[]},"use_border_image":"yes","button_typography_font_size":{"unit":"px","size":29,"sizes":[]},"button_typography_font_weight":"400","due_date":"09-23","card_item_content_padding":{"unit":"%","top":"0","right":"6","bottom":"0","left":"6","isLinked":false},"card_item_content_padding_widescreen":{"unit":"%","top":"","right":"","bottom":"","left":"","isLinked":true},"card_item_content_padding_laptop":{"unit":"%","top":"","right":"","bottom":"","left":"","isLinked":true},"card_item_content_padding_tablet_extra":{"unit":"%","top":"","right":"","bottom":"","left":"","isLinked":true},"card_item_content_padding_tablet":{"unit":"%","top":"","right":"","bottom":"","left":"","isLinked":true},"card_item_content_padding_mobile_extra":{"unit":"%","top":"","right":"","bottom":"","left":"","isLinked":true},"card_item_content_padding_mobile":{"unit":"%","top":"","right":"","bottom":"","left":"","isLinked":true},"card_bg_color_background":"gradient","card_bg_color_color":"#9C2CF3","card_border_border":"solid","card_border_gradient_color":"#FAFAFACC","card_border_radius":{"unit":"px","top":"20","right":"20","bottom":"20","left":"20","isLinked":true},"use_card_border_image":"yes","card_icon":{"value":{"url":"https:\/\/demo.artureanec.com\/themes\/etherium-dark\/wp-content\/uploads\/2023\/08\/mastercard1.svg","id":6868},"library":"svg"},"paypass_icon_size":{"unit":"px","size":24,"sizes":[]},"card_bg_color_color_b":"#3A92F9","card_bg_color_gradient_angle":{"unit":"deg","size":208,"sizes":[]},"card_border_gradient_color_b":"#FAFAFA1A","card_border_gradient_color_angle":{"unit":"deg","size":90,"sizes":[]},"card_image":{"url":"https:\/\/demo.artureanec.com\/themes\/etherium-dark\/wp-content\/uploads\/2023\/09\/Group-18321.png","id":7822,"size":"","alt":"","source":"library"},"card_rotation":{"unit":"deg","size":"","sizes":[]},"title_color":"#F5F7F2","paypass_icon_color":"#FAFAFA","card_title_typography_typography":"custom","card_title_typography_font_family":"Orbitron","card_title_color":"#FAFAFA","card_owner_typography_typography":"custom","card_owner_typography_font_family":"Poppins","card_owner_color":"#FAFAFA","card_period_typography_typography":"custom","card_period_typography_font_family":"Poppins","card_period_color":"#FAFAFA","card_item_padding_tablet_extra":{"unit":"px","top":"50","right":"15","bottom":"0","left":"15","isLinked":false},"card_title_space_tablet_extra":{"unit":"px","size":20,"sizes":[]},"card_title_space_after_tablet_extra":{"unit":"px","size":20,"sizes":[]},"_margin_tablet":{"unit":"px","top":"20","right":"0","bottom":"0","left":"0","isLinked":false}},"elements":[],"isInner":false,"widgetType":"etherium_card","elType":"widget"}],"isInner":true,"elType":"column"}],"isInner":true,"elType":"section"},{"id":"5c72ae4a","settings":{"image":{"url":"https:\/\/demo.artureanec.com\/themes\/etherium-dark\/wp-content\/uploads\/2023\/08\/Group-4.png","id":6955,"size":"","alt":"","source":"library"},"image_size":"full","align":"right","opacity":{"unit":"px","size":0.34000000000000002,"sizes":[]},"_position":"absolute","_offset_orientation_h":"end","_offset_x_end":{"unit":"%","size":-10,"sizes":[]},"_offset_x_end_widescreen":{"unit":"%","size":"","sizes":[]},"_offset_x_end_laptop":{"unit":"%","size":"","sizes":[]},"_offset_x_end_tablet_extra":{"unit":"%","size":"","sizes":[]},"_offset_x_end_tablet":{"unit":"%","size":"","sizes":[]},"_offset_x_end_mobile_extra":{"unit":"%","size":"","sizes":[]},"_offset_x_end_mobile":{"unit":"%","size":"","sizes":[]},"_offset_y":{"unit":"%","size":-30,"sizes":[]},"_offset_y_widescreen":{"unit":"%","size":"","sizes":[]},"_offset_y_laptop":{"unit":"%","size":"","sizes":[]},"_offset_y_tablet_extra":{"unit":"%","size":"","sizes":[]},"_offset_y_tablet":{"unit":"%","size":"","sizes":[]},"_offset_y_mobile_extra":{"unit":"%","size":"","sizes":[]},"_offset_y_mobile":{"unit":"%","size":"","sizes":[]},"_z_index":-1},"elements":[],"isInner":false,"widgetType":"image","elType":"widget"}],"isInner":false,"elType":"column"}],"isInner":false,"elType":"section"},{"id":"2558affb","settings":[],"elements":[{"id":"5d285d36","settings":{"_column_size":100,"_inline_size":null},"elements":[{"id":"1ddb24ea","settings":{"heading":"<p>We provide the best <br \/>services for you<\/p>","subtitle":"This is subheading element","title_align":"center","title_typography_typography":"custom","title_typography_font_family":"Orbitron","title_typography_font_size":{"unit":"px","size":50,"sizes":[]},"title_typography_line_height":{"unit":"em","size":1.1499999999999999,"sizes":[]},"title_typography_line_height_widescreen":{"unit":"em","size":"","sizes":[]},"title_typography_line_height_laptop":{"unit":"em","size":"","sizes":[]},"title_typography_line_height_tablet_extra":{"unit":"em","size":"","sizes":[]},"title_typography_line_height_mobile_extra":{"unit":"em","size":"","sizes":[]},"title_typography_letter_spacing":{"unit":"em","size":0.029999999999999999,"sizes":[]},"title_typography_letter_spacing_widescreen":{"unit":"em","size":"","sizes":[]},"title_typography_letter_spacing_laptop":{"unit":"em","size":"","sizes":[]},"title_typography_letter_spacing_tablet_extra":{"unit":"em","size":"","sizes":[]},"title_typography_letter_spacing_tablet":{"unit":"em","size":"","sizes":[]},"title_typography_letter_spacing_mobile_extra":{"unit":"em","size":"","sizes":[]},"title_typography_letter_spacing_mobile":{"unit":"em","size":"","sizes":[]},"title_typography_font_size_tablet":{"unit":"px","size":35,"sizes":[]}},"elements":[],"isInner":false,"widgetType":"etherium_heading","elType":"widget"},{"id":"28c7bd19","settings":{"gap":"wider","structure":"40","margin":{"unit":"px","top":"54","right":0,"bottom":"0","left":0,"isLinked":false},"margin_tablet":{"unit":"px","top":"30","right":0,"bottom":"0","left":0,"isLinked":false}},"elements":[{"id":"522814d2","settings":{"_column_size":25,"_inline_size":null,"_inline_size_tablet":50},"elements":[{"id":"518133b9","settings":{"image":{"url":"https:\/\/demo.artureanec.com\/themes\/etherium-dark\/wp-content\/uploads\/2023\/08\/laptop.png","id":6966,"size":"","alt":"","source":"library"},"title_text":"Redeem for purchases","description_text":"Redeem rewards to offset<br>\neligible purchases made on your\ncredit card account","title_size":"h4","image_space":{"unit":"px","size":40,"sizes":[]},"image_size":{"unit":"%","size":50,"sizes":[]},"title_bottom_space":{"unit":"px","size":19,"sizes":[]},"title_color":"#F5F7F2","title_typography_typography":"custom","title_typography_font_family":"Plus Jakarta Sans","title_typography_font_size":{"unit":"px","size":25,"sizes":[]},"title_typography_font_weight":"500","title_typography_letter_spacing":{"unit":"px","size":0,"sizes":[]}},"elements":[],"isInner":false,"widgetType":"image-box","elType":"widget"}],"isInner":true,"elType":"column"},{"id":"436c94fc","settings":{"_column_size":25,"_inline_size":null,"_inline_size_tablet":50},"elements":[{"id":"d6cf55","settings":{"image":{"url":"https:\/\/demo.artureanec.com\/themes\/etherium-dark\/wp-content\/uploads\/2023\/08\/strongbox.png","id":6967,"size":"","alt":"","source":"library"},"title_text":"Redeem to account","description_text":"Redeem your rewards as a\ncredit to a qualifying Wells Fargo\ncredit card, checking account,\nor mortgage.","title_size":"h4","image_space":{"unit":"px","size":41,"sizes":[]},"image_size":{"unit":"%","size":50,"sizes":[]},"title_bottom_space":{"unit":"px","size":19,"sizes":[]},"title_color":"#F5F7F2","title_typography_typography":"custom","title_typography_font_family":"Plus Jakarta Sans","title_typography_font_size":{"unit":"px","size":25,"sizes":[]},"title_typography_font_weight":"500","title_typography_letter_spacing":{"unit":"px","size":0,"sizes":[]}},"elements":[],"isInner":false,"widgetType":"image-box","elType":"widget"}],"isInner":true,"elType":"column"},{"id":"c8e0185","settings":{"_column_size":25,"_inline_size":null,"_inline_size_tablet":50},"elements":[{"id":"16a6d602","settings":{"image":{"url":"https:\/\/demo.artureanec.com\/themes\/etherium-dark\/wp-content\/uploads\/2023\/08\/key.png","id":6965,"size":"","alt":"","source":"library"},"title_text":"Redeem at an ATM","description_text":"Cash redemption available\nin $20 increments when you\nuse your Wells Fargo ATM\nor Debit Card.","title_size":"h4","image_space":{"unit":"px","size":41,"sizes":[]},"image_size":{"unit":"%","size":50,"sizes":[]},"title_bottom_space":{"unit":"px","size":19,"sizes":[]},"title_color":"#F5F7F2","title_typography_typography":"custom","title_typography_font_family":"Plus Jakarta Sans","title_typography_font_size":{"unit":"px","size":25,"sizes":[]},"title_typography_font_weight":"500","title_typography_letter_spacing":{"unit":"px","size":0,"sizes":[]}},"elements":[],"isInner":false,"widgetType":"image-box","elType":"widget"}],"isInner":true,"elType":"column"},{"id":"708f5458","settings":{"_column_size":25,"_inline_size":null,"_inline_size_tablet":50},"elements":[{"id":"73f05972","settings":{"image":{"url":"https:\/\/demo.artureanec.com\/themes\/etherium-dark\/wp-content\/uploads\/2023\/08\/touch_card.png","id":6968,"size":"","alt":"","source":"library"},"title_text":"Redeem for gift cards","description_text":"Find the perfect gift card for the right occasion. Gift cards are redeemable in many amounts, including popular ","title_size":"h4","image_space":{"unit":"px","size":41,"sizes":[]},"image_size":{"unit":"%","size":50,"sizes":[]},"title_bottom_space":{"unit":"px","size":19,"sizes":[]},"title_color":"#F5F7F2","title_typography_typography":"custom","title_typography_font_family":"Plus Jakarta Sans","title_typography_font_size":{"unit":"px","size":25,"sizes":[]},"title_typography_font_weight":"500","title_typography_letter_spacing":{"unit":"px","size":0,"sizes":[]}},"elements":[],"isInner":false,"widgetType":"image-box","elType":"widget"}],"isInner":true,"elType":"column"}],"isInner":true,"elType":"section"}],"isInner":false,"elType":"column"}],"isInner":false,"elType":"section"},{"id":"37bc2695","settings":{"layout":"full_width","gap":"no","stretch_section":"section-stretched"},"elements":[{"id":"3552f283","settings":{"_column_size":100,"_inline_size":null},"elements":[{"id":"464976d0","settings":{"image":{"url":"https:\/\/demo.artureanec.com\/themes\/etherium-dark\/wp-content\/uploads\/2023\/10\/Group-18321-2-compressed.png","id":9169,"size":"","alt":"","source":"library"},"image_size":"full","align":"left","width":{"unit":"%","size":70,"sizes":[]},"width_widescreen":{"unit":"vw","size":"","sizes":[]},"width_laptop":{"unit":"vw","size":"","sizes":[]},"width_tablet_extra":{"unit":"vw","size":"","sizes":[]},"width_tablet":{"unit":"vw","size":"","sizes":[]},"width_mobile_extra":{"unit":"vw","size":"","sizes":[]},"width_mobile":{"unit":"vw","size":"","sizes":[]},"space":{"unit":"vw","size":100,"sizes":[]},"space_widescreen":{"unit":"vw","size":"","sizes":[]},"space_laptop":{"unit":"vw","size":"","sizes":[]},"space_tablet_extra":{"unit":"vw","size":"","sizes":[]},"space_tablet":{"unit":"vw","size":"","sizes":[]},"space_mobile_extra":{"unit":"vw","size":"","sizes":[]},"space_mobile":{"unit":"vw","size":"","sizes":[]},"_position":"absolute","_offset_x":{"unit":"px","size":"","sizes":[]},"_offset_orientation_v":"end","_offset_y":{"unit":"px","size":-504,"sizes":[]},"_offset_y_end":{"unit":"%","size":-130,"sizes":[]},"_offset_y_end_widescreen":{"unit":"%","size":"","sizes":[]},"_offset_y_end_laptop":{"unit":"%","size":"","sizes":[]},"_offset_y_end_tablet_extra":{"unit":"%","size":"","sizes":[]},"_offset_y_end_tablet":{"unit":"%","size":"","sizes":[]},"_offset_y_end_mobile_extra":{"unit":"%","size":"","sizes":[]},"_offset_y_end_mobile":{"unit":"%","size":"","sizes":[]},"_z_index":-1,"hide_tablet":"hidden-tablet","hide_mobile_extra":"hidden-mobile_extra","hide_mobile":"hidden-mobile"},"elements":[],"isInner":false,"widgetType":"image","elType":"widget"},{"id":"63fb4b56","settings":{"gap":"wide","structure":"20"},"elements":[{"id":"1347205","settings":{"_column_size":50,"_inline_size":null,"_inline_size_mobile_extra":100},"elements":[{"id":"2596aaec","settings":{"image":{"url":"https:\/\/demo.artureanec.com\/themes\/etherium-dark\/wp-content\/uploads\/2023\/08\/picture.png","id":7021,"size":"","alt":"","source":"library"},"image_size":"full","_margin":{"unit":"px","top":"0","right":"48","bottom":"0","left":"-102","isLinked":false},"_margin_tablet_extra":{"unit":"px","top":"0","right":"0","bottom":"0","left":"0","isLinked":true}},"elements":[],"isInner":false,"widgetType":"image","elType":"widget"}],"isInner":true,"elType":"column"},{"id":"3f86e85d","settings":{"_column_size":50,"_inline_size":null,"align":"space-between","margin":{"unit":"px","top":"34","right":"0","bottom":"0","left":"0","isLinked":false},"_inline_size_mobile_extra":100,"align_tablet_extra":"flex-start"},"elements":[{"id":"2bb18e4a","settings":{"heading":"<p>About our working<\/p>","subtitle":"This is subheading element","title_align":"","title_typography_typography":"custom","title_typography_font_family":"Orbitron","title_typography_font_size":{"unit":"px","size":50,"sizes":[]},"title_typography_line_height":{"unit":"em","size":1.1499999999999999,"sizes":[]},"title_typography_line_height_widescreen":{"unit":"em","size":"","sizes":[]},"title_typography_line_height_laptop":{"unit":"em","size":"","sizes":[]},"title_typography_line_height_tablet_extra":{"unit":"em","size":"","sizes":[]},"title_typography_line_height_mobile_extra":{"unit":"em","size":"","sizes":[]},"title_typography_letter_spacing":{"unit":"em","size":0.029999999999999999,"sizes":[]},"title_typography_letter_spacing_widescreen":{"unit":"em","size":"","sizes":[]},"title_typography_letter_spacing_laptop":{"unit":"em","size":"","sizes":[]},"title_typography_letter_spacing_tablet_extra":{"unit":"em","size":"","sizes":[]},"title_typography_letter_spacing_tablet":{"unit":"em","size":"","sizes":[]},"title_typography_letter_spacing_mobile_extra":{"unit":"em","size":"","sizes":[]},"title_typography_letter_spacing_mobile":{"unit":"em","size":"","sizes":[]},"title_typography_font_size_tablet":{"unit":"px","size":35,"sizes":[]}},"elements":[],"isInner":false,"widgetType":"etherium_heading","elType":"widget"},{"id":"502c9c00","settings":{"editor":"<p>Higher powers is the all-in-one banking with payment cards and fintech experiences for personal use or business.<\/p>","typography_typography":"custom","typography_font_weight":"500","_margin":{"unit":"px","top":"28","right":"0","bottom":"0","left":"0","isLinked":false}},"elements":[],"isInner":false,"widgetType":"text-editor","elType":"widget"},{"id":"661f441d","settings":{"editor":"<p>That means the crypto you earn lands in your Gemini account the instant you swipe, not a month later. 1 No need to time the market or pay trading fees. Earn bitcoin, ether, or any of your favorite cryptos simply by living your life, every day, every purchase.<\/p>","typography_font_weight":"500","_margin":{"unit":"px","top":"20","right":"0","bottom":"40","left":"0","isLinked":false}},"elements":[],"isInner":false,"widgetType":"text-editor","elType":"widget"},{"id":"e9b63dc","settings":{"ending_number":120,"suffix":"k+","title":"Users have the <br>new card","info_align":"left","typography_number_typography":"custom","typography_number_font_family":"Orbitron","typography_number_font_size":{"unit":"px","size":40,"sizes":[]},"typography_number_line_height":{"unit":"em","size":1.1499999999999999,"sizes":[]},"typography_number_line_height_widescreen":{"unit":"em","size":"","sizes":[]},"typography_number_line_height_laptop":{"unit":"em","size":"","sizes":[]},"typography_number_line_height_tablet_extra":{"unit":"em","size":"","sizes":[]},"typography_number_line_height_mobile_extra":{"unit":"em","size":"","sizes":[]},"typography_title_typography":"custom","typography_title_font_size":{"unit":"px","size":14,"sizes":[]},"typography_title_line_height":{"unit":"px","size":24,"sizes":[]},"space_before_title":{"unit":"px","size":5,"sizes":[]},"_margin":{"unit":"px","top":"0","right":"10","bottom":"0","left":"0","isLinked":false},"_element_width":"auto"},"elements":[],"isInner":false,"widgetType":"counter","elType":"widget"},{"id":"75a46534","settings":{"ending_number":10,"suffix":"k+","title":"Orders on the<br> App Store","info_align":"left","typography_number_typography":"custom","typography_number_font_family":"Orbitron","typography_number_font_size":{"unit":"px","size":40,"sizes":[]},"typography_number_line_height":{"unit":"em","size":1.1499999999999999,"sizes":[]},"typography_number_line_height_widescreen":{"unit":"em","size":"","sizes":[]},"typography_number_line_height_laptop":{"unit":"em","size":"","sizes":[]},"typography_number_line_height_tablet_extra":{"unit":"em","size":"","sizes":[]},"typography_number_line_height_mobile_extra":{"unit":"em","size":"","sizes":[]},"typography_title_typography":"custom","typography_title_font_size":{"unit":"px","size":14,"sizes":[]},"typography_title_line_height":{"unit":"px","size":24,"sizes":[]},"space_before_title":{"unit":"px","size":5,"sizes":[]},"_margin":{"unit":"px","top":"0","right":"10","bottom":"0","left":"0","isLinked":false},"_element_width":"auto","_margin_tablet_extra":{"unit":"px","top":"0","right":"20","bottom":"0","left":"20","isLinked":false}},"elements":[],"isInner":false,"widgetType":"counter","elType":"widget"},{"id":"2de54898","settings":{"ending_number":22,"suffix":"%","title":"Cashback","info_align":"left","typography_number_typography":"custom","typography_number_font_family":"Orbitron","typography_number_font_size":{"unit":"px","size":40,"sizes":[]},"typography_number_line_height":{"unit":"em","size":1.1499999999999999,"sizes":[]},"typography_number_line_height_widescreen":{"unit":"em","size":"","sizes":[]},"typography_number_line_height_laptop":{"unit":"em","size":"","sizes":[]},"typography_number_line_height_tablet_extra":{"unit":"em","size":"","sizes":[]},"typography_number_line_height_mobile_extra":{"unit":"em","size":"","sizes":[]},"typography_title_typography":"custom","typography_title_font_size":{"unit":"px","size":14,"sizes":[]},"typography_title_line_height":{"unit":"px","size":24,"sizes":[]},"space_before_title":{"unit":"px","size":5,"sizes":[]},"_margin":{"unit":"px","top":"0","right":"115","bottom":"0","left":"0","isLinked":false},"_padding":{"unit":"%","top":"","right":"","bottom":"","left":"","isLinked":true},"_padding_widescreen":{"unit":"%","top":"","right":"","bottom":"","left":"","isLinked":true},"_padding_laptop":{"unit":"%","top":"","right":"","bottom":"","left":"","isLinked":true},"_padding_tablet_extra":{"unit":"%","top":"","right":"","bottom":"","left":"","isLinked":true},"_padding_tablet":{"unit":"%","top":"","right":"","bottom":"","left":"","isLinked":true},"_padding_mobile_extra":{"unit":"%","top":"","right":"","bottom":"","left":"","isLinked":true},"_padding_mobile":{"unit":"%","top":"","right":"","bottom":"","left":"","isLinked":true},"_element_width":"auto"},"elements":[],"isInner":false,"widgetType":"counter","elType":"widget"},{"id":"177cf63","settings":{"button_text":"Explore more","button_link":{"url":"#","is_external":"true","nofollow":"","custom_attributes":""},"button_align":"left","button_typography_typography":"custom","button_typography_font_weight":"600","button_typography_text_transform":"uppercase","button_radius":{"unit":"px","top":"0","right":"0","bottom":"0","left":"0","isLinked":true},"button_padding":{"unit":"px","top":"22","right":"45","bottom":"22","left":"45","isLinked":false},"_margin":{"unit":"px","top":"54","right":"0","bottom":"0","left":"0","isLinked":false}},"elements":[],"isInner":false,"widgetType":"etherium_button","elType":"widget"}],"isInner":true,"elType":"column"}],"isInner":true,"elType":"section"},{"id":"2101675f","settings":{"image":{"url":"https:\/\/demo.artureanec.com\/themes\/etherium-dark\/wp-content\/uploads\/2023\/08\/Group-18321-2-1.png","id":7135,"size":"","alt":"","source":"library"},"image_size":"full","align":"right","_position":"absolute","_offset_y":{"unit":"%","size":-112,"sizes":[]},"_offset_y_widescreen":{"unit":"%","size":"","sizes":[]},"_offset_y_laptop":{"unit":"%","size":"","sizes":[]},"_offset_y_tablet_extra":{"unit":"%","size":"","sizes":[]},"_offset_y_tablet":{"unit":"%","size":"","sizes":[]},"_offset_y_mobile_extra":{"unit":"%","size":"","sizes":[]},"_offset_y_mobile":{"unit":"%","size":"","sizes":[]},"_z_index":-1},"elements":[],"isInner":false,"widgetType":"image","elType":"widget"}],"isInner":false,"elType":"column"}],"isInner":false,"elType":"section"},{"id":"3e7fb9c9","settings":[],"elements":[{"id":"5bc5bf02","settings":{"_column_size":100,"_inline_size":null},"elements":[{"id":"196b6917","settings":{"heading":"<p>Awards<\/p>","subtitle":"This is subheading element","title_align":"center","title_typography_typography":"custom","title_typography_font_family":"Orbitron","title_typography_font_size":{"unit":"px","size":50,"sizes":[]},"title_typography_line_height":{"unit":"em","size":1.1499999999999999,"sizes":[]},"title_typography_line_height_widescreen":{"unit":"em","size":"","sizes":[]},"title_typography_line_height_laptop":{"unit":"em","size":"","sizes":[]},"title_typography_line_height_tablet_extra":{"unit":"em","size":"","sizes":[]},"title_typography_line_height_mobile_extra":{"unit":"em","size":"","sizes":[]},"title_typography_letter_spacing":{"unit":"em","size":0.029999999999999999,"sizes":[]},"title_typography_letter_spacing_widescreen":{"unit":"em","size":"","sizes":[]},"title_typography_letter_spacing_laptop":{"unit":"em","size":"","sizes":[]},"title_typography_letter_spacing_tablet_extra":{"unit":"em","size":"","sizes":[]},"title_typography_letter_spacing_tablet":{"unit":"em","size":"","sizes":[]},"title_typography_letter_spacing_mobile_extra":{"unit":"em","size":"","sizes":[]},"title_typography_letter_spacing_mobile":{"unit":"em","size":"","sizes":[]},"title_typography_font_size_tablet":{"unit":"px","size":35,"sizes":[]}},"elements":[],"isInner":false,"widgetType":"etherium_heading","elType":"widget"},{"id":"4cd416f1","settings":{"gap":"wide","structure":"30","margin":{"unit":"px","top":"27","right":0,"bottom":"0","left":0,"isLinked":false}},"elements":[{"id":"ad99135","settings":{"_column_size":33,"_inline_size":null,"_inline_size_mobile_extra":50},"elements":[{"id":"2c761cc5","settings":{"image":{"url":"https:\/\/demo.artureanec.com\/themes\/etherium-dark\/wp-content\/uploads\/2023\/08\/awword.png","id":7099,"size":"","alt":"","source":"library"},"title_text":"NerdWallet","description_text":"2022 Best Credit Card for Simple Cash Back\n\u00a92017-2022 All Rights Reserved.","title_size":"h4","image_space":{"unit":"px","size":20,"sizes":[]},"image_size":{"unit":"%","size":100,"sizes":[]},"title_bottom_space":{"unit":"px","size":20,"sizes":[]},"title_color":"#F5F7F2","title_typography_typography":"custom","title_typography_font_family":"Plus Jakarta Sans","title_typography_font_size":{"unit":"px","size":25,"sizes":[]},"title_typography_font_weight":"500","title_typography_letter_spacing":{"unit":"px","size":0,"sizes":[]},"_padding":{"unit":"%","top":"0","right":"5","bottom":"0","left":"5","isLinked":false},"_padding_widescreen":{"unit":"%","top":"","right":"","bottom":"","left":"","isLinked":true},"_padding_laptop":{"unit":"%","top":"","right":"","bottom":"","left":"","isLinked":true},"_padding_tablet_extra":{"unit":"%","top":"","right":"","bottom":"","left":"","isLinked":true},"_padding_tablet":{"unit":"%","top":"","right":"","bottom":"","left":"","isLinked":true},"_padding_mobile_extra":{"unit":"%","top":"","right":"","bottom":"","left":"","isLinked":true},"_padding_mobile":{"unit":"%","top":"","right":"","bottom":"","left":"","isLinked":true}},"elements":[],"isInner":false,"widgetType":"image-box","elType":"widget"}],"isInner":true,"elType":"column"},{"id":"20806ee3","settings":{"_column_size":33,"_inline_size":null,"_inline_size_mobile_extra":50},"elements":[{"id":"284b6a27","settings":{"image":{"url":"https:\/\/demo.artureanec.com\/themes\/etherium-dark\/wp-content\/uploads\/2023\/08\/awword2.png","id":7121,"size":"","alt":"","source":"library"},"title_text":"The Ascent, a Motley Fool Service","description_text":"2022 Best Cash Back Card Overall<br>\n2022 Best No Annual Fee Cash Back Credit Card\n2022 Best New Credit Card Launch","title_size":"h4","image_space":{"unit":"px","size":20,"sizes":[]},"image_size":{"unit":"%","size":100,"sizes":[]},"title_bottom_space":{"unit":"px","size":20,"sizes":[]},"title_color":"#F5F7F2","title_typography_typography":"custom","title_typography_font_family":"Plus Jakarta Sans","title_typography_font_size":{"unit":"px","size":25,"sizes":[]},"title_typography_font_weight":"500","title_typography_letter_spacing":{"unit":"px","size":0,"sizes":[]},"_padding":{"unit":"%","top":"0","right":"2","bottom":"0","left":"2","isLinked":false},"_padding_widescreen":{"unit":"%","top":"","right":"","bottom":"","left":"","isLinked":true},"_padding_laptop":{"unit":"%","top":"","right":"","bottom":"","left":"","isLinked":true},"_padding_tablet_extra":{"unit":"%","top":"","right":"","bottom":"","left":"","isLinked":true},"_padding_tablet":{"unit":"%","top":"","right":"","bottom":"","left":"","isLinked":true},"_padding_mobile_extra":{"unit":"%","top":"","right":"","bottom":"","left":"","isLinked":true},"_padding_mobile":{"unit":"%","top":"","right":"","bottom":"","left":"","isLinked":true}},"elements":[],"isInner":false,"widgetType":"image-box","elType":"widget"}],"isInner":true,"elType":"column"},{"id":"3c6653a4","settings":{"_column_size":33,"_inline_size":null,"_inline_size_mobile_extra":50},"elements":[{"id":"7012e6fb","settings":{"image":{"url":"https:\/\/demo.artureanec.com\/themes\/etherium-dark\/wp-content\/uploads\/2023\/08\/awword3.png","id":7131,"size":"","alt":"","source":"library"},"title_text":"MONEY.com","description_text":"2021 Best for<br>\nFlat-Rate Rewards","title_size":"h4","image_space":{"unit":"px","size":20,"sizes":[]},"image_size":{"unit":"%","size":100,"sizes":[]},"title_bottom_space":{"unit":"px","size":20,"sizes":[]},"title_color":"#F5F7F2","title_typography_typography":"custom","title_typography_font_family":"Plus Jakarta Sans","title_typography_font_size":{"unit":"px","size":25,"sizes":[]},"title_typography_font_weight":"500","title_typography_letter_spacing":{"unit":"px","size":0,"sizes":[]},"_padding":{"unit":"%","top":"0","right":"5","bottom":"0","left":"5","isLinked":false},"_padding_widescreen":{"unit":"%","top":"","right":"","bottom":"","left":"","isLinked":true},"_padding_laptop":{"unit":"%","top":"","right":"","bottom":"","left":"","isLinked":true},"_padding_tablet_extra":{"unit":"%","top":"","right":"","bottom":"","left":"","isLinked":true},"_padding_tablet":{"unit":"%","top":"","right":"","bottom":"","left":"","isLinked":true},"_padding_mobile_extra":{"unit":"%","top":"","right":"","bottom":"","left":"","isLinked":true},"_padding_mobile":{"unit":"%","top":"","right":"","bottom":"","left":"","isLinked":true}},"elements":[],"isInner":false,"widgetType":"image-box","elType":"widget"}],"isInner":true,"elType":"column"}],"isInner":true,"elType":"section"}],"isInner":false,"elType":"column"}],"isInner":false,"elType":"section"},{"id":"409df23a","settings":{"layout":"full_width","gap":"no","stretch_section":"section-stretched"},"elements":[{"id":"26769b52","settings":{"_column_size":100,"_inline_size":null},"elements":[{"id":"6f51d138","settings":{"image":{"url":"https:\/\/demo.artureanec.com\/themes\/etherium-dark\/wp-content\/uploads\/2023\/08\/Group-4-1.png","id":7173,"size":"","alt":"","source":"library"},"image_size":"full","align":"left","opacity":{"unit":"px","size":0.34000000000000002,"sizes":[]},"_position":"absolute","_offset_x":{"unit":"%","size":"","sizes":[]},"_offset_x_widescreen":{"unit":"%","size":"","sizes":[]},"_offset_x_laptop":{"unit":"%","size":"","sizes":[]},"_offset_x_tablet_extra":{"unit":"%","size":"","sizes":[]},"_offset_x_tablet":{"unit":"%","size":"","sizes":[]},"_offset_x_mobile_extra":{"unit":"%","size":"","sizes":[]},"_offset_x_mobile":{"unit":"%","size":"","sizes":[]},"_offset_y":{"unit":"%","size":-69,"sizes":[]},"_offset_y_widescreen":{"unit":"%","size":"","sizes":[]},"_offset_y_laptop":{"unit":"%","size":"","sizes":[]},"_offset_y_tablet_extra":{"unit":"%","size":"","sizes":[]},"_offset_y_tablet":{"unit":"%","size":"","sizes":[]},"_offset_y_mobile_extra":{"unit":"%","size":"","sizes":[]},"_offset_y_mobile":{"unit":"%","size":"","sizes":[]},"_z_index":-1,"hide_tablet":"hidden-tablet","hide_mobile_extra":"hidden-mobile_extra","hide_mobile":"hidden-mobile"},"elements":[],"isInner":false,"widgetType":"image","elType":"widget"},{"id":"3caf5158","settings":{"structure":"20"},"elements":[{"id":"12009f22","settings":{"_column_size":50,"_inline_size":null,"_inline_size_mobile_extra":100},"elements":[{"id":"e398629","settings":{"heading":"<p>Best prices<\/p>","subtitle":"This is subheading element","title_typography_typography":"custom","title_typography_font_family":"Orbitron","title_typography_font_size":{"unit":"px","size":50,"sizes":[]},"title_typography_line_height":{"unit":"em","size":1.1499999999999999,"sizes":[]},"title_typography_line_height_widescreen":{"unit":"em","size":"","sizes":[]},"title_typography_line_height_laptop":{"unit":"em","size":"","sizes":[]},"title_typography_line_height_tablet_extra":{"unit":"em","size":"","sizes":[]},"title_typography_line_height_mobile_extra":{"unit":"em","size":"","sizes":[]},"title_typography_letter_spacing":{"unit":"em","size":0.029999999999999999,"sizes":[]},"title_typography_letter_spacing_widescreen":{"unit":"em","size":"","sizes":[]},"title_typography_letter_spacing_laptop":{"unit":"em","size":"","sizes":[]},"title_typography_letter_spacing_tablet_extra":{"unit":"em","size":"","sizes":[]},"title_typography_letter_spacing_tablet":{"unit":"em","size":"","sizes":[]},"title_typography_letter_spacing_mobile_extra":{"unit":"em","size":"","sizes":[]},"title_typography_letter_spacing_mobile":{"unit":"em","size":"","sizes":[]},"title_typography_font_size_tablet":{"unit":"px","size":35,"sizes":[]}},"elements":[],"isInner":false,"widgetType":"etherium_heading","elType":"widget"},{"id":"28161630","settings":{"editor":"<p>Pink salmon cherry salmon combtail gourami frigate mackerel snake mackerel upside-down catfish finback cat shark. Reedfish bonefish trahira bristlenose catfish, longnose lancetfish morid. Wahoo mora deep sea smelt cat shark.<\/p>","_margin":{"unit":"px","top":"30","right":"0","bottom":"27","left":"0","isLinked":false}},"elements":[],"isInner":false,"widgetType":"text-editor","elType":"widget"},{"id":"1d5065ab","settings":{"icon_type":"svg","svg_icon":"<svg xmlns=\"http:\/\/www.w3.org\/2000\/svg\"  viewBox=\"0 0 47 49\" fill=\"none\">\n  <path fill-rule=\"evenodd\" clip-rule=\"evenodd\" d=\"M2.46129 48.633C2.3917 48.6065 2.32215 48.58 2.25139 48.559C1.60591 48.3814 1.03634 47.9961 0.63012 47.4624C0.223896 46.9286 0.00345786 46.2759 0.00263642 45.6043C-0.00158185 37.7014 -0.000738196 29.7981 0.00516738 21.8944C0.00516738 20.7846 0.532873 19.9225 1.4668 19.332C1.68699 19.1924 1.79835 19.0654 1.80088 18.7848C1.8148 17.0973 2.74367 16.1856 4.42422 16.1805H5.89218C5.92387 15.8822 5.95574 15.5878 5.98733 15.2959C6.04151 14.7953 6.09492 14.3019 6.14528 13.8086C6.24174 12.8213 6.33701 11.8339 6.43227 10.8465L6.43237 10.8455C6.59701 9.13915 6.76169 7.43234 6.9324 5.72672C7.06908 4.36302 8.08779 3.50848 9.47729 3.63038C10.9298 3.75699 12.3823 3.90517 13.8348 4.05334C14.4071 4.11172 14.9794 4.1701 15.5516 4.22716C16.1617 4.28778 16.7717 4.34908 17.3819 4.41039C18.2157 4.49418 19.0502 4.57803 19.8846 4.66014C20.4401 4.71347 20.7578 4.99535 20.7223 5.42199C20.6856 5.87274 20.3111 6.09749 19.7378 6.04035C16.3151 5.70175 12.8924 5.36569 9.46969 5.03217C8.67497 4.95218 8.38644 5.182 8.30545 5.96798C8.10023 7.97174 7.90236 9.97683 7.70456 11.9813L7.70393 11.9877C7.62995 12.7374 7.55598 13.4871 7.48162 14.2365C7.38364 15.2565 7.28335 16.2776 7.18155 17.3142C7.13217 17.8169 7.08238 18.3239 7.03238 18.8356L7.13525 18.8407L7.12869 18.88H12.1633L12.169 18.8713L12.236 18.8737C12.5802 18.8864 12.7739 18.7556 12.9624 18.4788C16.6517 13.0163 20.3503 7.56066 24.0581 2.11176C24.1383 1.99414 24.2177 1.87596 24.2971 1.75778C24.456 1.52132 24.615 1.28474 24.7795 1.0528C25.5793 -0.082355 26.8549 -0.327416 28.0102 0.456016C30.5572 2.18541 33.1 3.92072 35.6386 5.66197C37.6844 7.06461 39.7307 8.46598 41.7774 9.86609C43.1251 10.7892 43.3479 12.0158 42.4253 13.3769C41.8154 14.2785 41.2041 15.18 40.5537 16.1374C40.6573 16.1479 40.7555 16.1565 40.8499 16.1647C41.0519 16.1824 41.2364 16.1985 41.4193 16.2288C42.5709 16.423 43.3833 17.3309 43.3782 18.4953C43.3782 19.0717 43.4693 19.52 43.9287 19.9466C44.5159 20.4938 44.707 21.2646 44.7057 22.0721V28.511C44.7958 28.511 44.8829 28.51 44.9686 28.509C45.1358 28.507 45.2977 28.5051 45.465 28.511C46.3154 28.544 46.9735 29.17 46.9836 30.0245C46.9996 32.5107 46.9996 34.9973 46.9836 37.4843C46.987 37.8705 46.8432 38.2433 46.5816 38.5266C46.32 38.8099 45.9604 38.9821 45.5764 39.008C45.4042 39.0253 45.2304 39.0201 45.039 39.0143C44.9364 39.0112 44.8285 39.008 44.7133 39.008V45.3554C44.7133 47.0404 43.8945 48.1209 42.2773 48.5907C42.2351 48.6098 42.1956 48.6341 42.1596 48.6631L2.55511 48.6682C2.52393 48.6569 2.49233 48.6448 2.46129 48.633ZM1.41435 43.6514H1.41112C1.41112 43.897 1.40686 44.1368 1.40268 44.3721C1.39339 44.8959 1.38447 45.3979 1.42377 45.8938C1.47819 46.5896 2.11599 47.1636 2.8158 47.2474C3.00415 47.2664 3.19347 47.274 3.38273 47.2702H41.3193C41.509 47.2743 41.6988 47.2662 41.8875 47.2461C42.5835 47.1585 43.2213 46.5833 43.2795 45.8875C43.3139 45.3999 43.3051 44.9071 43.2959 44.3946C43.2915 44.1531 43.2871 43.907 43.2871 43.6552H43.2856V41.1163V41.0999L43.2757 39.0283H36.9331C34.9932 39.0283 33.4227 38.2665 32.366 36.6234C31.2701 34.9156 31.1828 33.0923 32.1382 31.3019C33.0937 29.5116 34.6388 28.5694 36.6699 28.5237C38.0917 28.4917 39.5185 28.4989 40.945 28.5061C41.5562 28.5092 42.1677 28.5123 42.7784 28.5123H43.2846V26.8515H43.2856L43.3112 23.8884V23.8472V22.2829C43.3112 20.8684 42.6999 20.2513 41.2978 20.2513H3.41311C3.36038 20.2513 3.30751 20.2505 3.25464 20.2496C3.1489 20.2479 3.04316 20.2462 2.93855 20.2513C2.21216 20.3123 1.51489 20.8595 1.44528 21.5592C1.39992 22.0199 1.40435 22.4859 1.41435 22.9591V43.6514ZM19.7454 18.866H18.0464L18.037 18.88H14.6806L14.6933 18.8618C14.6038 18.8514 14.5097 18.8339 14.4101 18.8102C14.4538 18.7429 14.493 18.6798 14.5307 18.6187C14.575 18.5472 14.6175 18.4787 14.6632 18.4102C18.3753 12.9418 22.0874 7.47474 25.7994 2.00891C26.2841 1.29532 26.6726 1.21532 27.3724 1.69402C31.9096 4.79727 36.4455 7.89883 40.9801 10.9987C41.704 11.4939 41.7711 11.8799 41.2712 12.6164C40.9072 13.1526 40.5407 13.6875 40.1742 14.2224C39.2538 15.5656 38.3332 16.9092 37.4507 18.2769C37.1815 18.6935 36.8912 18.8652 36.5044 18.8694L36.4973 18.88H33.5605L33.556 18.8723C33.3724 18.8743 33.1887 18.8732 33.005 18.872C32.7609 18.8706 32.5166 18.8691 32.2724 18.8749C32.0054 18.8813 31.9421 18.7721 31.9041 18.5181C31.4815 15.6549 29.2403 13.6525 26.3676 13.5534C23.6836 13.4557 21.2792 15.3933 20.6894 18.1245C20.5287 18.866 20.5287 18.866 19.7454 18.866ZM40.8409 37.6405C41.2353 37.6405 41.6296 37.6389 42.0238 37.6373C43.0337 37.6332 44.0431 37.6291 45.0525 37.6519C45.5118 37.6633 45.6029 37.4983 45.6004 37.0818C45.584 34.8661 45.5802 32.6504 45.6004 30.4359C45.6004 29.9877 45.4574 29.8773 45.0335 29.8798C43.6395 29.8884 42.2459 29.888 40.8523 29.8877H40.8508C39.564 29.8874 38.2772 29.8871 36.9901 29.8938C36.612 29.8886 36.2346 29.9265 35.8651 30.0068C33.9896 30.4537 32.7014 32.2453 32.8975 34.0814C33.1228 36.132 34.6996 37.6075 36.7231 37.6367C37.6743 37.6498 38.6242 37.6466 39.5738 37.6434H39.5748C39.9969 37.6419 40.4189 37.6405 40.8409 37.6405ZM22.0005 18.8292H30.5159C30.445 16.7697 28.5253 14.9755 26.3854 14.9324C24.1214 14.8867 22.1625 16.6122 22.0005 18.8292ZM38.7504 18.866H41.9761C42.0596 18.1397 41.7685 17.6661 41.1953 17.5963C40.1917 17.4693 39.2414 17.4922 38.8301 18.6807C38.8243 18.6965 38.8174 18.7124 38.8022 18.7468C38.7907 18.773 38.7744 18.8102 38.7504 18.866ZM5.74918 17.6331C5.6995 17.6111 5.64718 17.5958 5.59353 17.5874C5.43614 17.5874 5.27875 17.5857 5.12141 17.584C4.80687 17.5806 4.49251 17.5772 4.17872 17.5874C3.4536 17.6077 3.09294 18.0953 3.25112 18.866C3.41548 18.866 3.58045 18.8665 3.74592 18.867L3.74743 18.867C4.29494 18.8686 4.84795 18.8702 5.40244 18.8546C5.46141 18.8381 5.51538 18.8072 5.55954 18.7646C5.60371 18.7221 5.63669 18.6693 5.65554 18.6108C5.69841 18.3705 5.71451 18.1309 5.73063 17.8909C5.7364 17.805 5.74218 17.7191 5.74918 17.6331Z\" fill=\"url(#paint0_linear_1343_1223)\"\/>\n  <defs>\n    <linearGradient id=\"paint0_linear_1343_1223\" x1=\"0.352467\" y1=\"33.5643\" x2=\"47.0003\" y2=\"33.5972\" gradientUnits=\"userSpaceOnUse\">\n      <stop stop-color=\"#6BC5B0\"\/>\n      <stop offset=\"0.510417\" stop-color=\"#B558B0\"\/>\n      <stop offset=\"1\" stop-color=\"#5F6BF6\"\/>\n    <\/linearGradient>\n  <\/defs>\n<\/svg>","icon_position":"left","icon_vertical_position":"middle","icon_box_align":"left","title":"","info":"<p>Redeem rewards to offset eligible purchases made on your credit card account.<\/p>","icon_container_size":{"unit":"px","size":56,"sizes":[]},"icon_svg_size":{"unit":"px","size":49,"sizes":[]},"icon_margin":{"unit":"px","top":"0","right":"60","bottom":"0","left":"0","isLinked":false},"info_typography_typography":"custom","info_typography_font_weight":"500","_padding":{"unit":"%","top":"0","right":"10","bottom":"0","left":"0","isLinked":false},"_padding_widescreen":{"unit":"%","top":"","right":"","bottom":"","left":"","isLinked":true},"_padding_laptop":{"unit":"%","top":"","right":"","bottom":"","left":"","isLinked":true},"_padding_tablet_extra":{"unit":"%","top":"","right":"","bottom":"","left":"","isLinked":true},"_padding_tablet":{"unit":"%","top":"","right":"","bottom":"","left":"","isLinked":true},"_padding_mobile_extra":{"unit":"%","top":"","right":"","bottom":"","left":"","isLinked":true},"_padding_mobile":{"unit":"%","top":"","right":"","bottom":"","left":"","isLinked":true}},"elements":[],"isInner":false,"widgetType":"etherium_icon_box","elType":"widget"},{"id":"30edd03f","settings":{"icon_type":"svg","svg_icon":"<svg xmlns=\"http:\/\/www.w3.org\/2000\/svg\"  viewBox=\"0 0 57 44\" fill=\"none\">\n  <path d=\"M20.0889 5L18.3572 5C18.3572 7.41177 18.3611 9.82417 18.3611 12.2361H6V13.9599H18.3528V21.007H6L6 22.7184H18.3762V29.7807H6V31.5126H18.3748L18.3685 38H20.0889C20.0889 27.2978 20.0889 14.6825 20.0889 5Z\" fill=\"url(#paint0_linear_1343_1247)\"\/>\n  <path d=\"M37.6197 31.5099V38H35.9564V15.3322C35.9408 14.951 35.9726 14.5693 36.0511 14.1959C36.3653 12.9608 37.3644 12.2746 38.8164 12.2746C42.2106 12.2696 45.6051 12.2691 49 12.2731V13.9146H38.7766C37.9216 13.9146 37.6032 14.2535 37.6005 15.125C37.595 16.9475 37.595 18.7701 37.6005 20.5926C37.6073 20.7346 37.622 20.8762 37.6444 21.0166H49V22.7239H37.6362V29.7971H49V31.5099H37.6197Z\" fill=\"url(#paint1_linear_1343_1247)\"\/>\n  <path fill-rule=\"evenodd\" clip-rule=\"evenodd\" d=\"M0 38.3827V5.35229C0.0321486 5.28817 0.0592217 5.22164 0.0809705 5.15329C0.833035 1.81154 3.08099 0 6.48862 0H49.687C53.2923 0 55.9931 2.61576 55.9931 6.14689C56.0069 16.6282 56.0041 27.1091 55.9849 37.5895C55.9806 38.2622 55.8723 38.9302 55.6638 39.5699C54.817 42.1664 52.5183 43.7323 49.6335 43.7337H6.37883C6.17846 43.7337 5.97672 43.7337 5.77772 43.7199C3.51878 43.5388 1.79782 42.4848 0.725989 40.4811C0.488424 40.039 0.346053 39.5457 0.20368 39.0524C0.138791 38.8276 0.0739019 38.6027 0 38.3827ZM12.184 1.6743H27.1429L28.457 1.66607H28.8488H43.8078H44.0547L45.0352 1.64823H45.5274C45.8547 1.64823 46.1817 1.64548 46.5085 1.64273C47.1613 1.63725 47.8131 1.63177 48.4643 1.64823C48.6669 1.65455 48.871 1.65644 49.0753 1.65832C49.7139 1.66422 50.3552 1.67015 50.9634 1.81154C52.8463 2.24659 54.0773 3.69033 54.2941 5.61167C54.3765 6.34314 54.3079 7.09109 54.3079 7.85963L54.3257 9.56961V16.6264L54.3312 18.3364V25.389L54.3175 27.1086V34.1723V35.8477C54.3175 38.6804 53.8769 41.0822 51.0087 41.9207C50.7475 42.0025 50.4765 42.0487 50.2031 42.058H45.5274L28.8543 42.0635H12.184C10.0806 42.0185 7.95365 42.1307 5.85526 42L5 41.9201C3.25294 41.6519 1.92693 40.0438 1.72371 38.2455C1.66352 37.7198 1.67874 37.1863 1.69428 36.6416C1.70141 36.3914 1.70861 36.1389 1.70861 35.8836L1.68803 34.1723V27.1182L1.67019 25.4041V18.3323L1.67293 16.614V9.56138L1.65646 7.85139C1.65526 7.67787 1.65203 7.50459 1.64882 7.33176C1.62645 6.12946 1.60449 4.94898 2.26443 3.86188C3.0014 2.6583 4.04303 1.83625 5.45247 1.74567C6.60849 1.673 7.7705 1.6896 8.94315 1.70635C9.45358 1.71364 9.96603 1.72097 10.4809 1.72097L12.184 1.6743Z\" fill=\"url(#paint2_linear_1343_1247)\"\/>\n  <defs>\n    <linearGradient id=\"paint0_linear_1343_1247\" x1=\"0.420013\" y1=\"30.1611\" x2=\"56.0074\" y2=\"30.2131\" gradientUnits=\"userSpaceOnUse\">\n      <stop stop-color=\"#6BC5B0\"\/>\n      <stop offset=\"0.510417\" stop-color=\"#B558B0\"\/>\n      <stop offset=\"1\" stop-color=\"#5F6BF6\"\/>\n    <\/linearGradient>\n    <linearGradient id=\"paint1_linear_1343_1247\" x1=\"0.420013\" y1=\"30.1611\" x2=\"56.0074\" y2=\"30.2131\" gradientUnits=\"userSpaceOnUse\">\n      <stop stop-color=\"#6BC5B0\"\/>\n      <stop offset=\"0.510417\" stop-color=\"#B558B0\"\/>\n      <stop offset=\"1\" stop-color=\"#5F6BF6\"\/>\n    <\/linearGradient>\n    <linearGradient id=\"paint2_linear_1343_1247\" x1=\"0.420013\" y1=\"30.1611\" x2=\"56.0074\" y2=\"30.2131\" gradientUnits=\"userSpaceOnUse\">\n      <stop stop-color=\"#6BC5B0\"\/>\n      <stop offset=\"0.510417\" stop-color=\"#B558B0\"\/>\n      <stop offset=\"1\" stop-color=\"#5F6BF6\"\/>\n    <\/linearGradient>\n  <\/defs>\n<\/svg>","icon_position":"left","icon_vertical_position":"middle","icon_box_align":"left","title":"","info":"<p>Redeem your rewards as a credit to a qualifying Wells Fargo credit card, checking account, or mortgage.<\/p>","icon_container_size":{"unit":"px","size":56,"sizes":[]},"icon_svg_size":{"unit":"px","size":56,"sizes":[]},"icon_margin":{"unit":"px","top":"0","right":"60","bottom":"0","left":"0","isLinked":false},"info_typography_typography":"custom","info_typography_font_weight":"500","_margin":{"unit":"px","top":"30","right":"0","bottom":"0","left":"0","isLinked":false},"_padding":{"unit":"%","top":"0","right":"10","bottom":"0","left":"0","isLinked":false},"_padding_widescreen":{"unit":"%","top":"","right":"","bottom":"","left":"","isLinked":true},"_padding_laptop":{"unit":"%","top":"","right":"","bottom":"","left":"","isLinked":true},"_padding_tablet_extra":{"unit":"%","top":"","right":"","bottom":"","left":"","isLinked":true},"_padding_tablet":{"unit":"%","top":"","right":"","bottom":"","left":"","isLinked":true},"_padding_mobile_extra":{"unit":"%","top":"","right":"","bottom":"","left":"","isLinked":true},"_padding_mobile":{"unit":"%","top":"","right":"","bottom":"","left":"","isLinked":true}},"elements":[],"isInner":false,"widgetType":"etherium_icon_box","elType":"widget"},{"id":"47ac3790","settings":{"icon_type":"svg","svg_icon":"<svg xmlns=\"http:\/\/www.w3.org\/2000\/svg\" viewBox=\"0 0 56 57\" fill=\"none\">\n  <path d=\"M53.0373 0C54.1351 0.288151 55.0957 0.797217 55.5719 1.88121C55.8143 2.40784 55.95 2.97725 55.9712 3.5566C56.0055 7.27374 56 10.9923 55.9849 14.7094C55.9767 16.806 54.5495 18.2509 52.4569 18.277C50.6537 18.3058 48.8492 18.277 47.0447 18.277C46.8457 18.277 46.6481 18.277 46.3586 18.277V18.9891C46.3586 29.7596 46.3586 40.5291 46.3586 51.2977C46.3586 53.1857 45.645 54.6923 43.8886 55.5115C43.2105 55.8197 42.4748 55.9806 41.73 55.9835C32.5652 56.0137 23.4 56.0197 14.2343 56.0014C11.4898 56.0014 9.6414 54.1545 9.63591 51.4033C9.62631 46.9027 9.63591 42.4007 9.63591 37.9V18.2893H9.03213C7.31956 18.2893 5.60654 18.2893 3.89306 18.2893C1.77157 18.2893 0.736896 17.5305 0.0658678 15.5052C0.0484416 15.4741 0.0262135 15.4458 0 15.4215V2.95286C0.104396 2.61023 0.226227 2.27316 0.365018 1.94296C0.885099 0.85073 1.81685 0.288151 2.95033 0H53.0373ZM11.2744 7.80065V8.30285C11.2744 22.6646 11.2744 37.0264 11.2744 51.3882C11.2744 53.264 12.39 54.3534 14.2933 54.3534H41.6834C43.6114 54.3534 44.7119 53.2626 44.7119 51.3443C44.7119 37.0182 44.7119 22.6921 44.7119 8.36597C44.7119 8.17524 44.6954 7.98452 44.6872 7.79928C35.7564 7.79928 41.0423 7.80065 36.1793 7.80065C34.7831 7.80065 33.4971 7.80065 32.0804 7.80065C28.8417 7.80065 28.2502 7.80065 17.4111 7.80065C16.4971 7.80065 16.67 7.80065 16.67 7.80065C16.67 7.80065 17.4111 7.80065 15.7699 7.80065H11.2744ZM46.3792 16.6235C46.5603 16.6331 46.703 16.6482 46.8444 16.6482C48.6667 16.6482 50.4904 16.6482 52.3128 16.6482C53.6342 16.6482 54.3423 15.9375 54.3437 14.623C54.3437 10.9785 54.3437 7.3332 54.3437 3.68696C54.3437 2.37244 53.6246 1.6452 52.321 1.6452C36.1011 1.64612 19.8811 1.64657 3.66115 1.64657C2.36026 1.64657 1.64395 2.37244 1.64395 3.68696C1.64395 7.33229 1.64395 10.9776 1.64395 14.623C1.64395 15.9375 2.3534 16.6414 3.67625 16.6469C5.49859 16.6537 7.32094 16.6469 9.14328 16.6469C9.29834 16.6469 9.45478 16.6235 9.6071 16.6112V7.79928C9.46987 7.78967 9.37107 7.77458 9.26678 7.77458C8.50107 7.77458 7.73535 7.78555 6.97101 7.7636C6.75855 7.76914 6.55256 7.6902 6.39822 7.5441C6.24387 7.39799 6.15377 7.19665 6.14766 6.98422C6.13257 6.55611 6.44681 6.20621 6.92435 6.14584C7.12377 6.1289 7.32404 6.12431 7.52403 6.13212H48.7436C49.464 6.13212 49.8661 6.45183 49.8414 6.98422C49.8167 7.51661 49.4448 7.76772 48.7436 7.77046C47.9655 7.77046 47.1861 7.77046 46.3806 7.77046L46.3792 16.6235Z\" fill=\"url(#paint0_linear_1332_670)\"\/>\n  <defs>\n    <linearGradient id=\"paint0_linear_1332_670\" x1=\"0.419975\" y1=\"38.6287\" x2=\"56.0023\" y2=\"38.6693\" gradientUnits=\"userSpaceOnUse\">\n      <stop stop-color=\"#6BC5B0\"\/>\n      <stop offset=\"0.510417\" stop-color=\"#B558B0\"\/>\n      <stop offset=\"1\" stop-color=\"#5F6BF6\"\/>\n    <\/linearGradient>\n  <\/defs>\n<\/svg>","icon_position":"left","icon_vertical_position":"middle","icon_box_align":"left","title":"","info":"<p>Cash redemption available in $20 increments when you use your Wells Fargo ATM or Debit Card.<\/p>","icon_container_size":{"unit":"px","size":56,"sizes":[]},"icon_svg_size":{"unit":"px","size":56,"sizes":[]},"icon_margin":{"unit":"px","top":"0","right":"60","bottom":"0","left":"0","isLinked":false},"info_typography_typography":"custom","info_typography_font_weight":"500","_margin":{"unit":"px","top":"30","right":"0","bottom":"0","left":"0","isLinked":false},"_padding":{"unit":"%","top":"0","right":"10","bottom":"0","left":"0","isLinked":false},"_padding_widescreen":{"unit":"%","top":"","right":"","bottom":"","left":"","isLinked":true},"_padding_laptop":{"unit":"%","top":"","right":"","bottom":"","left":"","isLinked":true},"_padding_tablet_extra":{"unit":"%","top":"","right":"","bottom":"","left":"","isLinked":true},"_padding_tablet":{"unit":"%","top":"","right":"","bottom":"","left":"","isLinked":true},"_padding_mobile_extra":{"unit":"%","top":"","right":"","bottom":"","left":"","isLinked":true},"_padding_mobile":{"unit":"%","top":"","right":"","bottom":"","left":"","isLinked":true}},"elements":[],"isInner":false,"widgetType":"etherium_icon_box","elType":"widget"},{"id":"6525d31d","settings":{"button_text":"Explore more","button_link":{"url":"#","is_external":"true","nofollow":"","custom_attributes":""},"button_align":"left","button_typography_typography":"custom","button_typography_font_weight":"600","button_typography_text_transform":"uppercase","button_radius":{"unit":"px","top":"0","right":"0","bottom":"0","left":"0","isLinked":true},"button_padding":{"unit":"px","top":"22","right":"45","bottom":"22","left":"45","isLinked":false},"_margin":{"unit":"px","top":"60","right":"0","bottom":"0","left":"0","isLinked":false}},"elements":[],"isInner":false,"widgetType":"etherium_button","elType":"widget"}],"isInner":true,"elType":"column"},{"id":"5c30be4a","settings":{"_column_size":50,"_inline_size":null,"_inline_size_mobile_extra":100},"elements":[{"id":"342e913e","settings":{"image":{"url":"https:\/\/demo.artureanec.com\/themes\/etherium-dark\/wp-content\/uploads\/2023\/08\/Layer-2.png","id":7196,"size":"","alt":"","source":"library"},"image_size":"full","align":"right"},"elements":[],"isInner":false,"widgetType":"image","elType":"widget"}],"isInner":true,"elType":"column"}],"isInner":true,"elType":"section"},{"id":"5b3a0828","settings":{"image":{"url":"https:\/\/demo.artureanec.com\/themes\/etherium-dark\/wp-content\/uploads\/2023\/08\/Group-18321-3.png","id":7191,"size":"","alt":"","source":"library"},"image_size":"full","align":"right","_position":"absolute","_offset_y":{"unit":"%","size":-85,"sizes":[]},"_offset_y_widescreen":{"unit":"%","size":"","sizes":[]},"_offset_y_laptop":{"unit":"%","size":"","sizes":[]},"_offset_y_tablet_extra":{"unit":"%","size":"","sizes":[]},"_offset_y_tablet":{"unit":"%","size":"","sizes":[]},"_offset_y_mobile_extra":{"unit":"%","size":"","sizes":[]},"_offset_y_mobile":{"unit":"%","size":"","sizes":[]},"_z_index":-1,"hide_tablet":"hidden-tablet","hide_mobile_extra":"hidden-mobile_extra","hide_mobile":"hidden-mobile"},"elements":[],"isInner":false,"widgetType":"image","elType":"widget"}],"isInner":false,"elType":"column"}],"isInner":false,"elType":"section"},{"id":"314c28bf","settings":{"layout":"full_width","gap":"no","stretch_section":"section-stretched"},"elements":[{"id":"6927a2f7","settings":{"_column_size":100,"_inline_size":null},"elements":[{"id":"20f6ac9e","settings":{"structure":"20","reverse_order_mobile_extra":"reverse-mobile_extra","reverse_order_mobile":"reverse-mobile"},"elements":[{"id":"61c53eb","settings":{"_column_size":50,"_inline_size":null,"_inline_size_mobile_extra":100},"elements":[{"id":"613ea20b","settings":{"image":{"url":"https:\/\/demo.artureanec.com\/themes\/etherium-dark\/wp-content\/uploads\/2023\/08\/Group-18322-1.png","id":7276,"size":"","alt":"","source":"library"},"image_size":"full","align":"right","_margin":{"unit":"px","top":"-40","right":"60","bottom":"0","left":"-168","isLinked":false},"_margin_tablet_extra":{"unit":"px","top":"-40","right":"0","bottom":"0","left":"0","isLinked":false}},"elements":[],"isInner":false,"widgetType":"image","elType":"widget"}],"isInner":true,"elType":"column"},{"id":"37c752a2","settings":{"_column_size":50,"_inline_size":null,"_inline_size_mobile_extra":100},"elements":[{"id":"630ce91","settings":{"heading":"<p>Secure &amp; insured<\/p>","subtitle":"This is subheading element","title_typography_typography":"custom","title_typography_font_family":"Orbitron","title_typography_font_size":{"unit":"px","size":50,"sizes":[]},"title_typography_line_height":{"unit":"em","size":1.1499999999999999,"sizes":[]},"title_typography_line_height_widescreen":{"unit":"em","size":"","sizes":[]},"title_typography_line_height_laptop":{"unit":"em","size":"","sizes":[]},"title_typography_line_height_tablet_extra":{"unit":"em","size":"","sizes":[]},"title_typography_line_height_mobile_extra":{"unit":"em","size":"","sizes":[]},"title_typography_letter_spacing":{"unit":"em","size":0.029999999999999999,"sizes":[]},"title_typography_letter_spacing_widescreen":{"unit":"em","size":"","sizes":[]},"title_typography_letter_spacing_laptop":{"unit":"em","size":"","sizes":[]},"title_typography_letter_spacing_tablet_extra":{"unit":"em","size":"","sizes":[]},"title_typography_letter_spacing_tablet":{"unit":"em","size":"","sizes":[]},"title_typography_letter_spacing_mobile_extra":{"unit":"em","size":"","sizes":[]},"title_typography_letter_spacing_mobile":{"unit":"em","size":"","sizes":[]},"title_typography_font_size_tablet":{"unit":"px","size":35,"sizes":[]}},"elements":[],"isInner":false,"widgetType":"etherium_heading","elType":"widget"},{"id":"604dddb7","settings":{"tabs":[{"tab_title":"Reedfish bonefish trahira bristlenose catfish longnose. ","tab_content":"<p>Pink salmon cherry salmon combtail gourami frigate mackerel snake mackerel upside-down catfish finback cat shark. Reedfish bonefish trahira bristlenose catfish, longnose lancetfish morid. Wahoo mora deep sea smelt cat shark.<\/p>","_id":"cf49946"},{"tab_title":"Wahoo mora deep sea smelt cat shark atlantic finback.","tab_content":"<p>Pink salmon cherry salmon combtail gourami frigate mackerel snake mackerel upside-down catfish finback cat shark. Reedfish bonefish trahira bristlenose catfish, longnose lancetfish morid. Wahoo mora deep sea smelt cat shark.<\/p>","_id":"b32a2dd"},{"tab_title":"Pink salmon cherry salmon combtail gourami frigate.","tab_content":"<p>Pink salmon cherry salmon combtail gourami frigate mackerel snake mackerel upside-down catfish finback cat shark. Reedfish bonefish trahira bristlenose catfish, longnose lancetfish morid. Wahoo mora deep sea smelt cat shark.<\/p>","_id":"27ee42a"},{"tab_title":"Reedfish bonefish trahira bristlenose lancetfish morid.","tab_content":"<p>Pink salmon cherry salmon combtail gourami frigate mackerel snake mackerel upside-down catfish finback cat shark. Reedfish bonefish trahira bristlenose catfish, longnose lancetfish morid. Wahoo mora deep sea smelt cat shark.<\/p>","_id":"4c7eb67"}],"icon_align":"right","item_border_color":"#3E3E58","title_bg_color":"#02010100","active_title_bg_color":"#02010100","icon_color":"#CC74C7","space_between":{"unit":"px","size":10,"sizes":[]},"item_border_radius":{"unit":"px","top":"5","right":"5","bottom":"5","left":"5","isLinked":true},"title_padding":{"unit":"px","top":"20","right":"30","bottom":"18","left":"30","isLinked":false},"content_padding":{"unit":"px","top":"0","right":"32","bottom":"32","left":"30","isLinked":false},"_margin":{"unit":"px","top":"44","right":"0","bottom":"0","left":"0","isLinked":false}},"elements":[],"isInner":false,"widgetType":"accordion","elType":"widget"}],"isInner":true,"elType":"column"}],"isInner":true,"elType":"section"},{"id":"33683dd3","settings":{"image":{"url":"https:\/\/demo.artureanec.com\/themes\/etherium-dark\/wp-content\/uploads\/2023\/08\/Group-4.png","id":6955,"size":"","alt":"","source":"library"},"image_size":"full","align":"right","opacity":{"unit":"px","size":0.29999999999999999,"sizes":[]},"_position":"absolute","_offset_orientation_h":"end","_offset_x":{"unit":"%","size":2,"sizes":[]},"_offset_x_widescreen":{"unit":"%","size":"","sizes":[]},"_offset_x_laptop":{"unit":"%","size":"","sizes":[]},"_offset_x_tablet_extra":{"unit":"%","size":"","sizes":[]},"_offset_x_tablet":{"unit":"%","size":"","sizes":[]},"_offset_x_mobile_extra":{"unit":"%","size":"","sizes":[]},"_offset_x_mobile":{"unit":"%","size":"","sizes":[]},"_offset_x_end":{"unit":"%","size":-10,"sizes":[]},"_offset_x_end_widescreen":{"unit":"%","size":"","sizes":[]},"_offset_x_end_laptop":{"unit":"%","size":"","sizes":[]},"_offset_x_end_tablet_extra":{"unit":"%","size":"","sizes":[]},"_offset_x_end_tablet":{"unit":"%","size":"","sizes":[]},"_offset_x_end_mobile_extra":{"unit":"%","size":"","sizes":[]},"_offset_x_end_mobile":{"unit":"%","size":"","sizes":[]},"_offset_y":{"unit":"%","size":-30,"sizes":[]},"_offset_y_widescreen":{"unit":"%","size":"","sizes":[]},"_offset_y_laptop":{"unit":"%","size":"","sizes":[]},"_offset_y_tablet_extra":{"unit":"%","size":"","sizes":[]},"_offset_y_tablet":{"unit":"%","size":"","sizes":[]},"_offset_y_mobile_extra":{"unit":"%","size":"","sizes":[]},"_offset_y_mobile":{"unit":"%","size":"","sizes":[]},"_z_index":-1},"elements":[],"isInner":false,"widgetType":"image","elType":"widget"},{"id":"2f5eb2c1","settings":{"image":{"url":"https:\/\/demo.artureanec.com\/themes\/etherium-dark\/wp-content\/uploads\/2023\/10\/Group-18321-2-compressed.png","id":9169,"size":"","alt":"","source":"library"},"image_size":"full","align":"left","_position":"absolute","_offset_x":{"unit":"%","size":"","sizes":[]},"_offset_x_widescreen":{"unit":"%","size":"","sizes":[]},"_offset_x_laptop":{"unit":"%","size":"","sizes":[]},"_offset_x_tablet_extra":{"unit":"%","size":"","sizes":[]},"_offset_x_tablet":{"unit":"%","size":"","sizes":[]},"_offset_x_mobile_extra":{"unit":"%","size":"","sizes":[]},"_offset_x_mobile":{"unit":"%","size":"","sizes":[]},"_offset_y":{"unit":"%","size":-110,"sizes":[]},"_offset_y_widescreen":{"unit":"%","size":"","sizes":[]},"_offset_y_laptop":{"unit":"%","size":"","sizes":[]},"_offset_y_tablet_extra":{"unit":"%","size":"","sizes":[]},"_offset_y_tablet":{"unit":"%","size":"","sizes":[]},"_offset_y_mobile_extra":{"unit":"%","size":"","sizes":[]},"_offset_y_mobile":{"unit":"%","size":"","sizes":[]},"_z_index":-1,"hide_tablet":"hidden-tablet","hide_mobile_extra":"hidden-mobile_extra","hide_mobile":"hidden-mobile"},"elements":[],"isInner":false,"widgetType":"image","elType":"widget"}],"isInner":false,"elType":"column"}],"isInner":false,"elType":"section"},{"id":"6baef4fb","settings":{"layout":"full_width","gap":"no","stretch_section":"section-stretched","padding":{"unit":"px","top":"0","right":"50","bottom":"0","left":"50","isLinked":false},"padding_tablet":{"unit":"px","top":"0","right":"0","bottom":"0","left":"0","isLinked":true}},"elements":[{"id":"1bdeb370","settings":{"_column_size":100,"_inline_size":null},"elements":[{"id":"1714c36a","settings":{"height_inner":"min-height","custom_height_inner":{"unit":"px","size":688,"sizes":[]},"content_position":"middle","structure":"20","background_background":"classic","background_image":{"url":"https:\/\/demo.artureanec.com\/themes\/etherium-dark\/wp-content\/uploads\/2023\/08\/Group-441.jpg","id":7315,"size":"","alt":"","source":"library"},"background_repeat":"no-repeat","background_size":"cover","border_radius":{"unit":"px","top":"5","right":"5","bottom":"5","left":"5","isLinked":true},"custom_height_inner_tablet":{"unit":"px","size":600,"sizes":[]},"background_position":"center center"},"elements":[{"id":"53de6ab6","settings":{"_column_size":50,"_inline_size":null,"_inline_size_tablet_extra":70},"elements":[{"id":"9ab4d5d","settings":{"heading":"<p>Make crypto work harder<br \/>on you<\/p>","subtitle":"This is subheading element","title_typography_typography":"custom","title_typography_font_family":"Orbitron","title_typography_font_size":{"unit":"px","size":70,"sizes":[]},"title_typography_line_height":{"unit":"em","size":1.1499999999999999,"sizes":[]},"title_typography_line_height_widescreen":{"unit":"em","size":"","sizes":[]},"title_typography_line_height_laptop":{"unit":"em","size":"","sizes":[]},"title_typography_line_height_tablet_extra":{"unit":"em","size":"","sizes":[]},"title_typography_line_height_mobile_extra":{"unit":"em","size":"","sizes":[]},"title_typography_letter_spacing":{"unit":"em","size":0.029999999999999999,"sizes":[]},"title_typography_letter_spacing_widescreen":{"unit":"em","size":"","sizes":[]},"title_typography_letter_spacing_laptop":{"unit":"em","size":"","sizes":[]},"title_typography_letter_spacing_tablet_extra":{"unit":"em","size":"","sizes":[]},"title_typography_letter_spacing_tablet":{"unit":"em","size":"","sizes":[]},"title_typography_letter_spacing_mobile_extra":{"unit":"em","size":"","sizes":[]},"title_typography_letter_spacing_mobile":{"unit":"em","size":"","sizes":[]},"title_typography_font_size_tablet":{"unit":"px","size":35,"sizes":[]}},"elements":[],"isInner":false,"widgetType":"etherium_heading","elType":"widget"},{"id":"1d2de18d","settings":{"button_text":"Get the Card","button_link":{"url":"#","is_external":"true","nofollow":"","custom_attributes":""},"button_align":"left","button_typography_typography":"custom","button_typography_font_weight":"600","button_typography_text_transform":"uppercase","button_radius":{"unit":"px","top":"0","right":"0","bottom":"0","left":"0","isLinked":true},"button_padding":{"unit":"px","top":"22","right":"50","bottom":"22","left":"50","isLinked":false},"_margin":{"unit":"px","top":"60","right":"0","bottom":"20","left":"0","isLinked":false}},"elements":[],"isInner":false,"widgetType":"etherium_button","elType":"widget"}],"isInner":true,"elType":"column"},{"id":"21267371","settings":{"_column_size":50,"_inline_size":null,"_inline_size_tablet_extra":30,"hide_mobile":"hidden-mobile"},"elements":[],"isInner":true,"elType":"column"}],"isInner":true,"elType":"section"}],"isInner":false,"elType":"column"}],"isInner":false,"elType":"section"},{"id":"77120ee1","settings":{"layout":"full_width","gap":"no","stretch_section":"section-stretched"},"elements":[{"id":"30261ae9","settings":{"_column_size":100,"_inline_size":null},"elements":[{"id":"368316e9","settings":[],"elements":[{"id":"21439a2e","settings":{"_column_size":100,"_inline_size":null},"elements":[{"id":"1f2fcca9","settings":{"heading":"<p>Our Blog<\/p>","subtitle":"This is subheading element","title_align":"center","title_typography_typography":"custom","title_typography_line_height":{"unit":"em","size":1.1499999999999999,"sizes":[]},"title_typography_line_height_widescreen":{"unit":"em","size":"","sizes":[]},"title_typography_line_height_laptop":{"unit":"em","size":"","sizes":[]},"title_typography_line_height_tablet_extra":{"unit":"em","size":"","sizes":[]},"title_typography_line_height_mobile_extra":{"unit":"em","size":"","sizes":[]},"heading_underline_image":{"url":"https:\/\/demo.artureanec.com\/themes\/etherium-dark\/wp-content\/uploads\/2023\/04\/Group-18311.png","id":3214,"size":"","alt":"","source":"library"},"_background_image":{"url":"","id":"","size":"","alt":"","source":"library"},"heading_underline_image_background":"classic","heading_underline_image_image":{"url":"https:\/\/demo.artureanec.com\/themes\/etherium-dark\/wp-content\/uploads\/2023\/03\/brush-6.png","id":1736,"size":"","alt":"","source":"library"},"add_underline_bg_image":"show","heading_underline_image_bg_width":{"unit":"px","size":215,"sizes":[]},"underline_image_height":{"unit":"px","size":32,"sizes":[]},"title_typography_font_size_tablet":{"unit":"px","size":35,"sizes":[]},"title_typography_font_size_mobile_extra":{"unit":"px","size":28,"sizes":[]},"heading_underline_image_size":"initial","_padding":{"unit":"%","top":"","right":"","bottom":"","left":"","isLinked":true},"_padding_widescreen":{"unit":"%","top":"","right":"","bottom":"","left":"","isLinked":true},"_padding_laptop":{"unit":"%","top":"","right":"","bottom":"","left":"","isLinked":true},"_padding_tablet_extra":{"unit":"%","top":"","right":"","bottom":"","left":"","isLinked":true},"_padding_tablet":{"unit":"%","top":"","right":"","bottom":"","left":"","isLinked":true},"_padding_mobile_extra":{"unit":"%","top":"","right":"","bottom":"","left":"","isLinked":true},"_padding_mobile":{"unit":"%","top":"","right":"","bottom":"","left":"","isLinked":true},"heading_underline_image_position":"initial","heading_underline_image_xpos":{"unit":"%","size":0,"sizes":[]},"heading_underline_image_xpos_widescreen":{"unit":"%","size":"","sizes":[]},"heading_underline_image_xpos_laptop":{"unit":"%","size":"","sizes":[]},"heading_underline_image_xpos_tablet_extra":{"unit":"%","size":"","sizes":[]},"heading_underline_image_xpos_tablet":{"unit":"%","size":0,"sizes":[]},"heading_underline_image_xpos_mobile_extra":{"unit":"%","size":"","sizes":[]},"heading_underline_image_xpos_mobile":{"unit":"%","size":0,"sizes":[]},"heading_underline_image_ypos":{"unit":"%","size":24,"sizes":[]},"heading_underline_image_ypos_widescreen":{"unit":"%","size":"","sizes":[]},"heading_underline_image_ypos_laptop":{"unit":"%","size":"","sizes":[]},"heading_underline_image_ypos_tablet_extra":{"unit":"%","size":"","sizes":[]},"heading_underline_image_ypos_tablet":{"unit":"%","size":0,"sizes":[]},"heading_underline_image_ypos_mobile_extra":{"unit":"%","size":"","sizes":[]},"heading_underline_image_ypos_mobile":{"unit":"%","size":0,"sizes":[]},"title_typography_font_family":"Orbitron","title_typography_font_size":{"unit":"px","size":50,"sizes":[]},"title_typography_letter_spacing":{"unit":"em","size":0.029999999999999999,"sizes":[]},"title_typography_letter_spacing_widescreen":{"unit":"em","size":"","sizes":[]},"title_typography_letter_spacing_laptop":{"unit":"em","size":"","sizes":[]},"title_typography_letter_spacing_tablet_extra":{"unit":"em","size":"","sizes":[]},"title_typography_letter_spacing_tablet":{"unit":"em","size":"","sizes":[]},"title_typography_letter_spacing_mobile_extra":{"unit":"em","size":"","sizes":[]},"title_typography_letter_spacing_mobile":{"unit":"em","size":"","sizes":[]}},"elements":[],"isInner":false,"widgetType":"etherium_heading","elType":"widget"}],"isInner":true,"elType":"column"}],"isInner":true,"elType":"section"},{"id":"2072140e","settings":{"margin":{"unit":"px","top":"60","right":0,"bottom":"0","left":0,"isLinked":false},"margin_tablet":{"unit":"px","top":"30","right":0,"bottom":"0","left":0,"isLinked":false}},"elements":[{"id":"270e58f","settings":{"_column_size":100,"_inline_size":null},"elements":[{"id":"62f125f1","settings":{"listing_type":"grid","category":[],"show_excerpt":"","show_read_more":"","read_more_text":"Read More","pagination":"","title_typography_typography":"custom","title_typography_font_family":"Plus Jakarta Sans","title_typography_font_weight":"500","title_typography_line_height":{"unit":"em","size":1.3332999999999999,"sizes":[]},"title_typography_line_height_widescreen":{"unit":"em","size":"","sizes":[]},"title_typography_line_height_laptop":{"unit":"em","size":"","sizes":[]},"title_typography_line_height_tablet_extra":{"unit":"em","size":"","sizes":[]},"title_typography_line_height_mobile_extra":{"unit":"em","size":"","sizes":[]},"title_typography_letter_spacing":{"unit":"px","size":0,"sizes":[]},"cat_color_normal":"#696F77","cat_bg_normal_background":"gradient","cat_bg_normal_color":"#FFE4DF","cat_bg_normal_color_stop":{"unit":"%","size":15,"sizes":[]},"cat_bg_normal_color_b":"#CEECFA","cat_bg_normal_color_b_stop":{"unit":"%","size":85,"sizes":[]},"cat_bg_normal_gradient_angle":{"unit":"deg","size":135,"sizes":[]}},"elements":[],"isInner":false,"widgetType":"etherium_blog_listing","elType":"widget"},{"id":"48e57b7b","settings":{"button_text":"More posts","button_link":{"url":"https:\/\/demo.artureanec.com\/themes\/etherium-dark\/blog-grid\/","is_external":"true","nofollow":"","custom_attributes":""},"button_typography_typography":"custom","button_typography_font_weight":"600","button_typography_text_transform":"uppercase","button_radius":{"unit":"px","top":"0","right":"0","bottom":"0","left":"0","isLinked":true},"button_padding":{"unit":"px","top":"22","right":"54","bottom":"22","left":"54","isLinked":false},"_margin":{"unit":"px","top":"50","right":"0","bottom":"0","left":"0","isLinked":false}},"elements":[],"isInner":false,"widgetType":"etherium_button","elType":"widget"}],"isInner":true,"elType":"column"}],"isInner":true,"elType":"section"}],"isInner":false,"elType":"column"}],"isInner":false,"elType":"section"},{"id":"26c63a7f","settings":{"structure":"20","padding":{"unit":"px","top":"0","right":"0","bottom":"60","left":"0","isLinked":false}},"elements":[{"id":"55a8e880","settings":{"_column_size":50,"_inline_size":80},"elements":[{"id":"6e6fe3a3","settings":{"heading":"<p>A new place to collect NFT assets<\/p>","subtitle":"This is subheading element","title_typography_typography":"custom","title_typography_font_family":"Orbitron","title_typography_font_size":{"unit":"px","size":70,"sizes":[]},"title_typography_font_size_tablet":{"unit":"px","size":50,"sizes":[]},"title_typography_font_size_mobile_extra":{"unit":"px","size":35,"sizes":[]},"title_typography_line_height":{"unit":"em","size":1.1499999999999999,"sizes":[]},"title_typography_line_height_widescreen":{"unit":"em","size":"","sizes":[]},"title_typography_line_height_laptop":{"unit":"em","size":"","sizes":[]},"title_typography_line_height_tablet_extra":{"unit":"em","size":"","sizes":[]},"title_typography_line_height_mobile_extra":{"unit":"em","size":"","sizes":[]},"title_typography_letter_spacing":{"unit":"em","size":0.029999999999999999,"sizes":[]},"title_typography_letter_spacing_widescreen":{"unit":"em","size":"","sizes":[]},"title_typography_letter_spacing_laptop":{"unit":"em","size":"","sizes":[]},"title_typography_letter_spacing_tablet_extra":{"unit":"em","size":"","sizes":[]},"title_typography_letter_spacing_tablet":{"unit":"em","size":"","sizes":[]},"title_typography_letter_spacing_mobile_extra":{"unit":"em","size":"","sizes":[]},"title_typography_letter_spacing_mobile":{"unit":"em","size":"","sizes":[]}},"elements":[],"isInner":false,"widgetType":"etherium_heading","elType":"widget"}],"isInner":false,"elType":"column"},{"id":"1cf3f2e8","settings":{"_column_size":50,"_inline_size":20},"elements":[],"isInner":false,"elType":"column"}],"isInner":false,"elType":"section"}],"settings":{"template":"default","background_background":"classic","background_image":{"url":"https:\/\/demo.artureanec.com\/themes\/etherium-dark\/wp-content\/uploads\/2023\/08\/Group-18321.png","id":6507,"size":"","alt":"","source":"library"},"background_position":"top center","background_repeat":"no-repeat","background_size":"initial"},"metadata":{"theme_color_mode":"default","top_bar_status":"default","top_bar_customize":"default","top_bar_socials_status":"default","top_bar_additional_text_status":"default","top_bar_contacts_email_status":"default","top_bar_contacts_phone_status":"default","top_bar_contacts_address_status":"default","header_status":"default","header_style":"default","header_position":"default","header_customize":"default","sticky_header_status":"default","header_logo_status":"default","header_logo_customize":"default","header_logo_retina":"1","header_logo_mobile_retina":"1","header_callback_status":"default","header_button_status":"default","header_menu_status":"default","header_menu_select":"default","side_panel_status":"default","header_search_status":"default","header_login_status":"default","header_minicart_status":"default","header_wishlist_status":"default","page_title_status":"off","page_title_overlay_status":"default","page_title_customize":"default","page_title_height":"500","page_title_background_position":"default","page_title_background_repeat":"default","page_title_background_size":"default","hide_page_title_background_mobile":"0","hide_page_title_background_tablet":"0","page_title_breadcrumbs_status":"default","page_title_additional_customize":"default","content_top_margin":"on","content_bottom_margin":"on","page_customize":"on","page_background_image_top_status":"default","page_background_image_bottom_status":"on","sidebar_position":"none","page_sidebar_select":"default","footer_status":"default","footer_style":"default","footer_customize":"default","footer_background_position":"default","footer_background_repeat":"default","footer_background_size":"default","footer_pre_footer_status":"off","footer_pre_footer_title":"A new place  to collect <br>NFT assets","footer_pre_footer_button_status":"default","footer_pre_footer_button_link":"#","footer_sidebar_status":"default","footer_sidebar_select":"default","footer_copyright_status":"default","footer_menu_status":"default","footer_menu_select":"default","footer_additional_menu_status":"default","footer_additional_menu_select":"default","page_background_blend_mode":"color-dodge","page_background_image_top_repeat":"default","page_background_image_top_size":"default","page_background_image_bottom_repeat":"default","page_background_image_bottom_size":"default","page_background_image_top_blend_mode":"color-dodge","page_background_image_bottom_blend_mode":"default","page_background_image_top":"6503","page_background_image_bottom":"6553"}}