{"content":[{"id":"6a6ea3cc","settings":{"layout":"full_width","gap":"no","stretch_section":"section-stretched","background_image":{"url":"https:\/\/demo.artureanec.com\/themes\/etherium-dark\/wp-content\/uploads\/2023\/04\/home-1-slider-bg.png","id":2904,"size":"","alt":"","source":"library"}},"elements":[{"id":"424f63af","settings":{"_column_size":100,"_inline_size":null},"elements":[{"id":"4f089b49","settings":{"youtube_url":"https:\/\/www.youtube.com\/watch?v=XHOmBV4js_E","vimeo_url":"https:\/\/vimeo.com\/235215203","dailymotion_url":"https:\/\/www.dailymotion.com\/video\/x6tqhqb","content_items":[{"_id":"9096972","button_text":"Discover","video_button_text":"Button","slide_youtube_url":"https:\/\/www.youtube.com\/watch?v=XHOmBV4js_E","slide_vimeo_url":"https:\/\/vimeo.com\/235215203","slide_dailymotion_url":"https:\/\/www.dailymotion.com\/video\/x6tqhqb","add_video_button":"","content_text_align":"","background_background":"classic","background_image":{"url":"","id":"","size":"","alt":"","source":"library"},"background_position":"center center","background_repeat":"no-repeat","background_size":"cover","heading":"<p>Collect &amp; sell super rare NFT\u2019s<\/p>","show_title_separately":"yes","content_max_width":{"unit":"px","size":33,"sizes":[]},"content_position":"start","add_subtitle":"","subtitle":"gggg","heading_typography_typography":"custom","heading_typography_font_family":"Michroma","additional_image":{"url":"https:\/\/demo.artureanec.com\/themes\/etherium-dark\/wp-content\/uploads\/2023\/04\/heading_img-1.png","id":2941,"size":"","alt":"","source":"library"},"additional_image_align":"center","image_margin":{"unit":"%","top":"5","right":"0","bottom":"0","left":"10","isLinked":false},"text":"<p>Temperate ocean-bass sea chub unicorn fish treefish eulachon tidewater goby. Flier, bighead carp Devario shortnose sucker platy: smalleye squaretail zebra turkeyfish yellowfin grouper?<\/p>","button_typography_typography":"custom","button_typography_font_size":{"unit":"px","size":16,"sizes":[]},"button_typography_font_weight":"500","button_padding":{"unit":"px","top":"55","right":"36","bottom":"55","left":"36","isLinked":false},"remove_box_shadow":"","button_box_shadow_box_shadow":{"horizontal":0,"vertical":0,"blur":10,"spread":0,"color":"rgba(0, 0, 0, 0)"},"image_max_width":{"unit":"px","size":100,"sizes":[]},"image_behind_text":"yes","title_0":"Awesome sales","show_counter_1":"yes","title_1":"Collectors","show_counter_2":"","title_2":"Cool Number","ending_number_1":2,"suffix_1":"k","number_title_shadow_text_shadow":{"horizontal":0,"vertical":0,"blur":26,"color":"#AA9090"},"counter_align":"","ending_number_0":15,"suffix_0":"k","counters_display":"flex","typography_number_typography":"custom","typography_number_font_family":"Michroma","space_between_title_number":{"unit":"px","size":60,"sizes":[]},"content_width":"fullwidth","title_margin":{"unit":"%","top":"0","right":"42","bottom":"0","left":"0","isLinked":false},"counters_margin":{"unit":"px","top":"0","right":"0","bottom":"0","left":"48","isLinked":false},"duration":2200,"product_wrapper_margin":{"unit":"%","top":"","right":"","bottom":"","left":"","isLinked":true},"typography_title_typography":"custom","button_box_shadow_box_shadow_type":"yes","button_box_shadow_hover_box_shadow_type":"yes","button_box_shadow_hover_box_shadow":{"horizontal":0,"vertical":6,"blur":30,"spread":0,"color":"#FF2763"},"content_max_width_tablet":{"unit":"px","size":100,"sizes":[]},"space_before_buttons_counters_tablet_extra":{"unit":"px","size":10,"sizes":[]},"space_before_buttons_counters_tablet":{"unit":"px","size":20,"sizes":[]},"title_margin_mobile_extra":{"unit":"px","top":"0","right":"0","bottom":"0","left":"0","isLinked":true},"counters_wrap":"nowrap","counters_wrap_tablet_extra":"wrap","counters_wrap_mobile":"wrap","counter_wrap":"nowrap","counter_wrap_tablet_extra":"nowrap","counters_margin_laptop":{"unit":"px","top":"0","right":"0","bottom":"0","left":"0","isLinked":true},"counters_margin_tablet":{"unit":"px","top":"0","right":"0","bottom":"0","left":"30","isLinked":false},"counters_margin_mobile":{"unit":"px","top":"15","right":"0","bottom":"0","left":"0","isLinked":false},"space_between_title_number_laptop":{"unit":"px","size":20,"sizes":[]},"image_max_width_tablet":{"unit":"px","size":58,"sizes":[]},"content_max_width_tablet_extra":{"unit":"px","size":52,"sizes":[]},"title_margin_mobile":{"unit":"%","top":"15","right":"0","bottom":"0","left":"0","isLinked":false},"heading_typography_font_size_tablet_extra":{"unit":"px","size":45,"sizes":[]},"title_margin_tablet_extra":{"unit":"px","top":"0","right":"0","bottom":"0","left":"0","isLinked":true},"image_width_tablet_extra":{"unit":"px","size":50,"sizes":[]},"image_width_tablet":{"unit":"px","size":100,"sizes":[]},"image_margin_tablet_extra":{"unit":"%","top":"","right":"","bottom":"","left":"","isLinked":true},"button_link":{"url":"https:\/\/demo.artureanec.com\/themes\/etherium-dark\/create-nft\/","is_external":"true","nofollow":"","custom_attributes":""}},{"button_text":"Discover","video_button_text":"Button","slide_youtube_url":"https:\/\/www.youtube.com\/watch?v=XHOmBV4js_E","slide_vimeo_url":"https:\/\/vimeo.com\/235215203","slide_dailymotion_url":"https:\/\/www.dailymotion.com\/video\/x6tqhqb","add_video_button":"","content_text_align":"","background_background":"classic","background_image":{"url":"","id":"","size":"","alt":"","source":"library"},"background_position":"center center","background_repeat":"no-repeat","background_size":"cover","heading":"Better place your BET <br>on NFT","content_max_width":{"unit":"px","size":50,"sizes":[]},"content_position":"end","add_subtitle":"","subtitle":"gggg","heading_typography_typography":"custom","heading_typography_font_family":"Michroma","additional_image":{"url":"https:\/\/demo.artureanec.com\/themes\/etherium-dark\/wp-content\/uploads\/2023\/04\/Group-18311.png","id":3214,"size":"","alt":"","source":"library"},"additional_image_align":"center","image_margin":{"unit":"%","top":"0","right":"0","bottom":"0","left":"-3","isLinked":false},"text":"<p>Pink salmon cherry salmon combtail gourami frigate mackerel snake mackerel upside-down catfish finback cat shark.<\/p>","button_typography_typography":"custom","button_typography_font_size":{"unit":"px","size":16,"sizes":[]},"button_typography_font_weight":"500","button_padding":{"unit":"px","top":"55","right":"36","bottom":"55","left":"36","isLinked":false},"remove_box_shadow":"","button_box_shadow_box_shadow":{"horizontal":0,"vertical":0,"blur":10,"spread":0,"color":"rgba(0, 0, 0, 0)"},"image_max_width":{"unit":"px","size":62,"sizes":[]},"image_behind_text":"yes","title_0":"Awesome sales","show_counter_1":"","title_1":"Collectors","show_counter_2":"","title_2":"Cool Number","ending_number_1":2,"suffix_1":"k","typography_number_font_size":{"unit":"px","size":53,"sizes":[]},"typography_title_font_size":{"unit":"px","size":50,"sizes":[]},"number_title_shadow_text_shadow":{"horizontal":0,"vertical":0,"blur":26,"color":"#AA9090"},"counter_align":"","ending_number_0":15,"suffix_0":"k","counters_display":"flex","typography_number_typography":"custom","typography_number_font_family":"Michroma","space_between_title_number":{"unit":"px","size":60,"sizes":[]},"title_margin":{"unit":"%","top":"","right":"","bottom":"","left":"","isLinked":true},"counters_margin":{"unit":"px","top":"0","right":"0","bottom":"0","left":"48","isLinked":false},"buttons_position":"text","_id":"4835d94","show_counter_0":"","space_before_text":{"unit":"px","size":-11,"sizes":[]},"text_padding":{"unit":"px","top":"15","right":"36","bottom":"0","left":"0","isLinked":false},"button_margin":{"unit":"px","top":"0","right":"50","bottom":"0","left":"20","isLinked":false},"button_box_shadow_box_shadow_type":"yes","button_box_shadow_hover_box_shadow_type":"yes","button_box_shadow_hover_box_shadow":{"horizontal":0,"vertical":6,"blur":30,"spread":0,"color":"#FF2763"},"content_max_width_tablet_extra":{"unit":"px","size":60,"sizes":[]},"content_max_width_mobile_extra":{"unit":"px","size":100,"sizes":[]},"text_padding_tablet_extra":{"unit":"px","top":"20","right":"20","bottom":"0","left":"0","isLinked":false},"text_padding_mobile":{"unit":"px","top":"30","right":"0","bottom":"0","left":"0","isLinked":false},"button_wrap_mobile":"wrap","button_margin_tablet_extra":{"unit":"px","top":"0","right":"0","bottom":"0","left":"0","isLinked":true},"button_margin_mobile":{"unit":"px","top":"20","right":"0","bottom":"0","left":"0","isLinked":false},"button_link":{"url":"https:\/\/demo.artureanec.com\/themes\/etherium-dark\/create-nft\/","is_external":"true","nofollow":"","custom_attributes":""}}],"add_video":"","image_overlay":{"url":"","id":"","size":"","alt":"","source":"library"},"image_overlay_size":"medium","dots_position":"left","autoplay":"no","counters_count":3,"title":"Cool Number","show_counter_0":"","title_0":"Cool Number","show_counter_1":"","title_1":"Cool Number","show_counter_2":"","title_2":"Cool Number","add_socials":"","nav":"","dots_v_align":"","slider_height_tablet":{"unit":"px","size":750,"sizes":[]},"slider_height_mobile_extra":{"unit":"px","size":600,"sizes":[]},"slider_height_mobile":{"unit":"px","size":800,"sizes":[]}},"elements":[],"isInner":false,"widgetType":"etherium_content_slider","elType":"widget"}],"isInner":false,"elType":"column"}],"isInner":false,"elType":"section"},{"id":"63731bc6","settings":{"margin":{"unit":"px","top":"67","right":0,"bottom":"0","left":0,"isLinked":false},"margin_mobile_extra":{"unit":"px","top":"","right":0,"bottom":"","left":0,"isLinked":true}},"elements":[{"id":"13734c04","settings":{"_column_size":100,"_inline_size":null},"elements":[{"id":"5991b655","settings":{"subtitle":"This is subheading element","carousel_items":[{"_id":"a78ae04","image":{"url":"https:\/\/demo.artureanec.com\/themes\/etherium-dark\/wp-content\/uploads\/2023\/04\/partners-white-1.png","id":3297,"size":"","alt":"","source":"library"}},{"image":{"url":"https:\/\/demo.artureanec.com\/themes\/etherium-dark\/wp-content\/uploads\/2023\/04\/partners-white-2.png","id":3298,"size":"","alt":"","source":"library"},"_id":"5c901ea"},{"image":{"url":"https:\/\/demo.artureanec.com\/themes\/etherium-dark\/wp-content\/uploads\/2023\/04\/partners-white-3.png","id":3299,"size":"","alt":"","source":"library"},"_id":"bbcc215"},{"image":{"url":"https:\/\/demo.artureanec.com\/themes\/etherium-dark\/wp-content\/uploads\/2023\/04\/partners-white-4.png","id":3300,"size":"","alt":"","source":"library"},"_id":"d896c7d"},{"image":{"url":"https:\/\/demo.artureanec.com\/themes\/etherium-dark\/wp-content\/uploads\/2023\/04\/partners-white-5.png","id":3301,"size":"","alt":"","source":"library"},"_id":"e7e9e4f"},{"image":{"url":"https:\/\/demo.artureanec.com\/themes\/etherium-dark\/wp-content\/uploads\/2023\/04\/partners-white-6.png","id":3302,"size":"","alt":"","source":"library"},"_id":"0080fb5"}],"items":6,"autoplay":"","item_spacing":{"unit":"px","size":40,"sizes":[]},"item_align":"center","opacity":{"unit":"px","size":0.29999999999999999,"sizes":[]},"opacity_hover":{"unit":"px","size":1,"sizes":[]},"background_hover_transition":{"unit":"px","size":0.29999999999999999,"sizes":[]}},"elements":[],"isInner":false,"widgetType":"etherium_image_carousel","elType":"widget"}],"isInner":false,"elType":"column"}],"isInner":false,"elType":"section"},{"id":"520c6caf","settings":{"margin":{"unit":"px","top":"120","right":0,"bottom":"0","left":0,"isLinked":false},"z_index":2},"elements":[{"id":"7b04ad7f","settings":{"_column_size":100,"_inline_size":null},"elements":[{"id":"687ef3af","settings":{"structure":"30"},"elements":[{"id":"477cc4a","settings":{"_column_size":33,"_inline_size":26,"_inline_size_tablet_extra":10,"hide_tablet":"hidden-tablet","hide_mobile_extra":"hidden-mobile_extra","hide_mobile":"hidden-mobile"},"elements":[],"isInner":true,"elType":"column"},{"id":"20f4041c","settings":{"_column_size":33,"_inline_size":48,"_inline_size_tablet_extra":80,"_inline_size_tablet":100},"elements":[{"id":"35a57de4","settings":{"heading":"<p>Explore Top <span style=\"text-decoration: underline;\">NFT\u2019s<\/span> in our marketplace<\/p>","subtitle":"This is subheading element","title_align":"center","title_typography_typography":"custom","title_typography_font_family":"Michroma","title_typography_font_size":{"unit":"px","size":50,"sizes":[]},"title_typography_line_height":{"unit":"em","size":1.3999999999999999,"sizes":[]},"title_typography_line_height_widescreen":{"unit":"em","size":"","sizes":[]},"title_typography_line_height_laptop":{"unit":"em","size":"","sizes":[]},"title_typography_line_height_tablet_extra":{"unit":"em","size":"","sizes":[]},"title_typography_line_height_mobile_extra":{"unit":"em","size":"","sizes":[]},"title_typography_letter_spacing":{"unit":"px","size":0,"sizes":[]},"heading_underline_image":{"url":"https:\/\/demo.artureanec.com\/themes\/etherium-dark\/wp-content\/uploads\/2023\/04\/Group-18311.png","id":3214,"size":"","alt":"","source":"library"},"_background_image":{"url":"","id":"","size":"","alt":"","source":"library"},"heading_underline_image_background":"classic","heading_underline_image_image":{"url":"https:\/\/demo.artureanec.com\/themes\/etherium-dark\/wp-content\/uploads\/2023\/03\/brush-6.png","id":1736,"size":"","alt":"","source":"library"},"add_underline_bg_image":"show","heading_underline_image_bg_width":{"unit":"%","size":54,"sizes":[]},"underline_image_height":{"unit":"px","size":32,"sizes":[]},"title_typography_font_size_tablet":{"unit":"px","size":35,"sizes":[]},"title_typography_font_size_mobile_extra":{"unit":"px","size":28,"sizes":[]}},"elements":[],"isInner":false,"widgetType":"etherium_heading","elType":"widget"}],"isInner":true,"elType":"column"},{"id":"7794c06d","settings":{"_column_size":33,"_inline_size":25.666,"_inline_size_tablet_extra":10,"hide_tablet":"hidden-tablet","hide_mobile_extra":"hidden-mobile_extra","hide_mobile":"hidden-mobile"},"elements":[],"isInner":true,"elType":"column"}],"isInner":true,"elType":"section"},{"id":"772abce2","settings":{"_margin":{"unit":"px","top":"50","right":"0","bottom":"0","left":"0","isLinked":false},"product_shadow_box_shadow":{"horizontal":0,"vertical":0,"blur":10,"spread":0,"color":""},"button_bg_background":"classic","button_bg_hover_color":"#242848","paginate":"","border_color":"#332B48","border_color_hover":"#332B48","bid_label_color":"#425368","skus":"1,2,3,104"},"elements":[],"isInner":false,"widgetType":"etherium_products","elType":"widget"},{"id":"248fc0b4","settings":{"button_text":"More projects","button_link":{"url":"https:\/\/demo.artureanec.com\/themes\/etherium-dark\/shop\/","is_external":"true","nofollow":"","custom_attributes":""},"button_padding":{"unit":"px","top":"16","right":"47","bottom":"17","left":"47","isLinked":false},"_margin":{"unit":"px","top":"50","right":"0","bottom":"0","left":"0","isLinked":false}},"elements":[],"isInner":false,"widgetType":"etherium_button","elType":"widget"}],"isInner":false,"elType":"column"}],"isInner":false,"elType":"section"},{"id":"782e631a","settings":{"layout":"full_width","height":"min-height","custom_height":{"unit":"px","size":965,"sizes":[]},"stretch_section":"section-stretched","background_background":"classic","background_image":{"url":"https:\/\/demo.artureanec.com\/themes\/etherium-dark\/wp-content\/uploads\/2023\/04\/nft_slogan-1.png","id":3535,"size":"","alt":"","source":"library"},"background_position":"center center","background_repeat":"no-repeat","background_size":"contain","margin":{"unit":"px","top":"0","right":0,"bottom":"0","left":0,"isLinked":false},"padding":{"unit":"px","top":"0","right":"10","bottom":"0","left":"10","isLinked":false},"z_index":1,"custom_height_tablet_extra":{"unit":"px","size":750,"sizes":[]},"custom_height_tablet":{"unit":"px","size":600,"sizes":[]},"custom_height_mobile":{"unit":"px","size":450,"sizes":[]}},"elements":[{"id":"1c6940c4","settings":{"_column_size":100,"_inline_size":null},"elements":[{"id":"361eb867","settings":{"image":{"url":"https:\/\/demo.artureanec.com\/themes\/etherium-dark\/wp-content\/uploads\/2023\/04\/Ellipse-13.png","id":3750,"size":"","alt":"","source":"library"},"image_size":"full","align":"left","_position":"absolute","_offset_x":{"unit":"px","size":-40,"sizes":[]},"_offset_x_widescreen":{"unit":"%","size":"","sizes":[]},"_offset_x_laptop":{"unit":"%","size":"","sizes":[]},"_offset_x_tablet_extra":{"unit":"%","size":"","sizes":[]},"_offset_x_tablet":{"unit":"%","size":"","sizes":[]},"_offset_x_mobile_extra":{"unit":"%","size":"","sizes":[]},"_offset_x_mobile":{"unit":"%","size":"","sizes":[]},"_offset_y":{"unit":"vw","size":-65,"sizes":[]},"_offset_y_widescreen":{"unit":"%","size":"","sizes":[]},"_offset_y_laptop":{"unit":"%","size":"","sizes":[]},"_offset_y_tablet_extra":{"unit":"%","size":"","sizes":[]},"_offset_y_tablet":{"unit":"%","size":"","sizes":[]},"_offset_y_mobile_extra":{"unit":"%","size":"","sizes":[]},"_offset_y_mobile":{"unit":"%","size":"","sizes":[]},"_z_index":0},"elements":[],"isInner":false,"widgetType":"image","elType":"widget"},{"id":"152ac00e","settings":{"text":"<p>The best projects &amp; d creators in our marketplace<\/p>","text_align":"","text_background_background":"classic","text_background_color":"#F82A2A","text_typography_typography":"custom","text_typography_font_family":"Michroma","animate":"yes","animation_duration1":{"unit":"px","size":15,"sizes":[]},"text_animation_duration":{"unit":"px","size":18,"sizes":[]},"text_tag":"span"},"elements":[],"isInner":false,"widgetType":"etherium_special_text","elType":"widget"}],"isInner":false,"elType":"column"}],"isInner":false,"elType":"section"},{"id":"2f1bc2f8","settings":{"structure":"30","margin":{"unit":"px","top":"-80","right":0,"bottom":"0","left":0,"isLinked":false}},"elements":[{"id":"295920e5","settings":{"_column_size":33,"_inline_size":20,"_inline_size_tablet_extra":5,"hide_tablet":"hidden-tablet","hide_mobile_extra":"hidden-mobile_extra","hide_mobile":"hidden-mobile"},"elements":[],"isInner":false,"elType":"column"},{"id":"2f9ee33f","settings":{"_column_size":33,"_inline_size":60,"_inline_size_tablet_extra":90,"_inline_size_tablet":100},"elements":[{"id":"4f30d4a6","settings":{"heading":"<p>Choose awesome category in marketplace<\/p>","subtitle":"This is subheading element","title_align":"center","title_typography_typography":"custom","title_typography_font_family":"Michroma","title_typography_font_size":{"unit":"px","size":50,"sizes":[]},"title_typography_font_size_tablet":{"unit":"px","size":35,"sizes":[]},"title_typography_font_size_mobile_extra":{"unit":"px","size":28,"sizes":[]},"title_typography_font_size_mobile":{"unit":"px","size":28,"sizes":[]},"title_typography_line_height":{"unit":"em","size":1.3999999999999999,"sizes":[]},"title_typography_line_height_widescreen":{"unit":"em","size":"","sizes":[]},"title_typography_line_height_laptop":{"unit":"em","size":"","sizes":[]},"title_typography_line_height_tablet_extra":{"unit":"em","size":"","sizes":[]},"title_typography_line_height_mobile_extra":{"unit":"em","size":"","sizes":[]},"title_typography_letter_spacing":{"unit":"px","size":0,"sizes":[]}},"elements":[],"isInner":false,"widgetType":"etherium_heading","elType":"widget"}],"isInner":false,"elType":"column"},{"id":"513b6193","settings":{"_column_size":33,"_inline_size":19.332999999999998,"_inline_size_tablet_extra":5,"hide_tablet":"hidden-tablet","hide_mobile_extra":"hidden-mobile_extra","hide_mobile":"hidden-mobile"},"elements":[],"isInner":false,"elType":"column"}],"isInner":false,"elType":"section"},{"id":"4ba724d6","settings":{"layout":"full_width","stretch_section":"section-stretched","margin":{"unit":"px","top":"50","right":0,"bottom":"0","left":0,"isLinked":false},"background_background":"classic","background_image":{"url":"https:\/\/demo.artureanec.com\/themes\/etherium-dark\/wp-content\/uploads\/2023\/04\/vawe_back_2-1.png","id":3830,"size":"","alt":"","source":"library"},"background_position":"bottom center","background_repeat":"no-repeat","padding":{"unit":"px","top":"0","right":"0","bottom":"120","left":"0","isLinked":false},"padding_mobile_extra":{"unit":"px","top":"0","right":"0","bottom":"80","left":"0","isLinked":false},"background_size":"cover"},"elements":[{"id":"7b8c08bb","settings":{"_column_size":100,"_inline_size":null},"elements":[{"id":"20864f26","settings":{"subtitle":"Category","cursor_title":"Drag","post_order_by":"term_id","categories":["3d-images","abstract","cartoons","fluorescent","nft-collections","nft-items"],"columns_number":5,"cursor_status":"yes","autoplay":"no","item_spacing":{"unit":"px","size":14,"sizes":[]},"slider_width":{"unit":"vw","size":97,"sizes":[]},"slider_width_widescreen":{"unit":"vw","size":"","sizes":[]},"slider_width_laptop":{"unit":"vw","size":"","sizes":[]},"slider_width_tablet_extra":{"unit":"vw","size":"","sizes":[]},"slider_width_tablet":{"unit":"vw","size":"","sizes":[]},"slider_width_mobile_extra":{"unit":"vw","size":"","sizes":[]},"slider_width_mobile":{"unit":"vw","size":"","sizes":[]},"categories_items":[],"title_typography_typography":"custom","title_typography_font_family":"Plus Jakarta Sans","dot_color":"#9C2525","dot_border":"#403C61","dot_border_active":"#FFFFFF"},"elements":[],"isInner":false,"widgetType":"etherium_product_categories","elType":"widget"},{"id":"48d8c513","settings":{"structure":"20","margin":{"unit":"px","top":"145","right":0,"bottom":"0","left":0,"isLinked":false},"margin_tablet_extra":{"unit":"px","top":"120","right":0,"bottom":"0","left":0,"isLinked":false},"margin_mobile_extra":{"unit":"px","top":"80","right":0,"bottom":"0","left":0,"isLinked":false}},"elements":[{"id":"48a3cfaa","settings":{"_column_size":50,"_inline_size":40},"elements":[{"id":"2cbdca43","settings":{"heading":"<p>Create &amp; sell your <span style=\"text-decoration: underline;\">NFTs<\/span><\/p>","subtitle":"This is subheading element","title_align":"","title_typography_typography":"custom","title_typography_font_family":"Michroma","title_typography_font_size":{"unit":"px","size":50,"sizes":[]},"title_typography_line_height":{"unit":"em","size":1.3999999999999999,"sizes":[]},"title_typography_line_height_widescreen":{"unit":"em","size":"","sizes":[]},"title_typography_line_height_laptop":{"unit":"em","size":"","sizes":[]},"title_typography_line_height_tablet_extra":{"unit":"em","size":"","sizes":[]},"title_typography_line_height_mobile_extra":{"unit":"em","size":"","sizes":[]},"title_typography_letter_spacing":{"unit":"px","size":0,"sizes":[]},"heading_underline_image":{"url":"https:\/\/demo.artureanec.com\/themes\/etherium-dark\/wp-content\/uploads\/2023\/04\/Group-18311.png","id":3214,"size":"","alt":"","source":"library"},"_background_image":{"url":"","id":"","size":"","alt":"","source":"library"},"heading_underline_image_background":"classic","heading_underline_image_image":{"url":"https:\/\/demo.artureanec.com\/themes\/etherium-dark\/wp-content\/uploads\/2023\/03\/brush-6.png","id":1736,"size":"","alt":"","source":"library"},"add_underline_bg_image":"show","heading_underline_image_bg_width":{"unit":"%","size":54,"sizes":[]},"underline_image_height":{"unit":"px","size":32,"sizes":[]},"title_typography_font_size_tablet":{"unit":"px","size":35,"sizes":[]},"title_typography_font_size_mobile_extra":{"unit":"px","size":28,"sizes":[]}},"elements":[],"isInner":false,"widgetType":"etherium_heading","elType":"widget"}],"isInner":true,"elType":"column"},{"id":"67d6a614","settings":{"_column_size":50,"_inline_size":60},"elements":[],"isInner":true,"elType":"column"}],"isInner":true,"elType":"section"},{"id":"2c8468a","settings":{"structure":"30","margin":{"unit":"px","top":"50","right":0,"bottom":"0","left":0,"isLinked":false},"gap":"wide"},"elements":[{"id":"1afc0be","settings":{"_column_size":33,"_inline_size":null},"elements":[{"id":"3df8bee4","settings":{"icon_position":"left","title":"Set up your wallet","info":"<p>Aallan wrasse climbing gourami amur pike Arctic char,steelhead .<\/p>","icon_type":"svg","svg_icon":"<svg viewBox=\"0 0 94 83\" xmlns=\"http:\/\/www.w3.org\/2000\/svg\">\n<path d=\"M70.2447 83H23.7547C23.609 83 23.3175 82.8533 23.3175 82.7066L0.145435 42.3667C-0.000301294 42.0733 -0.000301294 41.9267 0.145435 41.78L23.3175 1.29338C23.3175 1.14669 23.609 1 23.7547 1H70.2447C70.3904 1 70.6819 1.14669 70.6819 1.29338L93.854 41.78C93.9997 41.9267 93.9997 42.22 93.854 42.3667L70.6819 82.8533C70.5361 83 70.3904 83 70.2447 83ZM24.0462 81.9732H69.9532L92.8338 42.0733L69.9532 2.17352H24.0462L1.16559 42.0733L24.0462 81.9732Z\"\/>\n<path d=\"M6.84934 53.6619C6.70361 53.6619 6.70361 53.6619 6.55787 53.5152C6.2664 53.3686 6.2664 53.0752 6.41213 52.7818L35.9966 1.29342C36.1424 1.00004 36.4338 0.853353 36.7253 1.14673C37.0168 1.29342 37.0168 1.58681 36.871 1.88019L7.43229 53.3686C7.28655 53.5152 7.14082 53.6619 6.84934 53.6619Z\"\/>\n<path d=\"M56.2541 82.9999C56.1084 82.9999 56.1084 82.9999 55.9627 82.9999C55.6712 82.8532 55.6712 82.5599 55.8169 82.2665L85.9844 29.4579C86.1301 29.1645 86.4216 29.1645 86.713 29.3112C87.0045 29.4579 87.0045 29.7513 86.8588 30.0447L56.6913 82.8532C56.5456 82.9999 56.3999 82.9999 56.2541 82.9999Z\"\/>\n<path d=\"M23.7546 83.0002C23.6089 83.0002 23.6089 83.0002 23.4631 82.8535C23.1717 82.7068 23.1717 82.4134 23.3174 82.1201L49.6957 36.9394C49.8414 36.7927 49.9872 36.646 50.1329 36.646C50.2786 36.646 50.5701 36.7927 50.5701 36.9394L75.1996 74.3455C75.3453 74.6388 75.3453 74.9322 75.0538 75.0789C74.7624 75.2256 74.4709 75.2256 74.3252 74.9322L50.2786 38.2596L24.1918 82.8535C24.1918 83.0002 23.9004 83.0002 23.7546 83.0002Z\"\/>\n<path d=\"M49.9874 26.0843C46.6355 26.0843 44.0122 23.4439 44.0122 20.07C44.0122 16.6961 46.6355 14.0557 49.9874 14.0557C53.3393 14.0557 55.9626 16.6961 55.9626 20.07C55.9626 23.2972 53.3393 26.0843 49.9874 26.0843ZM49.9874 15.0825C47.2184 15.0825 45.0324 17.2829 45.0324 20.07C45.0324 22.8571 47.2184 25.0575 49.9874 25.0575C52.7564 25.0575 54.9424 22.8571 54.9424 20.07C54.9424 17.2829 52.7564 15.0825 49.9874 15.0825Z\"\/>\n<\/svg>\n","icon_box_align":"","icon_container_size":{"unit":"px","size":94,"sizes":[]},"icon_svg_size":{"unit":"px","size":94,"sizes":[]},"icon_svg_color":"#FFFFFF","icon_margin":{"unit":"px","top":"0","right":"20","bottom":"0","left":"0","isLinked":false},"title_typography_typography":"custom","title_typography_font_family":"Plus Jakarta Sans","title_typography_letter_spacing":{"unit":"px","size":0,"sizes":[]},"info_margin":{"unit":"px","size":10,"sizes":[]},"icon_position_tablet":"top","icon_margin_tablet":{"unit":"px","top":"0","right":"0","bottom":"20","left":"0","isLinked":false}},"elements":[],"isInner":false,"widgetType":"etherium_icon_box","elType":"widget"}],"isInner":true,"elType":"column"},{"id":"4ddee94f","settings":{"_column_size":33,"_inline_size":null},"elements":[{"id":"274d92eb","settings":{"icon_position":"left","title":"Create your collection","info":"<p>Flier bighead carp devario shortnose sucker platy smalleye squaretail zebra.<\/p>","icon_type":"svg","svg_icon":"<svg viewBox=\"0 0 79 79\" xmlns=\"http:\/\/www.w3.org\/2000\/svg\">\n<path d=\"M39.0718 78.1366C17.5249 78.1366 0 60.5811 0 39.1403C0 17.6995 17.5249 0 39.0718 0C60.6188 0 78.1436 17.5556 78.1436 39.1403C78.1436 60.725 60.4751 78.1366 39.0718 78.1366ZM39.0718 1.15118C18.0994 1.15118 1.14917 18.1311 1.14917 39.1403C1.14917 60.1494 18.0994 77.1293 39.0718 77.1293C60.0442 77.1293 76.9945 60.1494 76.9945 39.1403C76.9945 18.1311 59.9006 1.15118 39.0718 1.15118Z\"\/>\n<path d=\"M70.3865 79.0002C70.2429 79.0002 70.0992 79.0002 69.9556 78.8563L31.4583 40.2916C31.3147 40.1477 31.3147 39.716 31.4583 39.5721L70.8174 0.144056C70.9611 0.000158317 71.392 0.000158317 71.5357 0.144056C71.6793 0.287954 71.6793 0.719648 71.5357 0.863546L32.6075 39.8599L70.6738 77.9929C70.8174 78.1368 70.8174 78.5685 70.6738 78.7124C70.5301 79.0002 70.3865 79.0002 70.3865 79.0002Z\"\/>\n<path d=\"M28.8731 76.8415C28.7295 76.8415 28.5859 76.8415 28.4422 76.6976C28.2986 76.5537 28.2986 76.122 28.4422 75.9781L75.2709 29.0674C75.4146 28.9235 75.8455 28.9235 75.9892 29.0674C76.1328 29.2113 76.1328 29.643 75.9892 29.7869L29.3041 76.6976C29.1604 76.6976 29.0168 76.8415 28.8731 76.8415Z\"\/>\n<path d=\"M0.574807 39.5721C0.43116 39.5721 0.287514 39.5721 0.143868 39.4282C0.000221211 39.2843 0.000221211 38.8526 0.143868 38.7087L38.6411 0.144056C38.7848 0.000158317 39.2157 0.000158317 39.3593 0.144056C39.503 0.287954 39.503 0.719648 39.3593 0.863546L0.8621 39.4282C0.8621 39.5721 0.718453 39.5721 0.574807 39.5721Z\"\/>\n<path d=\"M46.8285 44.7523C43.9556 44.7523 41.6572 42.4499 41.6572 39.5719C41.6572 36.694 43.9556 34.3916 46.8285 34.3916C49.7014 34.3916 51.9998 36.694 51.9998 39.5719C51.9998 42.306 49.7014 44.7523 46.8285 44.7523ZM46.8285 35.3989C44.5302 35.3989 42.6628 37.2696 42.6628 39.5719C42.6628 41.8743 44.5302 43.745 46.8285 43.745C49.1268 43.745 50.9942 41.8743 50.9942 39.5719C50.9942 37.2696 49.1268 35.3989 46.8285 35.3989Z\"\/>\n<\/svg>\n","icon_box_align":"","icon_container_size":{"unit":"px","size":79,"sizes":[]},"icon_svg_size":{"unit":"px","size":79,"sizes":[]},"icon_svg_color":"#FFFFFF","icon_margin":{"unit":"px","top":"5","right":"35","bottom":"0","left":"0","isLinked":false},"title_typography_typography":"custom","title_typography_font_family":"Plus Jakarta Sans","title_typography_letter_spacing":{"unit":"px","size":0,"sizes":[]},"info_margin":{"unit":"px","size":10,"sizes":[]},"icon_position_tablet":"top","icon_margin_tablet":{"unit":"px","top":"5","right":"0","bottom":"30","left":"0","isLinked":false}},"elements":[],"isInner":false,"widgetType":"etherium_icon_box","elType":"widget"}],"isInner":true,"elType":"column"},{"id":"6a6adadb","settings":{"_column_size":33,"_inline_size":null},"elements":[{"id":"28a97f77","settings":{"icon_position":"left","title":"Add your NFTs","info":"<p>Devario shortnose sucker platy smalleye squaretail zebra turkeyfish.<\/p>","icon_type":"svg","svg_icon":"<svg viewBox=\"0 0 73 83\" xmlns=\"http:\/\/www.w3.org\/2000\/svg\">\n<path d=\"M26.0392 83C11.7402 83 0 71.3141 0 57.0812V25.9188C0 11.6859 11.7402 0 26.0392 0C40.3381 0 52.0784 11.6859 52.0784 25.9188V57.0812C52.0784 71.3141 40.3381 83 26.0392 83ZM26.0392 1.19856C12.3423 1.19856 1.20412 12.2852 1.20412 25.9188V57.0812C1.20412 70.7148 12.3423 81.8014 26.0392 81.8014C39.7361 81.8014 50.8742 70.7148 50.8742 57.0812V25.9188C50.8742 12.2852 39.7361 1.19856 26.0392 1.19856Z\"\/>\n<path d=\"M46.9611 83C32.6621 83 20.9219 71.3141 20.9219 57.0812V25.9188C20.9219 11.6859 32.6621 0 46.9611 0C61.26 0 73.0002 11.6859 73.0002 25.9188V57.0812C73.0002 71.3141 61.4105 83 46.9611 83ZM46.9611 1.19856C33.2641 1.19856 22.126 12.2852 22.126 25.9188V57.0812C22.126 70.7148 33.2641 81.8014 46.9611 81.8014C60.658 81.8014 71.7961 70.7148 71.7961 57.0812V25.9188C71.9466 12.2852 60.658 1.19856 46.9611 1.19856Z\"\/>\n<path d=\"M36.5752 80.7529C36.2742 80.7529 35.9731 80.4532 35.9731 80.1536V41.5002C35.9731 41.2005 36.2742 40.9009 36.5752 40.9009C36.8762 40.9009 37.1773 41.2005 37.1773 41.5002V80.1536C37.0268 80.4532 36.8762 80.7529 36.5752 80.7529Z\"\/>\n<path d=\"M36.5752 42.0995C33.4144 42.0995 30.7051 39.5526 30.7051 36.2565C30.7051 32.9605 33.2638 30.4136 36.5752 30.4136C39.8865 30.4136 42.4453 32.9605 42.4453 36.2565C42.4453 39.5526 39.736 42.0995 36.5752 42.0995ZM36.5752 31.4623C34.0164 31.4623 31.9092 33.5598 31.9092 36.1067C31.9092 38.6536 34.0164 40.7511 36.5752 40.7511C39.1339 40.7511 41.2412 38.6536 41.2412 36.1067C41.2412 33.5598 39.1339 31.4623 36.5752 31.4623Z\"\/>\n<\/svg>\n","icon_box_align":"","icon_container_size":{"unit":"px","size":83,"sizes":[]},"icon_svg_size":{"unit":"px","size":83,"sizes":[]},"icon_svg_color":"#FFFFFF","icon_margin":{"unit":"px","top":"5","right":"40","bottom":"0","left":"0","isLinked":false},"title_typography_typography":"custom","title_typography_font_family":"Plus Jakarta Sans","title_typography_letter_spacing":{"unit":"px","size":0,"sizes":[]},"info_margin":{"unit":"px","size":10,"sizes":[]},"icon_position_tablet":"top","icon_margin_tablet":{"unit":"px","top":"5","right":"0","bottom":"26","left":"0","isLinked":false}},"elements":[],"isInner":false,"widgetType":"etherium_icon_box","elType":"widget"}],"isInner":true,"elType":"column"}],"isInner":true,"elType":"section"}],"isInner":false,"elType":"column"}],"isInner":false,"elType":"section"},{"id":"40e004b0","settings":{"structure":"20","margin":{"unit":"px","top":"0","right":0,"bottom":"0","left":0,"isLinked":true},"gap":"wide"},"elements":[{"id":"145f302f","settings":{"_column_size":50,"_inline_size":null},"elements":[{"id":"78e57315","settings":{"image":{"url":"https:\/\/demo.artureanec.com\/themes\/etherium-dark\/wp-content\/uploads\/2023\/04\/descomposition-person-wearing-vr-glasses-1.jpg","id":3722,"size":"","alt":"","source":"library"},"image_size":"full","align":"left","space":{"unit":"%","size":100,"sizes":[]},"space_tablet":{"unit":"px","size":"","sizes":[]},"space_mobile":{"unit":"px","size":"","sizes":[]},"width":{"unit":"px","size":540,"sizes":[]},"width_tablet":{"unit":"px","size":"","sizes":[]},"width_mobile":{"unit":"px","size":"","sizes":[]},"space_widescreen":{"unit":"%","size":"","sizes":[]},"space_laptop":{"unit":"%","size":"","sizes":[]},"space_tablet_extra":{"unit":"%","size":"","sizes":[]},"image_style":"clip"},"elements":[],"isInner":false,"widgetType":"image","elType":"widget"}],"isInner":false,"elType":"column"},{"id":"60843837","settings":{"_column_size":50,"_inline_size":null},"elements":[{"id":"22d1193","settings":{"heading":"<p>List your <span style=\"text-decoration: underline;\">NFTs<\/span> on Etherium<\/p>","subtitle":"This is subheading element","title_align":"","title_typography_typography":"custom","title_typography_font_family":"Michroma","title_typography_font_size":{"unit":"px","size":50,"sizes":[]},"title_typography_line_height":{"unit":"em","size":1.3999999999999999,"sizes":[]},"title_typography_line_height_widescreen":{"unit":"em","size":"","sizes":[]},"title_typography_line_height_laptop":{"unit":"em","size":"","sizes":[]},"title_typography_line_height_tablet_extra":{"unit":"em","size":"","sizes":[]},"title_typography_line_height_mobile_extra":{"unit":"em","size":"","sizes":[]},"title_typography_letter_spacing":{"unit":"px","size":0,"sizes":[]},"heading_underline_image":{"url":"https:\/\/demo.artureanec.com\/themes\/etherium-dark\/wp-content\/uploads\/2023\/04\/Group-18311.png","id":3214,"size":"","alt":"","source":"library"},"_background_image":{"url":"","id":"","size":"","alt":"","source":"library"},"heading_underline_image_background":"classic","heading_underline_image_image":{"url":"https:\/\/demo.artureanec.com\/themes\/etherium-dark\/wp-content\/uploads\/2023\/03\/brush-6.png","id":1736,"size":"","alt":"","source":"library"},"add_underline_bg_image":"show","heading_underline_image_bg_width":{"unit":"%","size":54,"sizes":[]},"underline_image_height":{"unit":"px","size":32,"sizes":[]},"title_typography_font_size_tablet":{"unit":"px","size":35,"sizes":[]},"title_typography_font_size_mobile_extra":{"unit":"px","size":28,"sizes":[]},"_margin":{"unit":"px","top":"-15","right":"0","bottom":"0","left":"0","isLinked":false},"_padding":{"unit":"%","top":"0","right":"15","bottom":"0","left":"0","isLinked":false},"_padding_widescreen":{"unit":"%","top":"","right":"","bottom":"","left":"","isLinked":true},"_padding_laptop":{"unit":"%","top":"","right":"","bottom":"","left":"","isLinked":true},"_padding_tablet_extra":{"unit":"%","top":"","right":"","bottom":"","left":"","isLinked":true},"_padding_tablet":{"unit":"%","top":"","right":"","bottom":"","left":"","isLinked":true},"_padding_mobile_extra":{"unit":"%","top":"","right":"","bottom":"","left":"","isLinked":true},"_padding_mobile":{"unit":"%","top":"","right":"","bottom":"","left":"","isLinked":true},"_margin_mobile":{"unit":"px","top":"0","right":"0","bottom":"0","left":"0","isLinked":true}},"elements":[],"isInner":false,"widgetType":"etherium_heading","elType":"widget"},{"id":"1cfbc599","settings":{"editor":"<p><strong>Flier bighead carp devario shortnose sucker platy smalleye squaretail zebra. Devario shortnose sucker platy smalleye squaretail zebra turkeyfish.<\/strong><\/p><p>Temperate ocean-bass sea chub unicorn fish treefish eulachon tidewater goby. Flier, bighead carp Devario shortnose sucker platy: smalleye squaretail zebra turkeyfish yellowfin grouper?<\/p>","_margin":{"unit":"px","top":"20","right":"0","bottom":"25","left":"0","isLinked":false}},"elements":[],"isInner":false,"widgetType":"text-editor","elType":"widget"},{"id":"3d583b8","settings":{"ending_number":15,"suffix":"k","title":"Awesome sales","info_align":"","_element_width":"auto","typography_number_typography":"custom","typography_number_font_family":"Michroma"},"elements":[],"isInner":false,"widgetType":"counter","elType":"widget"},{"id":"62d5f6c4","settings":{"ending_number":2,"suffix":"k","title":"Collectors","info_align":"","_margin":{"unit":"px","top":"0","right":"0","bottom":"0","left":"60","isLinked":false},"_element_width":"auto","_margin_tablet_extra":{"unit":"px","top":"0","right":"0","bottom":"0","left":"20","isLinked":false},"typography_number_typography":"custom","typography_number_font_family":"Michroma"},"elements":[],"isInner":false,"widgetType":"counter","elType":"widget"},{"id":"78e3328a","settings":{"button_text":"Explore more","button_link":{"url":"https:\/\/demo.artureanec.com\/themes\/etherium-dark\/shop\/","is_external":"true","nofollow":"","custom_attributes":""},"button_padding":{"unit":"px","top":"16","right":"49","bottom":"17","left":"49","isLinked":false},"_margin":{"unit":"px","top":"50","right":"0","bottom":"0","left":"0","isLinked":false},"button_align":""},"elements":[],"isInner":false,"widgetType":"etherium_button","elType":"widget"}],"isInner":false,"elType":"column"}],"isInner":false,"elType":"section"},{"id":"3b2d4828","settings":{"margin":{"unit":"px","top":"0","right":0,"bottom":"0","left":0,"isLinked":true},"margin_mobile_extra":{"unit":"px","top":"","right":0,"bottom":"","left":0,"isLinked":true},"stretch_section":"section-stretched","background_background":"classic","background_image":{"url":"https:\/\/demo.artureanec.com\/themes\/etherium-dark\/wp-content\/uploads\/2023\/06\/vawe_back_2-2.png","id":4499,"size":"","alt":"","source":"library"},"background_position":"bottom center","background_repeat":"no-repeat","background_overlay_background":"classic","background_overlay_image":{"url":"https:\/\/demo.artureanec.com\/themes\/etherium-dark\/wp-content\/uploads\/2023\/06\/Ellipse-19.png","id":4459,"size":"","alt":"","source":"library"},"background_overlay_position":"initial","background_overlay_xpos_widescreen":{"unit":"%","size":"","sizes":[]},"background_overlay_xpos_laptop":{"unit":"%","size":"","sizes":[]},"background_overlay_xpos_tablet_extra":{"unit":"%","size":"","sizes":[]},"background_overlay_xpos_tablet":{"unit":"%","size":0,"sizes":[]},"background_overlay_xpos_mobile_extra":{"unit":"%","size":"","sizes":[]},"background_overlay_xpos_mobile":{"unit":"%","size":0,"sizes":[]},"background_overlay_ypos":{"unit":"%","size":30,"sizes":[]},"background_overlay_ypos_widescreen":{"unit":"%","size":"","sizes":[]},"background_overlay_ypos_laptop":{"unit":"%","size":"","sizes":[]},"background_overlay_ypos_tablet_extra":{"unit":"%","size":"","sizes":[]},"background_overlay_ypos_tablet":{"unit":"%","size":0,"sizes":[]},"background_overlay_ypos_mobile_extra":{"unit":"%","size":"","sizes":[]},"background_overlay_ypos_mobile":{"unit":"%","size":0,"sizes":[]},"background_overlay_repeat":"no-repeat","background_overlay_opacity":{"unit":"px","size":1,"sizes":[]},"css_filters_brightness":{"unit":"px","size":162,"sizes":[]},"css_filters_contrast":{"unit":"px","size":30,"sizes":[]},"padding":{"unit":"px","top":"125","right":"0","bottom":"150","left":"0","isLinked":false},"padding_tablet_extra":{"unit":"px","top":"120","right":"0","bottom":"120","left":"0","isLinked":false},"padding_mobile_extra":{"unit":"px","top":"80","right":"0","bottom":"80","left":"0","isLinked":false},"background_size":"cover"},"elements":[{"id":"39256fc1","settings":{"_column_size":100,"_inline_size":null},"elements":[{"id":"60d78c44","settings":{"structure":"30"},"elements":[{"id":"7531cf40","settings":{"_column_size":33,"_inline_size":24,"_inline_size_tablet_extra":10},"elements":[],"isInner":true,"elType":"column"},{"id":"79c4fbed","settings":{"_column_size":33,"_inline_size":54,"_inline_size_tablet_extra":80},"elements":[{"id":"3a5765a6","settings":{"heading":"<p>Meet our <span style=\"text-decoration: underline;\">creative<\/span> creators<\/p>","subtitle":"This is subheading element","title_align":"center","title_typography_typography":"custom","title_typography_font_family":"Michroma","title_typography_font_size":{"unit":"px","size":50,"sizes":[]},"title_typography_line_height":{"unit":"em","size":1.3999999999999999,"sizes":[]},"title_typography_line_height_widescreen":{"unit":"em","size":"","sizes":[]},"title_typography_line_height_laptop":{"unit":"em","size":"","sizes":[]},"title_typography_line_height_tablet_extra":{"unit":"em","size":"","sizes":[]},"title_typography_line_height_mobile_extra":{"unit":"em","size":"","sizes":[]},"title_typography_letter_spacing":{"unit":"px","size":0,"sizes":[]},"heading_underline_image":{"url":"https:\/\/demo.artureanec.com\/themes\/etherium-dark\/wp-content\/uploads\/2023\/04\/Group-18311.png","id":3214,"size":"","alt":"","source":"library"},"_background_image":{"url":"","id":"","size":"","alt":"","source":"library"},"heading_underline_image_background":"classic","heading_underline_image_image":{"url":"https:\/\/demo.artureanec.com\/themes\/etherium-dark\/wp-content\/uploads\/2023\/03\/brush-6.png","id":1736,"size":"","alt":"","source":"library"},"add_underline_bg_image":"show","heading_underline_image_bg_width":{"unit":"px","size":215,"sizes":[]},"underline_image_height":{"unit":"px","size":32,"sizes":[]},"title_typography_font_size_tablet":{"unit":"px","size":35,"sizes":[]},"title_typography_font_size_mobile_extra":{"unit":"px","size":28,"sizes":[]},"heading_underline_image_size":"initial","_padding":{"unit":"%","top":"","right":"","bottom":"","left":"","isLinked":true},"_padding_widescreen":{"unit":"%","top":"","right":"","bottom":"","left":"","isLinked":true},"_padding_laptop":{"unit":"%","top":"","right":"","bottom":"","left":"","isLinked":true},"_padding_tablet_extra":{"unit":"%","top":"","right":"","bottom":"","left":"","isLinked":true},"_padding_tablet":{"unit":"%","top":"","right":"","bottom":"","left":"","isLinked":true},"_padding_mobile_extra":{"unit":"%","top":"","right":"","bottom":"","left":"","isLinked":true},"_padding_mobile":{"unit":"%","top":"","right":"","bottom":"","left":"","isLinked":true}},"elements":[],"isInner":false,"widgetType":"etherium_heading","elType":"widget"}],"isInner":true,"elType":"column"},{"id":"26988f26","settings":{"_column_size":33,"_inline_size":21.332999999999998,"_inline_size_tablet_extra":10},"elements":[],"isInner":true,"elType":"column"}],"isInner":true,"elType":"section"},{"id":"a46548d","elType":"widget","settings":{"stores":[],"_margin":{"unit":"px","top":"50","right":"0","bottom":"0","left":"0","isLinked":false},"show_sidebar":"yes","show_filter":"yes","show_orderby":"yes","show_map":"yes","item_box_shadow_box_shadow":{"horizontal":0,"vertical":0,"blur":9,"spread":8,"color":"rgba(153, 54.24639945652174, 54.24639945652174, 0.5)"},"item_box_shadow_hover_box_shadow":{"horizontal":9,"vertical":3,"blur":10,"spread":13,"color":""},"info_typography_typography":"custom","button_typography_font_size":{"unit":"px","size":34,"sizes":[]},"button_typography_line_height":{"unit":"px","size":50,"sizes":[]},"show_pagination":"","pagination_typography_font_size":{"unit":"px","size":26,"sizes":[]},"show_phone":"","show_email":"","item_border_color_normal":"#332B48","item_bg_color_hover":"#13123200","item_border_color_hover":"#332B48","socials_spacing":{"unit":"px","size":18,"sizes":[]},"button_spacing":{"unit":"px","size":40,"sizes":[]},"button_border_color_normal":"#332B48","button_border_color_hover":"#02010100","post_order":"asc","grid_columns_number":4,"grid_posts_per_page":4,"button_bg_color_hover":"#242848"},"elements":[],"widgetType":"etherium_store_listing"},{"id":"36c66e3","settings":{"button_text":"Explore more","button_link":{"url":"https:\/\/demo.artureanec.com\/themes\/etherium-dark\/vendors\/","is_external":"true","nofollow":"","custom_attributes":""},"button_padding":{"unit":"px","top":"16","right":"49","bottom":"17","left":"49","isLinked":false},"_margin":{"unit":"px","top":"65","right":"0","bottom":"0","left":"0","isLinked":false}},"elements":[],"isInner":false,"widgetType":"etherium_button","elType":"widget"}],"isInner":false,"elType":"column"}],"isInner":false,"elType":"section"},{"id":"1bc042b5","settings":{"content_position":"middle","stretch_section":"section-stretched","structure":"20","background_background":"classic","background_image":{"url":"https:\/\/demo.artureanec.com\/themes\/etherium-dark\/wp-content\/uploads\/2023\/04\/472-1.jpg","id":3927,"size":"","alt":"","source":"library"},"background_repeat":"no-repeat","background_size":"cover","height":"min-height","custom_height":{"unit":"px","size":739,"sizes":[]},"column_position":"stretch","margin":{"unit":"px","top":"0","right":0,"bottom":"0","left":0,"isLinked":true},"custom_height_tablet":{"unit":"px","size":550,"sizes":[]}},"elements":[{"id":"5bad04a0","settings":{"_column_size":50,"_inline_size":56,"_inline_size_mobile_extra":100},"elements":[{"id":"2e52edcf","settings":{"heading":"<p>Best sales NFT\u2019s in our marketplace<\/p>","subtitle":"This is subheading element","title_typography_typography":"custom","title_typography_font_size":{"unit":"px","size":80,"sizes":[]},"title_typography_line_height":{"unit":"em","size":1.1625000000000001,"sizes":[]},"title_typography_line_height_widescreen":{"unit":"em","size":"","sizes":[]},"title_typography_line_height_laptop":{"unit":"em","size":"","sizes":[]},"title_typography_line_height_tablet_extra":{"unit":"em","size":"","sizes":[]},"title_typography_line_height_mobile_extra":{"unit":"em","size":"","sizes":[]},"_margin":{"unit":"%","top":"","right":"","bottom":"","left":"","isLinked":true},"_margin_widescreen":{"unit":"%","top":"","right":"","bottom":"","left":"","isLinked":true},"_margin_laptop":{"unit":"%","top":"","right":"","bottom":"","left":"","isLinked":true},"_margin_tablet_extra":{"unit":"%","top":"","right":"","bottom":"","left":"","isLinked":true},"_margin_tablet":{"unit":"%","top":"","right":"","bottom":"","left":"","isLinked":true},"_margin_mobile_extra":{"unit":"%","top":"","right":"","bottom":"","left":"","isLinked":true},"_margin_mobile":{"unit":"%","top":"","right":"","bottom":"","left":"","isLinked":true},"title_typography_font_size_tablet_extra":{"unit":"px","size":60,"sizes":[]},"title_typography_font_size_tablet":{"unit":"px","size":40,"sizes":[]},"title_typography_font_family":"Michroma"},"elements":[],"isInner":false,"widgetType":"etherium_heading","elType":"widget"},{"id":"4a64c4ae","settings":{"editor":"<p>Temperate ocean-bass sea chub unicorn fish treefish eulachon tidewater goby.<\/p>","text_color":"#FFFFFF","_margin":{"unit":"px","top":"33","right":"0","bottom":"25","left":"0","isLinked":false}},"elements":[],"isInner":false,"widgetType":"text-editor","elType":"widget"},{"id":"15eef8f6","settings":{"button_text":"Explore more","button_link":{"url":"https:\/\/demo.artureanec.com\/themes\/etherium-dark\/shop\/","is_external":"true","nofollow":"","custom_attributes":""},"button_typography_typography":"custom","button_typography_font_size":{"unit":"px","size":16,"sizes":[]},"button_typography_line_height":{"unit":"px","size":27,"sizes":[]},"button_box_shadow_box_shadow_type":"yes","button_box_shadow_box_shadow":{"horizontal":0,"vertical":0,"blur":10,"spread":0,"color":"rgba(0, 0, 0, 0.18)"},"button_radius":{"unit":"%","top":"50","right":"50","bottom":"50","left":"50","isLinked":true},"button_padding":{"unit":"px","top":"85","right":"48","bottom":"85","left":"48","isLinked":false},"button_align":"left","_position":"absolute","_offset_orientation_v":"end","_offset_y_end":{"unit":"px","size":-56,"sizes":[]},"_transform_translateY_effect":{"unit":"%","size":47,"sizes":[]},"_transform_translateY_effect_laptop":{"unit":"%","size":"","sizes":[]},"_transform_translateY_effect_tablet_extra":{"unit":"%","size":"","sizes":[]},"_transform_translateY_effect_tablet":{"unit":"%","size":"","sizes":[]},"_transform_translateY_effect_mobile_extra":{"unit":"%","size":47,"sizes":[]},"_transform_translateY_effect_mobile":{"unit":"%","size":47,"sizes":[]},"button_box_shadow_hover_box_shadow_type":"yes","button_box_shadow_hover_box_shadow":{"horizontal":0,"vertical":6,"blur":30,"spread":0,"color":"#FF2763"},"button_padding_mobile_extra":{"unit":"px","top":"60","right":"23","bottom":"60","left":"23","isLinked":false}},"elements":[],"isInner":false,"widgetType":"etherium_button","elType":"widget"}],"isInner":false,"elType":"column"},{"id":"7caa3383","settings":{"_column_size":50,"_inline_size":44,"hide_mobile_extra":"hidden-mobile_extra","hide_mobile":"hidden-mobile"},"elements":[],"isInner":false,"elType":"column"}],"isInner":false,"elType":"section"},{"id":"61235ece","settings":[],"elements":[{"id":"6296d9ef","settings":{"_column_size":100,"_inline_size":null},"elements":[{"id":"5a87b4","settings":{"structure":"30"},"elements":[{"id":"748f4726","settings":{"_column_size":33,"_inline_size":24,"_inline_size_tablet_extra":15},"elements":[],"isInner":true,"elType":"column"},{"id":"225fb94a","settings":{"_column_size":33,"_inline_size":54,"_inline_size_tablet_extra":70},"elements":[{"id":"1b7f1995","settings":{"heading":"<p>Some <span style=\"text-decoration: underline;\">awesome<\/span> collections<\/p>","subtitle":"This is subheading element","title_align":"center","title_typography_typography":"custom","title_typography_font_family":"Michroma","title_typography_font_size":{"unit":"px","size":50,"sizes":[]},"title_typography_line_height":{"unit":"em","size":1.3999999999999999,"sizes":[]},"title_typography_line_height_widescreen":{"unit":"em","size":"","sizes":[]},"title_typography_line_height_laptop":{"unit":"em","size":"","sizes":[]},"title_typography_line_height_tablet_extra":{"unit":"em","size":"","sizes":[]},"title_typography_line_height_mobile_extra":{"unit":"em","size":"","sizes":[]},"title_typography_letter_spacing":{"unit":"px","size":0,"sizes":[]},"heading_underline_image":{"url":"https:\/\/demo.artureanec.com\/themes\/etherium-dark\/wp-content\/uploads\/2023\/04\/Group-18311.png","id":3214,"size":"","alt":"","source":"library"},"_background_image":{"url":"","id":"","size":"","alt":"","source":"library"},"heading_underline_image_background":"classic","heading_underline_image_image":{"url":"https:\/\/demo.artureanec.com\/themes\/etherium-dark\/wp-content\/uploads\/2023\/03\/brush-6.png","id":1736,"size":"","alt":"","source":"library"},"add_underline_bg_image":"show","heading_underline_image_bg_width":{"unit":"px","size":215,"sizes":[]},"underline_image_height":{"unit":"px","size":32,"sizes":[]},"title_typography_font_size_tablet":{"unit":"px","size":35,"sizes":[]},"title_typography_font_size_mobile_extra":{"unit":"px","size":28,"sizes":[]},"heading_underline_image_position":"center right","heading_underline_image_size":"initial","_padding":{"unit":"%","top":"","right":"","bottom":"","left":"","isLinked":true},"_padding_widescreen":{"unit":"%","top":"","right":"","bottom":"","left":"","isLinked":true},"_padding_laptop":{"unit":"%","top":"","right":"","bottom":"","left":"","isLinked":true},"_padding_tablet_extra":{"unit":"%","top":"","right":"","bottom":"","left":"","isLinked":true},"_padding_tablet":{"unit":"%","top":"","right":"","bottom":"","left":"","isLinked":true},"_padding_mobile_extra":{"unit":"%","top":"","right":"","bottom":"","left":"","isLinked":true},"_padding_mobile":{"unit":"%","top":"","right":"","bottom":"","left":"","isLinked":true}},"elements":[],"isInner":false,"widgetType":"etherium_heading","elType":"widget"}],"isInner":true,"elType":"column"},{"id":"1eb888b1","settings":{"_column_size":33,"_inline_size":21.332999999999998,"_inline_size_tablet_extra":15},"elements":[],"isInner":true,"elType":"column"}],"isInner":true,"elType":"section"}],"isInner":false,"elType":"column"}],"isInner":false,"elType":"section"},{"id":"7900e77e","settings":{"gap":"wide","structure":"30","margin":{"unit":"px","top":"55","right":0,"bottom":"0","left":0,"isLinked":false}},"elements":[{"id":"2493eda0","settings":{"_column_size":33,"_inline_size":null,"border_border":"solid","border_width":{"unit":"px","top":"1","right":"1","bottom":"1","left":"1","isLinked":true},"border_color":"#332B48","margin":{"unit":"px","top":"20","right":"20","bottom":"20","left":"20","isLinked":true},"padding":{"unit":"px","top":"7","right":"7","bottom":"7","left":"7","isLinked":true}},"elements":[{"id":"73a2f577","settings":{"image":{"url":"https:\/\/demo.artureanec.com\/themes\/etherium-dark\/wp-content\/uploads\/2023\/04\/Relaxing_Astronaut-2.jpg","id":3953,"size":"","alt":"","source":"library"},"_margin":{"unit":"px","top":"0","right":"0","bottom":"7","left":"0","isLinked":false}},"elements":[],"isInner":false,"widgetType":"image","elType":"widget"},{"id":"3ec23fa9","settings":{"gap":"narrow","structure":"30"},"elements":[{"id":"43d24d8d","settings":{"_column_size":33,"_inline_size":null,"_inline_size_mobile":33.333300000000001},"elements":[{"id":"26f75f64","settings":{"image":{"url":"https:\/\/demo.artureanec.com\/themes\/etherium-dark\/wp-content\/uploads\/2023\/04\/85-2.jpg","id":3959,"size":"","alt":"","source":"library"},"_element_custom_width":{"unit":"%","size":33.333300000000001,"sizes":[]}},"elements":[],"isInner":false,"widgetType":"image","elType":"widget"}],"isInner":true,"elType":"column"},{"id":"1bf8832c","settings":{"_column_size":33,"_inline_size":null,"_inline_size_mobile":33.333300000000001},"elements":[{"id":"22078efc","settings":{"image":{"url":"https:\/\/demo.artureanec.com\/themes\/etherium-dark\/wp-content\/uploads\/2023\/04\/175-2.jpg","id":3958,"size":"","alt":"","source":"library"},"_element_custom_width":{"unit":"%","size":33.332999999999998,"sizes":[]}},"elements":[],"isInner":false,"widgetType":"image","elType":"widget"}],"isInner":true,"elType":"column"},{"id":"12e3b957","settings":{"_column_size":33,"_inline_size":null,"_inline_size_mobile":33.333329999999997},"elements":[{"id":"59fc5fdc","settings":{"image":{"url":"https:\/\/demo.artureanec.com\/themes\/etherium-dark\/wp-content\/uploads\/2023\/04\/japan_geisha_samurai_warrior_with_flowers-1.jpg","id":3960,"size":"","alt":"","source":"library"},"_element_custom_width":{"unit":"%","size":33.333329999999997,"sizes":[]},"_element_custom_width_widescreen":{"unit":"%","size":"","sizes":[]},"_element_custom_width_laptop":{"unit":"%","size":"","sizes":[]},"_element_custom_width_tablet_extra":{"unit":"%","size":"","sizes":[]},"_element_custom_width_tablet":{"unit":"%","size":"","sizes":[]},"_element_custom_width_mobile_extra":{"unit":"%","size":"","sizes":[]},"_element_custom_width_mobile":{"unit":"%","size":"","sizes":[]}},"elements":[],"isInner":false,"widgetType":"image","elType":"widget"}],"isInner":true,"elType":"column"}],"isInner":true,"elType":"section"},{"id":"463e896b","settings":{"button_text":"Illustrarion","button_link":{"url":"https:\/\/demo.artureanec.com\/themes\/etherium-dark\/shop\/","is_external":"true","nofollow":"","custom_attributes":""},"button_typography_typography":"custom","button_typography_font_size":{"unit":"px","size":20,"sizes":[]},"button_typography_line_height":{"unit":"px","size":24,"sizes":[]},"button_bg_background":"classic","button_bg_color":"#02010100","remove_box_shadow":"yes","button_padding":{"unit":"px","top":"34","right":"0","bottom":"38","left":"0","isLinked":false},"_element_width":"inherit","button_radius":{"unit":"px","top":"0","right":"0","bottom":"0","left":"0","isLinked":true},"button_width":{"unit":"%","size":100,"sizes":[]},"button_color_hover":"#FF2763","remove_animation":"yes"},"elements":[],"isInner":false,"widgetType":"etherium_button","elType":"widget"}],"isInner":false,"elType":"column"},{"id":"226e9e47","settings":{"_column_size":33,"_inline_size":null,"border_border":"solid","border_width":{"unit":"px","top":"1","right":"1","bottom":"1","left":"1","isLinked":true},"border_color":"#332B48","margin":{"unit":"px","top":"20","right":"20","bottom":"20","left":"20","isLinked":true},"padding":{"unit":"px","top":"7","right":"7","bottom":"7","left":"7","isLinked":true}},"elements":[{"id":"2b765cd6","settings":{"image":{"url":"https:\/\/demo.artureanec.com\/themes\/etherium-dark\/wp-content\/uploads\/2023\/04\/nft_slogan-2.jpg","id":4037,"size":"","alt":"","source":"library"},"_margin":{"unit":"px","top":"0","right":"0","bottom":"7","left":"0","isLinked":false}},"elements":[],"isInner":false,"widgetType":"image","elType":"widget"},{"id":"731962c2","settings":{"gap":"narrow","structure":"30"},"elements":[{"id":"4000a086","settings":{"_column_size":33,"_inline_size":null,"_inline_size_mobile":33.333300000000001},"elements":[{"id":"7da62bf8","settings":{"image":{"url":"https:\/\/demo.artureanec.com\/themes\/etherium-dark\/wp-content\/uploads\/2023\/04\/lettering-nft-blue-metallic-wavy-layered-structure-blur-background-3.jpg","id":4041,"size":"","alt":"","source":"library"},"_element_custom_width":{"unit":"%","size":33.333300000000001,"sizes":[]}},"elements":[],"isInner":false,"widgetType":"image","elType":"widget"}],"isInner":true,"elType":"column"},{"id":"2010c1b","settings":{"_column_size":33,"_inline_size":null,"_inline_size_mobile":33.333300000000001},"elements":[{"id":"a55ebea","settings":{"image":{"url":"https:\/\/demo.artureanec.com\/themes\/etherium-dark\/wp-content\/uploads\/2023\/04\/sl_021422_48550_04-2.jpg","id":4042,"size":"","alt":"","source":"library"},"_element_custom_width":{"unit":"%","size":33.332999999999998,"sizes":[]}},"elements":[],"isInner":false,"widgetType":"image","elType":"widget"}],"isInner":true,"elType":"column"},{"id":"64b9d54d","settings":{"_column_size":33,"_inline_size":null,"_inline_size_mobile":33.333300000000001},"elements":[{"id":"fb10c08","settings":{"image":{"url":"https:\/\/demo.artureanec.com\/themes\/etherium-dark\/wp-content\/uploads\/2023\/04\/sl_021422_48550_08-1.jpg","id":4043,"size":"","alt":"","source":"library"},"_element_custom_width":{"unit":"%","size":33.333329999999997,"sizes":[]},"_element_custom_width_widescreen":{"unit":"%","size":"","sizes":[]},"_element_custom_width_laptop":{"unit":"%","size":"","sizes":[]},"_element_custom_width_tablet_extra":{"unit":"%","size":"","sizes":[]},"_element_custom_width_tablet":{"unit":"%","size":"","sizes":[]},"_element_custom_width_mobile_extra":{"unit":"%","size":"","sizes":[]},"_element_custom_width_mobile":{"unit":"%","size":"","sizes":[]}},"elements":[],"isInner":false,"widgetType":"image","elType":"widget"}],"isInner":true,"elType":"column"}],"isInner":true,"elType":"section"},{"id":"7ff1c6b6","settings":{"button_text":"NFT pictures","button_link":{"url":"https:\/\/demo.artureanec.com\/themes\/etherium-dark\/shop\/","is_external":"true","nofollow":"","custom_attributes":""},"button_typography_typography":"custom","button_typography_font_size":{"unit":"px","size":20,"sizes":[]},"button_typography_line_height":{"unit":"px","size":24,"sizes":[]},"button_bg_background":"classic","button_bg_color":"#02010100","remove_box_shadow":"yes","button_padding":{"unit":"px","top":"34","right":"0","bottom":"38","left":"0","isLinked":false},"_element_width":"inherit","button_radius":{"unit":"px","top":"0","right":"0","bottom":"0","left":"0","isLinked":true},"button_width":{"unit":"%","size":100,"sizes":[]},"button_color_hover":"#FF2763","remove_animation":"yes"},"elements":[],"isInner":false,"widgetType":"etherium_button","elType":"widget"}],"isInner":false,"elType":"column"},{"id":"7bc9302e","settings":{"_column_size":33,"_inline_size":null,"border_border":"solid","border_width":{"unit":"px","top":"1","right":"1","bottom":"1","left":"1","isLinked":true},"border_color":"#332B48","margin":{"unit":"px","top":"20","right":"20","bottom":"20","left":"20","isLinked":true},"padding":{"unit":"px","top":"7","right":"7","bottom":"7","left":"7","isLinked":true}},"elements":[{"id":"314240dd","settings":{"image":{"url":"https:\/\/demo.artureanec.com\/themes\/etherium-dark\/wp-content\/uploads\/2023\/04\/469-1.jpg","id":4053,"size":"","alt":"","source":"library"},"_margin":{"unit":"px","top":"0","right":"0","bottom":"7","left":"0","isLinked":false}},"elements":[],"isInner":false,"widgetType":"image","elType":"widget"},{"id":"685edd9a","settings":{"gap":"narrow","structure":"30"},"elements":[{"id":"18d72e70","settings":{"_column_size":33,"_inline_size":null,"_inline_size_mobile":33.333300000000001},"elements":[{"id":"76517493","settings":{"image":{"url":"https:\/\/demo.artureanec.com\/themes\/etherium-dark\/wp-content\/uploads\/2023\/04\/38155088346243-2.jpg","id":4059,"size":"","alt":"","source":"library"},"_element_custom_width":{"unit":"%","size":33.333300000000001,"sizes":[]}},"elements":[],"isInner":false,"widgetType":"image","elType":"widget"}],"isInner":true,"elType":"column"},{"id":"5b906ca7","settings":{"_column_size":33,"_inline_size":null,"_inline_size_mobile":33.333300000000001},"elements":[{"id":"5a9267aa","settings":{"image":{"url":"https:\/\/demo.artureanec.com\/themes\/etherium-dark\/wp-content\/uploads\/2023\/04\/573-2.jpg","id":4057,"size":"","alt":"","source":"library"},"_element_custom_width":{"unit":"%","size":33.332999999999998,"sizes":[]}},"elements":[],"isInner":false,"widgetType":"image","elType":"widget"}],"isInner":true,"elType":"column"},{"id":"2abb1225","settings":{"_column_size":33,"_inline_size":null,"_inline_size_mobile":33.333300000000001},"elements":[{"id":"11470ed2","settings":{"image":{"url":"https:\/\/demo.artureanec.com\/themes\/etherium-dark\/wp-content\/uploads\/2023\/04\/vibrant-neon-colorful-liquid-banner-1.jpg","id":4058,"size":"","alt":"","source":"library"},"_element_custom_width":{"unit":"%","size":33.333329999999997,"sizes":[]},"_element_custom_width_widescreen":{"unit":"%","size":"","sizes":[]},"_element_custom_width_laptop":{"unit":"%","size":"","sizes":[]},"_element_custom_width_tablet_extra":{"unit":"%","size":"","sizes":[]},"_element_custom_width_tablet":{"unit":"%","size":"","sizes":[]},"_element_custom_width_mobile_extra":{"unit":"%","size":"","sizes":[]},"_element_custom_width_mobile":{"unit":"%","size":"","sizes":[]}},"elements":[],"isInner":false,"widgetType":"image","elType":"widget"}],"isInner":true,"elType":"column"}],"isInner":true,"elType":"section"},{"id":"5cd45b81","settings":{"button_text":"Backgrounds","button_link":{"url":"https:\/\/demo.artureanec.com\/themes\/etherium-dark\/shop\/","is_external":"true","nofollow":"","custom_attributes":""},"button_typography_typography":"custom","button_typography_font_size":{"unit":"px","size":20,"sizes":[]},"button_typography_line_height":{"unit":"px","size":24,"sizes":[]},"button_bg_background":"classic","button_bg_color":"#02010100","remove_box_shadow":"yes","button_padding":{"unit":"px","top":"34","right":"0","bottom":"38","left":"0","isLinked":false},"_element_width":"inherit","button_radius":{"unit":"px","top":"0","right":"0","bottom":"0","left":"0","isLinked":true},"button_width":{"unit":"%","size":100,"sizes":[]},"button_color_hover":"#FF2763","remove_animation":"yes"},"elements":[],"isInner":false,"widgetType":"etherium_button","elType":"widget"}],"isInner":false,"elType":"column"}],"isInner":false,"elType":"section"},{"id":"1861af1c","settings":{"structure":"20","padding":{"unit":"px","top":"0","right":"0","bottom":"60","left":"0","isLinked":false}},"elements":[{"id":"474c679a","settings":{"_column_size":50,"_inline_size":82},"elements":[{"id":"2120267a","settings":{"heading":"<p>A new place to collect NFT assets<\/p>","subtitle":"This is subheading element","title_typography_typography":"custom","title_typography_font_family":"Michroma","title_typography_font_size":{"unit":"px","size":80,"sizes":[]},"title_typography_font_size_tablet":{"unit":"px","size":50,"sizes":[]},"title_typography_font_size_mobile_extra":{"unit":"px","size":35,"sizes":[]},"title_typography_line_height":{"unit":"em","size":1.1625000000000001,"sizes":[]},"title_typography_line_height_widescreen":{"unit":"em","size":"","sizes":[]},"title_typography_line_height_laptop":{"unit":"em","size":"","sizes":[]},"title_typography_line_height_tablet_extra":{"unit":"em","size":"","sizes":[]},"title_typography_line_height_mobile_extra":{"unit":"em","size":"","sizes":[]}},"elements":[],"isInner":false,"widgetType":"etherium_heading","elType":"widget"}],"isInner":false,"elType":"column"},{"id":"609967f1","settings":{"_column_size":50,"_inline_size":18},"elements":[],"isInner":false,"elType":"column"}],"isInner":false,"elType":"section"}],"settings":{"template":"default","background_image":{"url":"https:\/\/demo.artureanec.com\/themes\/etherium-dark\/wp-content\/uploads\/2023\/04\/home-1-slider-bg.png","id":2904,"size":"","alt":"","source":"library"},"background_background":"classic","background_repeat":"no-repeat","background_size":"initial","background_size_laptop":"auto","background_size_tablet_extra":"auto","background_bg_width_laptop":{"unit":"%","size":100,"sizes":[]},"background_bg_width_tablet_extra":{"unit":"%","size":"","sizes":[]},"background_bg_width_tablet":{"unit":"%","size":"","sizes":[]},"background_bg_width_mobile_extra":{"unit":"%","size":"","sizes":[]},"background_bg_width_mobile":{"unit":"%","size":"","sizes":[]}},"metadata":{"theme_color_mode":"dark","top_bar_status":"default","top_bar_customize":"default","top_bar_socials_status":"default","top_bar_additional_text_status":"default","top_bar_contacts_email_status":"default","top_bar_contacts_phone_status":"default","top_bar_contacts_address_status":"default","header_status":"default","header_style":"default","header_position":"default","header_customize":"on","sticky_header_status":"default","header_logo_status":"default","header_logo_customize":"on","header_logo_retina":"1","header_logo_mobile_retina":"1","header_callback_status":"default","header_button_status":"default","header_menu_status":"default","header_menu_select":"default","side_panel_status":"default","header_search_status":"default","header_login_status":"default","header_minicart_status":"default","header_wishlist_status":"default","page_title_status":"off","page_title_overlay_status":"default","page_title_customize":"default","page_title_height":"500","page_title_background_position":"default","page_title_background_repeat":"default","page_title_background_size":"default","hide_page_title_background_mobile":"0","hide_page_title_background_tablet":"0","page_title_breadcrumbs_status":"default","page_title_additional_customize":"default","content_top_margin":"default","content_bottom_margin":"on","page_customize":"on","page_background_image_top_status":"off","page_background_image_bottom_status":"on","sidebar_position":"none","page_sidebar_select":"default","footer_status":"default","footer_style":"default","footer_customize":"on","footer_background_position":"default","footer_background_repeat":"default","footer_background_size":"default","footer_sidebar_status":"default","footer_sidebar_select":"default","footer_copyright_status":"default","footer_menu_status":"default","footer_menu_select":"default","footer_additional_menu_status":"default","footer_additional_menu_select":"default","footer_border_hover_color":"#323564","footer_pre_footer_status":"off","footer_pre_footer_button_status":"default","header_login_text_status":"default","page_background_image_top_repeat":"default","page_background_image_top_size":"default","page_background_image_top_blend_mode":"default","page_background_image_bottom_repeat":"default","page_background_image_bottom_size":"default","page_background_image_bottom_blend_mode":"default","footer_scrolltop_status":"default","header_logo_image":"69","page_background_image_bottom":"2761"}}