{"content":[{"id":"14210f8c","settings":{"background_image":{"url":"","id":"","size":"","alt":"","source":"library"},"background_repeat":"no-repeat","background_size":"cover"},"elements":[{"id":"2c317ce7","settings":{"_column_size":100,"_inline_size":null},"elements":[{"id":"77ea8271","settings":{"posts_per_page":6,"excerpt_length":272,"read_more_text":"Read More","show_tags":"","cat_bg_normal_background":"gradient","cat_bg_normal_color":"#FFE4DF","cat_bg_normal_color_stop":{"unit":"%","size":15,"sizes":[]},"cat_bg_normal_color_b":"#CEECFA","cat_bg_normal_color_b_stop":{"unit":"%","size":85,"sizes":[]},"cat_bg_normal_gradient_angle":{"unit":"deg","size":135,"sizes":[]},"cat_color_normal":"#696F77","post_border_color_hover":"#000000"},"elements":[],"isInner":false,"widgetType":"etherium_blog_listing","elType":"widget"}],"isInner":false,"elType":"column"}],"isInner":false,"elType":"section"}],"settings":{"template":"default"},"metadata":{"theme_color_mode":"default","top_bar_status":"default","top_bar_customize":"default","top_bar_socials_status":"default","top_bar_additional_text_status":"default","top_bar_contacts_email_status":"default","top_bar_contacts_phone_status":"default","top_bar_contacts_address_status":"default","header_status":"default","header_style":"default","header_position":"default","header_customize":"default","sticky_header_status":"default","header_logo_status":"default","header_logo_customize":"default","header_logo_retina":"1","header_logo_mobile_retina":"1","header_callback_status":"default","header_button_status":"default","header_menu_status":"default","header_menu_select":"default","side_panel_status":"default","header_search_status":"default","header_login_status":"default","header_minicart_status":"default","header_wishlist_status":"default","page_title_status":"default","page_title_overlay_status":"default","page_title_customize":"default","page_title_height":"500","page_title_background_position":"default","page_title_background_repeat":"default","page_title_background_size":"default","hide_page_title_background_mobile":"0","hide_page_title_background_tablet":"0","page_title_breadcrumbs_status":"default","page_title_additional_customize":"default","content_top_margin":"default","content_bottom_margin":"default","page_customize":"default","page_background_image_top_status":"default","page_background_image_bottom_status":"default","sidebar_position":"default","page_sidebar_select":"default","footer_status":"default","footer_style":"default","footer_customize":"default","footer_background_position":"default","footer_background_repeat":"default","footer_background_size":"default","footer_sidebar_status":"default","footer_sidebar_select":"default","footer_copyright_status":"default","footer_menu_status":"default","footer_menu_select":"default","footer_additional_menu_status":"default","footer_additional_menu_select":"default","header_login_text_status":"default","page_background_image_top_repeat":"default","page_background_image_top_size":"default","page_background_image_top_blend_mode":"default","page_background_image_bottom_repeat":"default","page_background_image_bottom_size":"default","page_background_image_bottom_blend_mode":"default","footer_pre_footer_status":"default","footer_pre_footer_button_status":"default","footer_scrolltop_status":"default"}}