{"content":[{"id":"ecfafe7","settings":{"gap":"wide","structure":"20","color_link":"#FFFFFF","color_link_hover":"#FF2763","margin":{"unit":"px","top":"59","right":0,"bottom":"0","left":0,"isLinked":false}},"elements":[{"id":"672291a1","settings":{"_column_size":50,"_inline_size":null,"_inline_size_mobile_extra":100,"margin":{"unit":"px","top":"55","right":"0","bottom":"0","left":"0","isLinked":false},"margin_mobile_extra":{"unit":"px","top":"0","right":"0","bottom":"0","left":"0","isLinked":true}},"elements":[{"id":"47198fd5","settings":{"heading":"<p>Get in Touch<\/p>","subtitle":"This is subheading element","title_typography_typography":"custom"},"elements":[],"isInner":false,"widgetType":"etherium_heading","elType":"widget"},{"id":"127a5fcf","settings":{"editor":"<p>Saw shark flat loach snakehead; salmon, s\u00e1balo snipefish skipjack <br \/>tuna. Roanoke bass lefteye flounder, barreleye, algae eater zebra pleco.<\/p>","_margin":{"unit":"px","top":"23","right":"0","bottom":"100","left":"0","isLinked":false},"_margin_tablet":{"unit":"px","top":"23","right":"0","bottom":"50","left":"0","isLinked":false}},"elements":[],"isInner":false,"widgetType":"text-editor","elType":"widget"},{"id":"568b7b48","settings":{"image":{"url":"https:\/\/demo.artureanec.com\/themes\/etherium-dark\/wp-content\/uploads\/2023\/08\/logo.png","id":6174,"size":"","alt":"","source":"library"},"align":"left","space":{"unit":"px","size":235,"sizes":[]},"space_tablet":{"unit":"px","size":"","sizes":[]},"space_mobile":{"unit":"px","size":"","sizes":[]}},"elements":[],"isInner":false,"widgetType":"image","elType":"widget"},{"id":"790405e2","settings":{"editor":"<p>+1 (234) 56789, +1 (234) 56789<br \/><a href=\"mailto:support@etherium.com\"><span style=\"text-decoration: underline;\">support@etherium.com<\/span><\/a><\/p>","typography_typography":"custom","typography_font_size":{"unit":"px","size":20,"sizes":[]},"typography_line_height":{"unit":"px","size":40,"sizes":[]},"_margin":{"unit":"px","top":"30","right":"0","bottom":"0","left":"0","isLinked":false}},"elements":[],"isInner":false,"widgetType":"text-editor","elType":"widget"},{"id":"519b18cd","settings":{"social_icon_list":[{"social_icon":{"value":"fab fa-facebook-f","library":"fa-brands"},"_id":"af999c3","link":{"url":"https:\/\/www.facebook.com\/","is_external":"true","nofollow":"","custom_attributes":""}},{"social_icon":{"value":"fab fa-twitter","library":"fa-brands"},"_id":"9aac1f0","link":{"url":"https:\/\/twitter.com\/","is_external":"true","nofollow":"","custom_attributes":""}},{"_id":"c74aac7","social_icon":{"value":"fab fa-linkedin-in","library":"fa-brands"},"link":{"url":"https:\/\/www.linkedin.com\/","is_external":"true","nofollow":"","custom_attributes":""}},{"social_icon":{"value":"fab fa-youtube","library":"fa-brands"},"_id":"72003a8","link":{"url":"https:\/\/www.youtube.com\/","is_external":"true","nofollow":"","custom_attributes":""}}],"shape":"square","align":"left","icon_color":"custom","icon_primary_color":"#02010100","icon_secondary_color":"#FFFFFF","icon_size":{"unit":"px","size":18,"sizes":[]},"icon_padding":{"unit":"em","size":0,"sizes":[]},"icon_spacing":{"unit":"px","size":43,"sizes":[]},"hover_secondary_color":"#FF2763","_margin":{"unit":"px","top":"40","right":"0","bottom":"0","left":"0","isLinked":false}},"elements":[],"isInner":false,"widgetType":"social-icons","elType":"widget"}],"isInner":false,"elType":"column"},{"id":"3bc06ca8","settings":{"_column_size":50,"_inline_size":null,"_inline_size_mobile_extra":100,"background_background":"classic","background_color":"#252045","box_shadow_box_shadow":{"horizontal":0,"vertical":10,"blur":40,"spread":0,"color":"rgba(168, 201.00000000000009, 224, 0.25)"},"margin":{"unit":"px","top":"20","right":"65","bottom":"20","left":"65","isLinked":false},"padding":{"unit":"custom","top":"45px","right":"12.5%","bottom":"70px","left":"12.5%","isLinked":false},"padding_widescreen":{"unit":"custom","top":"","right":"","bottom":"","left":"","isLinked":true},"padding_laptop":{"unit":"custom","top":"","right":"","bottom":"","left":"","isLinked":true},"padding_tablet_extra":{"unit":"custom","top":"","right":"","bottom":"","left":"","isLinked":true},"padding_tablet":{"unit":"custom","top":"","right":"","bottom":"","left":"","isLinked":true},"padding_mobile_extra":{"unit":"custom","top":"","right":"","bottom":"","left":"","isLinked":true},"padding_mobile":{"unit":"custom","top":"","right":"","bottom":"","left":"","isLinked":true},"margin_tablet_extra":{"unit":"px","top":"20","right":"20","bottom":"20","left":"0","isLinked":false},"margin_mobile_extra":{"unit":"px","top":"20","right":"20","bottom":"20","left":"20","isLinked":true}},"elements":[{"id":"6575afd","settings":{"heading":"<p>Send Us a Message<\/p>","subtitle":"This is subheading element","title_tag":"h3","title_typography_typography":"custom","title_typography_line_height":{"unit":"em","size":1.25,"sizes":[]},"title_typography_line_height_widescreen":{"unit":"em","size":"","sizes":[]},"title_typography_line_height_laptop":{"unit":"em","size":"","sizes":[]},"title_typography_line_height_tablet_extra":{"unit":"em","size":"","sizes":[]},"title_typography_line_height_mobile_extra":{"unit":"em","size":"","sizes":[]},"_margin":{"unit":"px","top":"0","right":"0","bottom":"40","left":"0","isLinked":false}},"elements":[],"isInner":false,"widgetType":"etherium_heading","elType":"widget"},{"id":"76c4b4c8","settings":{"form":"Contact Form","add_name":"","title_typography_typography":"custom","title_typography_line_height":{"unit":"em","size":1.75,"sizes":[]},"title_typography_line_height_widescreen":{"unit":"em","size":"","sizes":[]},"title_typography_line_height_laptop":{"unit":"em","size":"","sizes":[]},"title_typography_line_height_tablet_extra":{"unit":"em","size":"","sizes":[]},"title_typography_line_height_mobile_extra":{"unit":"em","size":"","sizes":[]},"title_tag":"h3","field_typography_typography":"custom","button_typography_typography":"custom","button_typography_font_size":{"unit":"px","size":14,"sizes":[]},"button_typography_font_weight":"600","button_border_color":"#A08484","remove_box_shadow":"","button_box_shadow_box_shadow":{"horizontal":29,"vertical":0,"blur":10,"spread":0,"color":"#C91212"},"button_box_shadow_hover_box_shadow":{"horizontal":-11,"vertical":-63,"blur":10,"spread":0,"color":"#0E0606"},"field_background_color_focus":"#302D59"},"elements":[],"isInner":false,"widgetType":"etherium_wpforms","elType":"widget"}],"isInner":false,"elType":"column"}],"isInner":false,"elType":"section"},{"id":"4c6d771a","settings":{"height":"min-height","custom_height":{"unit":"px","size":552,"sizes":[]},"stretch_section":"section-stretched","background_background":"classic","background_image":{"url":"https:\/\/demo.artureanec.com\/themes\/etherium-dark\/wp-content\/uploads\/2023\/07\/design_element.png","id":5747,"size":"","alt":"","source":"library"},"background_size":"cover","margin":{"unit":"px","top":"130","right":0,"bottom":"0","left":0,"isLinked":false},"margin_tablet_extra":{"unit":"px","top":"120","right":0,"bottom":"0","left":0,"isLinked":false},"margin_mobile_extra":{"unit":"px","top":"80","right":0,"bottom":"0","left":0,"isLinked":false},"custom_height_tablet":{"unit":"px","size":350,"sizes":[]}},"elements":[{"id":"39d89833","settings":{"_column_size":100,"_inline_size":null},"elements":[{"id":"2978793","settings":{"heading":"<p>Join our creative community<\/p>","subtitle":"This is subheading element","title_align":"center","title_typography_font_size":{"unit":"px","size":80,"sizes":[]},"title_typography_font_size_tablet":{"unit":"px","size":40,"sizes":[]},"title_typography_line_height":{"unit":"em","size":1.1499999999999999,"sizes":[]},"title_typography_line_height_widescreen":{"unit":"em","size":"","sizes":[]},"title_typography_line_height_laptop":{"unit":"em","size":"","sizes":[]},"title_typography_line_height_tablet_extra":{"unit":"em","size":"","sizes":[]},"title_typography_line_height_mobile_extra":{"unit":"em","size":"","sizes":[]},"_padding":{"unit":"px","top":"0","right":"0","bottom":"0","left":"0","isLinked":false},"_background_image":{"url":"","id":"","size":"","alt":"","source":"library"},"_background_position":"initial","_background_xpos":{"unit":"%","size":50,"sizes":[]},"_background_xpos_widescreen":{"unit":"%","size":"","sizes":[]},"_background_xpos_laptop":{"unit":"%","size":"","sizes":[]},"_background_xpos_tablet_extra":{"unit":"%","size":"","sizes":[]},"_background_xpos_tablet":{"unit":"%","size":0,"sizes":[]},"_background_xpos_mobile_extra":{"unit":"%","size":"","sizes":[]},"_background_xpos_mobile":{"unit":"%","size":0,"sizes":[]},"_background_ypos":{"unit":"px","size":67,"sizes":[]},"_background_repeat":"no-repeat","_background_size":"initial","_background_bg_width":{"unit":"px","size":273,"sizes":[]}},"elements":[],"isInner":false,"widgetType":"etherium_heading","elType":"widget"},{"id":"3518f1c5","settings":{"button_text":"Start now","button_link":{"url":"#","is_external":"true","nofollow":"","custom_attributes":""},"button_typography_font_size":{"unit":"px","size":12,"sizes":[]},"button_typography_line_height":{"unit":"em","size":2.25,"sizes":[]},"button_typography_line_height_widescreen":{"unit":"em","size":"","sizes":[]},"button_typography_line_height_laptop":{"unit":"em","size":"","sizes":[]},"button_typography_line_height_tablet_extra":{"unit":"em","size":"","sizes":[]},"button_typography_line_height_mobile_extra":{"unit":"em","size":"","sizes":[]},"button_padding":{"unit":"px","top":"15","right":"64","bottom":"17","left":"64","isLinked":false},"_margin":{"unit":"px","top":"45","right":"0","bottom":"0","left":"0","isLinked":false}},"elements":[],"isInner":false,"widgetType":"etherium_button","elType":"widget"}],"isInner":false,"elType":"column"}],"isInner":false,"elType":"section"},{"id":"3e7d3b46","settings":{"structure":"20","padding":{"unit":"px","top":"0","right":"0","bottom":"60","left":"0","isLinked":false},"stretch_section":"section-stretched","margin":{"unit":"px","top":"80","right":0,"bottom":"0","left":0,"isLinked":false}},"elements":[{"id":"462049e","settings":{"_column_size":50,"_inline_size":81},"elements":[{"id":"1b73b6da","settings":{"heading":"<p>A new place to collect NFT assets<\/p>","subtitle":"This is subheading element","title_typography_typography":"custom","title_typography_font_family":"Michroma","title_typography_font_size":{"unit":"px","size":80,"sizes":[]},"title_typography_font_size_tablet":{"unit":"px","size":50,"sizes":[]},"title_typography_font_size_mobile_extra":{"unit":"px","size":35,"sizes":[]},"title_typography_line_height":{"unit":"em","size":1.1625000000000001,"sizes":[]},"title_typography_line_height_widescreen":{"unit":"em","size":"","sizes":[]},"title_typography_line_height_laptop":{"unit":"em","size":"","sizes":[]},"title_typography_line_height_tablet_extra":{"unit":"em","size":"","sizes":[]},"title_typography_line_height_mobile_extra":{"unit":"em","size":"","sizes":[]}},"elements":[],"isInner":false,"widgetType":"etherium_heading","elType":"widget"}],"isInner":false,"elType":"column"},{"id":"326884e7","settings":{"_column_size":50,"_inline_size":19},"elements":[],"isInner":false,"elType":"column"}],"isInner":false,"elType":"section"}],"settings":{"template":"default"},"metadata":{"theme_color_mode":"default","top_bar_status":"default","top_bar_customize":"default","top_bar_socials_status":"default","top_bar_additional_text_status":"default","top_bar_contacts_email_status":"default","top_bar_contacts_phone_status":"default","top_bar_contacts_address_status":"default","header_status":"default","header_style":"default","header_position":"default","header_customize":"default","sticky_header_status":"default","header_logo_status":"default","header_logo_customize":"default","header_logo_retina":"1","header_logo_mobile_retina":"1","header_callback_status":"default","header_button_status":"default","header_menu_status":"default","header_menu_select":"default","side_panel_status":"default","header_search_status":"default","header_login_status":"default","header_minicart_status":"default","header_wishlist_status":"default","page_title_status":"default","page_title_overlay_status":"default","page_title_customize":"default","page_title_height":"500","page_title_background_position":"default","page_title_background_repeat":"default","page_title_background_size":"default","hide_page_title_background_mobile":"0","hide_page_title_background_tablet":"0","page_title_breadcrumbs_status":"default","page_title_additional_customize":"default","content_top_margin":"default","content_bottom_margin":"on","page_customize":"default","page_background_image_top_status":"default","page_background_image_bottom_status":"default","sidebar_position":"none","page_sidebar_select":"default","footer_status":"default","footer_style":"default","footer_customize":"default","footer_background_position":"default","footer_background_repeat":"default","footer_background_size":"default","footer_sidebar_status":"default","footer_sidebar_select":"default","footer_copyright_status":"default","footer_menu_status":"default","footer_menu_select":"default","footer_additional_menu_status":"default","footer_additional_menu_select":"default","footer_pre_footer_status":"off","footer_pre_footer_button_status":"default"}}