{"content":[{"id":"796f4ed9","settings":{"layout":"full_width","gap":"no","stretch_section":"section-stretched","background_image":{"url":"https:\/\/demo.artureanec.com\/themes\/etherium-dark\/wp-content\/uploads\/2023\/04\/home-1-slider-bg.png","id":2904,"size":"","alt":"","source":"library"}},"elements":[{"id":"224322e5","settings":{"_column_size":100,"_inline_size":null},"elements":[{"id":"22f9a28c","settings":{"youtube_url":"https:\/\/www.youtube.com\/watch?v=XHOmBV4js_E","vimeo_url":"https:\/\/vimeo.com\/235215203","dailymotion_url":"https:\/\/www.dailymotion.com\/video\/x6tqhqb","content_items":[{"_id":"9096972","button_text":"Discover","video_button_text":"Button","slide_youtube_url":"https:\/\/www.youtube.com\/watch?v=XHOmBV4js_E","slide_vimeo_url":"https:\/\/vimeo.com\/235215203","slide_dailymotion_url":"https:\/\/www.dailymotion.com\/video\/x6tqhqb","add_video_button":"","content_text_align":"","background_background":"classic","background_image":{"url":"https:\/\/demo.artureanec.com\/themes\/etherium-dark\/wp-content\/uploads\/2023\/07\/background-dark-top.png","id":5552,"size":"","alt":"","source":"library"},"background_position":"top center","background_repeat":"no-repeat","background_size":"cover","heading":"<p>Best NFT\u2019s Collections<br \/>for you<\/p>","content_position":"start","add_subtitle":"","subtitle":"gggg","heading_typography_typography":"custom","additional_image":{"url":"https:\/\/demo.artureanec.com\/themes\/etherium-dark\/wp-content\/uploads\/2023\/10\/slide-picture.png","id":9518,"size":"","alt":"","source":"library"},"additional_image_align":"center","image_margin":{"unit":"%","top":"10","right":"0","bottom":"0","left":"0","isLinked":false},"text":"<p>Temperate ocean-bass sea chub unicorn fish treefish eulachon tidewater goby. Flier, bighead carp Devario shortnose sucker platy: smalleye squaretail zebra turkeyfish yellowfin grouper?<\/p>","button_typography_typography":"custom","remove_box_shadow":"","button_box_shadow_box_shadow":{"horizontal":0,"vertical":0,"blur":10,"spread":0,"color":"#000000"},"image_max_width":{"unit":"px","size":58,"sizes":[]},"image_behind_text":"yes","title_0":"Awesome sales","show_counter_1":"yes","title_1":"Collectors","show_counter_2":"","title_2":"Cool Number","ending_number_1":2,"suffix_1":"k","number_title_shadow_text_shadow":{"horizontal":0,"vertical":0,"blur":26,"color":"#AA9090"},"ending_number_0":15,"suffix_0":"k","counters_display":"flex","typography_number_typography":"custom","typography_number_font_family":"Michroma","space_between_title_number":{"unit":"px","size":90,"sizes":[]},"title_margin":{"unit":"%","top":"","right":"","bottom":"","left":"","isLinked":true},"duration":2200,"product_wrapper_margin":{"unit":"%","top":"","right":"","bottom":"","left":"","isLinked":true},"typography_title_typography":"custom","content_max_width":{"unit":"px","size":50,"sizes":[]},"section_padding":{"unit":"%","top":"","right":"","bottom":"","left":"","isLinked":true},"heading_typography_line_height":{"unit":"em","size":1.1499999999999999,"sizes":[]},"heading_typography_letter_spacing":{"unit":"em","size":-0.029999999999999999,"sizes":[]},"text_padding":{"unit":"%","top":"","right":"","bottom":"","left":"","isLinked":true},"typography_number_line_height":{"unit":"em","size":1.1499999999999999,"sizes":[]},"buttons_wrap":"nowrap","buttons_wrap_tablet_extra":"wrap","counters_wrap_tablet":"wrap","heading_typography_font_size_tablet":{"unit":"px","size":50,"sizes":[]},"content_max_width_mobile_extra":{"unit":"px","size":100,"sizes":[]},"heading_typography_font_size_mobile_extra":{"unit":"px","size":40,"sizes":[]},"counters_margin_tablet_extra":{"unit":"px","top":"30","right":"0","bottom":"0","left":"0","isLinked":false},"counters_margin":{"unit":"px","top":"0","right":"0","bottom":"0","left":"0","isLinked":true},"space_before_text":{"unit":"px","size":20,"sizes":[]},"space_before_buttons_counters":{"unit":"px","size":40,"sizes":[]},"reverse_columns":"yes","buttons_position":"separate","button_typography_font_size":{"unit":"px","size":16,"sizes":[]},"button_typography_font_weight":"500","button_radius":{"unit":"%","top":"50","right":"50","bottom":"50","left":"50","isLinked":true},"button_padding":{"unit":"px","top":"55","right":"37","bottom":"55","left":"37","isLinked":false},"_offset_x":{"unit":"px","size":151,"sizes":[]},"buttons_offset_x":{"unit":"vw","size":40,"sizes":[]},"buttons_offset_orientation_v":"end","buttons_offset_y_end":{"unit":"%","size":8,"sizes":[]},"content_max_width_tablet_extra":{"unit":"px","size":60,"sizes":[]},"space_before_buttons_counters_mobile_extra":{"unit":"px","size":0,"sizes":[]},"image_max_width_tablet_extra":{"unit":"px","size":40,"sizes":[]},"image_margin_tablet_extra":{"unit":"%","top":"10","right":"5","bottom":"0","left":"0","isLinked":false},"title_margin_mobile_extra":{"unit":"%","top":"-15","right":"0","bottom":"0","left":"0","isLinked":false},"title_margin_mobile":{"unit":"%","top":"","right":"","bottom":"","left":"","isLinked":false},"buttons_offset_x_tablet_extra":{"unit":"vw","size":"","sizes":[]},"buttons_offset_x_tablet":{"unit":"vw","size":50,"sizes":[]},"buttons_offset_x_mobile_extra":{"unit":"px","size":20,"sizes":[]},"buttons_offset_y_end_tablet_extra":{"unit":"%","size":15,"sizes":[]},"buttons_offset_y_end_mobile_extra":{"unit":"px","size":20,"sizes":[]},"counters_margin_mobile_extra":{"unit":"px","top":"20","right":"0","bottom":"0","left":"0","isLinked":false},"counter_align":"center","space_between_title_number_tablet":{"unit":"px","size":40,"sizes":[]},"typography_number_font_size_mobile_extra":{"unit":"px","size":40,"sizes":[]}},{"button_text":"Discover","video_button_text":"Button","slide_youtube_url":"https:\/\/www.youtube.com\/watch?v=XHOmBV4js_E","slide_vimeo_url":"https:\/\/vimeo.com\/235215203","slide_dailymotion_url":"https:\/\/www.dailymotion.com\/video\/x6tqhqb","add_video_button":"","content_text_align":"","background_background":"classic","background_image":{"url":"https:\/\/demo.artureanec.com\/themes\/etherium-dark\/wp-content\/uploads\/2023\/10\/nft-collections-slide-2-bg.png","id":9593,"size":"","alt":"","source":"library"},"background_position":"center center","background_repeat":"no-repeat","background_size":"cover","heading":"<p>Explore Top NFT\u2019s in our marketplace<\/p>","content_position":"end","add_subtitle":"","subtitle":"gggg","heading_typography_typography":"custom","additional_image":{"url":"https:\/\/demo.artureanec.com\/themes\/etherium-dark\/wp-content\/uploads\/2023\/10\/nft-collections-slide-2.png","id":9577,"size":"","alt":"","source":"library"},"additional_image_align":"center","image_margin":{"unit":"%","top":"20","right":"0","bottom":"0","left":"0","isLinked":false},"text":"<p>Temperate ocean-bass sea chub unicorn fish treefish eulachon tidewater goby. Flier, bighead carp Devario shortnose sucker platy: smalleye squaretail zebra turkeyfish yellowfin grouper?<\/p>","button_typography_typography":"custom","remove_box_shadow":"","button_box_shadow_box_shadow":{"horizontal":0,"vertical":0,"blur":10,"spread":0,"color":"#000000"},"image_max_width":{"unit":"px","size":52,"sizes":[]},"image_behind_text":"yes","title_0":"Awesome sales","show_counter_1":"yes","title_1":"Collectors","show_counter_2":"","title_2":"Cool Number","ending_number_1":2,"suffix_1":"k","number_title_shadow_text_shadow":{"horizontal":0,"vertical":0,"blur":26,"color":"#AA9090"},"ending_number_0":15,"suffix_0":"k","counters_display":"flex","typography_number_typography":"custom","typography_number_font_family":"Michroma","space_between_title_number":{"unit":"px","size":90,"sizes":[]},"title_margin":{"unit":"%","top":"","right":"","bottom":"","left":"","isLinked":true},"duration":2200,"product_wrapper_margin":{"unit":"%","top":"","right":"","bottom":"","left":"","isLinked":true},"typography_title_typography":"custom","content_max_width":{"unit":"px","size":50,"sizes":[]},"section_padding":{"unit":"%","top":"","right":"","bottom":"","left":"","isLinked":true},"heading_typography_line_height":{"unit":"em","size":1.1499999999999999,"sizes":[]},"heading_typography_letter_spacing":{"unit":"em","size":-0.029999999999999999,"sizes":[]},"text_padding":{"unit":"%","top":"","right":"","bottom":"","left":"","isLinked":true},"typography_number_line_height":{"unit":"em","size":1.1499999999999999,"sizes":[]},"buttons_wrap":"nowrap","buttons_wrap_tablet_extra":"wrap","counters_wrap_tablet":"wrap","heading_typography_font_size_tablet":{"unit":"px","size":40,"sizes":[]},"content_max_width_tablet":{"unit":"px","size":55,"sizes":[]},"content_max_width_mobile_extra":{"unit":"px","size":100,"sizes":[]},"heading_typography_font_size_mobile_extra":{"unit":"px","size":40,"sizes":[]},"counters_margin_tablet_extra":{"unit":"px","top":"0","right":"30","bottom":"0","left":"0","isLinked":false},"counters_margin":{"unit":"%","top":"0","right":"14.5","bottom":"0","left":"0","isLinked":false},"space_before_text":{"unit":"px","size":20,"sizes":[]},"space_before_buttons_counters":{"unit":"px","size":20,"sizes":[]},"button_typography_font_size":{"unit":"px","size":16,"sizes":[]},"button_typography_font_weight":"500","button_radius":{"unit":"%","top":"50","right":"50","bottom":"50","left":"50","isLinked":true},"button_padding":{"unit":"px","top":"55","right":"37","bottom":"55","left":"37","isLinked":false},"_offset_x":{"unit":"px","size":151,"sizes":[]},"buttons_offset_x":{"unit":"vw","size":40,"sizes":[]},"buttons_offset_orientation_v":"end","buttons_offset_y_end":{"unit":"%","size":8,"sizes":[]},"section_padding_mobile":{"unit":"%","top":"20","right":"0","bottom":"0","left":"0","isLinked":false},"space_before_buttons_counters_tablet_extra":{"unit":"px","size":20,"sizes":[]},"heading_typography_font_size_tablet_extra":{"unit":"px","size":50,"sizes":[]},"button_margin_tablet_extra":{"unit":"px","top":"20","right":"0","bottom":"20","left":"0","isLinked":false},"counters_position":"before","counter_wrap_tablet_extra":"wrap","counter_align":"center","space_between_title_number_tablet_extra":{"unit":"px","size":40,"sizes":[]},"typography_number_font_size_mobile":{"unit":"px","size":40,"sizes":[]},"_id":"1ee9e2d"}],"add_video":"","image_overlay":{"url":"","id":"","size":"","alt":"","source":"library"},"image_overlay_size":"medium","autoplay":"no","counters_count":3,"title":"Cool Number","show_counter_0":"","title_0":"Cool Number","show_counter_1":"","title_1":"Cool Number","show_counter_2":"","title_2":"Cool Number","add_socials":"yes","nav":"","dots_v_align":"","add_contacts":"","slider_height":{"unit":"px","size":900,"sizes":[]},"slider_height_mobile_extra":{"unit":"px","size":700,"sizes":[]},"slider_height_mobile":{"unit":"px","size":800,"sizes":[]},"slider_height_tablet":{"unit":"px","size":800,"sizes":[]},"slider_height_tablet_extra":{"unit":"px","size":850,"sizes":[]},"dots_position":"left"},"elements":[],"isInner":false,"widgetType":"etherium_content_slider","elType":"widget"}],"isInner":false,"elType":"column"}],"isInner":false,"elType":"section"},{"id":"1843923f","settings":{"margin":{"unit":"px","top":"70","right":0,"bottom":"0","left":0,"isLinked":false},"margin_mobile_extra":{"unit":"px","top":"","right":0,"bottom":"","left":0,"isLinked":true}},"elements":[{"id":"467e4edf","settings":{"_column_size":100,"_inline_size":null},"elements":[{"id":"3b8b062e","settings":{"subtitle":"This is subheading element","carousel_items":[{"_id":"a78ae04","image":{"url":"https:\/\/demo.artureanec.com\/themes\/etherium-dark\/wp-content\/uploads\/2023\/04\/partners-white-1.png","id":3297,"size":"","alt":"","source":"library"}},{"image":{"url":"https:\/\/demo.artureanec.com\/themes\/etherium-dark\/wp-content\/uploads\/2023\/04\/partners-white-2.png","id":3298,"size":"","alt":"","source":"library"},"_id":"5c901ea"},{"image":{"url":"https:\/\/demo.artureanec.com\/themes\/etherium-dark\/wp-content\/uploads\/2023\/04\/partners-white-3.png","id":3299,"size":"","alt":"","source":"library"},"_id":"bbcc215"},{"image":{"url":"https:\/\/demo.artureanec.com\/themes\/etherium-dark\/wp-content\/uploads\/2023\/04\/partners-white-4.png","id":3300,"size":"","alt":"","source":"library"},"_id":"d896c7d"},{"image":{"url":"https:\/\/demo.artureanec.com\/themes\/etherium-dark\/wp-content\/uploads\/2023\/04\/partners-white-5.png","id":3301,"size":"","alt":"","source":"library"},"_id":"e7e9e4f"},{"image":{"url":"https:\/\/demo.artureanec.com\/themes\/etherium-dark\/wp-content\/uploads\/2023\/04\/partners-white-6.png","id":3302,"size":"","alt":"","source":"library"},"_id":"0080fb5"}],"items":6,"autoplay":"","item_spacing":{"unit":"px","size":40,"sizes":[]},"item_align":"center","opacity":{"unit":"px","size":0.29999999999999999,"sizes":[]},"opacity_hover":{"unit":"px","size":1,"sizes":[]},"background_hover_transition":{"unit":"px","size":0.29999999999999999,"sizes":[]}},"elements":[],"isInner":false,"widgetType":"etherium_image_carousel","elType":"widget"}],"isInner":false,"elType":"column"}],"isInner":false,"elType":"section"},{"id":"55dac251","settings":{"layout":"full_width","gap":"no","stretch_section":"section-stretched"},"elements":[{"id":"cc0396c","settings":{"_column_size":100,"_inline_size":null},"elements":[{"id":"5eec4c34","settings":{"image":{"url":"https:\/\/demo.artureanec.com\/themes\/etherium-dark\/wp-content\/uploads\/2023\/10\/Ellipse-13-min.png","id":9957,"size":"","alt":"","source":"library"},"image_size":"full","align":"right","_position":"absolute","_offset_orientation_h":"end","_offset_x_end":{"unit":"%","size":0,"sizes":[]},"_offset_x_end_widescreen":{"unit":"%","size":"","sizes":[]},"_offset_x_end_laptop":{"unit":"%","size":"","sizes":[]},"_offset_x_end_tablet_extra":{"unit":"%","size":"","sizes":[]},"_offset_x_end_tablet":{"unit":"%","size":"","sizes":[]},"_offset_x_end_mobile_extra":{"unit":"%","size":"","sizes":[]},"_offset_x_end_mobile":{"unit":"%","size":"","sizes":[]},"_offset_y":{"unit":"vw","size":-5,"sizes":[]},"_offset_y_widescreen":{"unit":"%","size":"","sizes":[]},"_offset_y_laptop":{"unit":"%","size":"","sizes":[]},"_offset_y_tablet_extra":{"unit":"%","size":"","sizes":[]},"_offset_y_tablet":{"unit":"%","size":"","sizes":[]},"_offset_y_mobile_extra":{"unit":"%","size":"","sizes":[]},"_offset_y_mobile":{"unit":"%","size":"","sizes":[]},"_z_index":-1},"elements":[],"isInner":false,"widgetType":"image","elType":"widget"},{"id":"6b4d4904","settings":{"structure":"30"},"elements":[{"id":"733fc353","settings":{"_column_size":33,"_inline_size":25},"elements":[],"isInner":true,"elType":"column"},{"id":"5e6da9c4","settings":{"_column_size":33,"_inline_size":50},"elements":[{"id":"3b91aa22","settings":{"heading":"<p>Some awesome <span style=\"text-decoration: underline;\">collections<\/span><\/p>","subtitle":"This is subheading element","title_align":"center","title_typography_typography":"custom","title_typography_font_size":{"unit":"px","size":50,"sizes":[]},"title_typography_font_size_tablet":{"unit":"px","size":35,"sizes":[]},"title_typography_font_size_mobile_extra":{"unit":"px","size":28,"sizes":[]},"title_typography_line_height":{"unit":"em","size":1.3999999999999999,"sizes":[]},"title_typography_line_height_widescreen":{"unit":"em","size":"","sizes":[]},"title_typography_line_height_laptop":{"unit":"em","size":"","sizes":[]},"title_typography_line_height_tablet_extra":{"unit":"em","size":"","sizes":[]},"title_typography_line_height_mobile_extra":{"unit":"em","size":"","sizes":[]},"add_underline_bg_image":"show","heading_underline_image_background":"classic","heading_underline_image_image":{"url":"https:\/\/demo.artureanec.com\/themes\/etherium-dark\/wp-content\/uploads\/2023\/03\/brush-6.png","id":1736,"size":"","alt":"","source":"library"},"heading_underline_image_position":"initial","heading_underline_image_xpos":{"unit":"%","size":50,"sizes":[]},"heading_underline_image_xpos_widescreen":{"unit":"%","size":"","sizes":[]},"heading_underline_image_xpos_laptop":{"unit":"%","size":"","sizes":[]},"heading_underline_image_xpos_tablet_extra":{"unit":"%","size":"","sizes":[]},"heading_underline_image_xpos_tablet":{"unit":"%","size":0,"sizes":[]},"heading_underline_image_xpos_mobile_extra":{"unit":"%","size":50,"sizes":[]},"heading_underline_image_xpos_mobile":{"unit":"%","size":50,"sizes":[]},"heading_underline_image_ypos":{"unit":"em","size":0.40000000000000002,"sizes":[]},"heading_underline_image_ypos_widescreen":{"unit":"em","size":"","sizes":[]},"heading_underline_image_ypos_laptop":{"unit":"em","size":"","sizes":[]},"heading_underline_image_ypos_tablet_extra":{"unit":"em","size":"","sizes":[]},"heading_underline_image_ypos_tablet":{"unit":"em","size":0,"sizes":[]},"heading_underline_image_ypos_mobile_extra":{"unit":"em","size":0.29999999999999999,"sizes":[]},"heading_underline_image_ypos_mobile":{"unit":"em","size":0.29999999999999999,"sizes":[]},"heading_underline_image_size":"initial","heading_underline_image_bg_width":{"unit":"px","size":215,"sizes":[]},"heading_underline_image_bg_width_mobile_extra":{"unit":"px","size":150,"sizes":[]},"title_typography_letter_spacing":{"unit":"px","size":0,"sizes":[]}},"elements":[],"isInner":false,"widgetType":"etherium_heading","elType":"widget"}],"isInner":true,"elType":"column"},{"id":"227984bb","settings":{"_column_size":33,"_inline_size":24.332999999999998},"elements":[],"isInner":true,"elType":"column"}],"isInner":true,"elType":"section"}],"isInner":false,"elType":"column"}],"isInner":false,"elType":"section"},{"id":"6e26ece3","settings":{"content_width":{"unit":"px","size":1420,"sizes":[]},"gap":"wide","stretch_section":"section-stretched","structure":"20","margin":{"unit":"px","top":"40","right":0,"bottom":"0","left":0,"isLinked":false}},"elements":[{"id":"310cd8cc","settings":{"_column_size":50,"_inline_size":45,"space_between_widgets":41,"space_between_widgets_tablet_extra":40},"elements":[{"id":"43dc783","settings":{"item_border_border":"solid","item_border_width":{"unit":"px","top":"1","right":"1","bottom":"1","left":"1","isLinked":true},"link":{"url":"#","is_external":"true","nofollow":"","custom_attributes":""},"title":"Interstellar","collection_id":"84592","alignment":"","image_alignment":"","image":{"url":"https:\/\/demo.artureanec.com\/themes\/etherium-dark\/wp-content\/uploads\/2023\/10\/collection-1.jpg","id":9691,"size":"","alt":"","source":"library"},"item_border_color":"#332B48","title_typography_typography":"custom","title_typography_font_family":"Plus Jakarta Sans"},"elements":[],"isInner":false,"widgetType":"etherium_collection","elType":"widget"},{"id":"83431e8","settings":{"item_border_border":"solid","item_border_width":{"unit":"px","top":"1","right":"1","bottom":"1","left":"1","isLinked":true},"link":{"url":"#","is_external":"true","nofollow":"","custom_attributes":""},"title":"Nflower","collection_id":"12445","alignment":"","image_alignment":"","image":{"url":"https:\/\/demo.artureanec.com\/themes\/etherium-dark\/wp-content\/uploads\/2023\/06\/lettering-nft-blue-metallic-wavy-layered-structure-blur-background-2-1.jpg","id":4424,"size":"","alt":"","source":"library"},"image_thumbnail_size":"custom","image_thumbnail_custom_dimension":{"width":"603","height":"455"},"item_border_color":"#332B48","title_typography_typography":"custom","title_typography_font_family":"Plus Jakarta Sans"},"elements":[],"isInner":false,"widgetType":"etherium_collection","elType":"widget"}],"isInner":false,"elType":"column"},{"id":"25b7c963","settings":{"_column_size":50,"_inline_size":55},"elements":[{"id":"4312aefb","settings":{"item_border_border":"solid","item_border_width":{"unit":"px","top":"1","right":"1","bottom":"1","left":"1","isLinked":true},"link":{"url":"#","is_external":"true","nofollow":"","custom_attributes":""},"title":"Spacechiller","collection_id":"37829","alignment":"","image_alignment":"","image":{"url":"https:\/\/demo.artureanec.com\/themes\/etherium-dark\/wp-content\/uploads\/2023\/04\/Relaxing_Astronaut-1.jpg","id":3474,"size":"","alt":"","source":"library"},"image_thumbnail_size":"custom","image_thumbnail_custom_dimension":{"width":"750","height":"650"},"item_border_color":"#332B48","title_typography_typography":"custom","title_typography_font_family":"Plus Jakarta Sans"},"elements":[],"isInner":false,"widgetType":"etherium_collection","elType":"widget"},{"id":"229936c5","settings":{"gap":"wide","structure":"20","margin":{"unit":"px","top":"40","right":0,"bottom":"0","left":0,"isLinked":false}},"elements":[{"id":"5e47e741","settings":{"_column_size":50,"_inline_size":null,"_inline_size_mobile_extra":100},"elements":[{"id":"7cf3d49a","settings":{"item_border_border":"solid","item_border_width":{"unit":"px","top":"1","right":"1","bottom":"1","left":"1","isLinked":true},"link":{"url":"#","is_external":"true","nofollow":"","custom_attributes":""},"title":"PlanetBubbles","collection_id":"84592","alignment":"","image_alignment":"","image":{"url":"https:\/\/demo.artureanec.com\/themes\/etherium-dark\/wp-content\/uploads\/2023\/10\/collection-2.jpg","id":9789,"size":"","alt":"","source":"library"},"image_thumbnail_custom_dimension":{"width":"750","height":"650"},"item_border_color":"#332B48","title_typography_typography":"custom","title_typography_font_family":"Plus Jakarta Sans"},"elements":[],"isInner":false,"widgetType":"etherium_collection","elType":"widget"}],"isInner":true,"elType":"column"},{"id":"1170d7b","settings":{"_column_size":50,"_inline_size":null,"_inline_size_mobile_extra":100},"elements":[{"id":"7d19ed4","settings":{"item_border_border":"solid","item_border_width":{"unit":"px","top":"1","right":"1","bottom":"1","left":"1","isLinked":true},"link":{"url":"#","is_external":"true","nofollow":"","custom_attributes":""},"title":"Weird_dream","collection_id":"83901","alignment":"","image_alignment":"","image":{"url":"https:\/\/demo.artureanec.com\/themes\/etherium-dark\/wp-content\/uploads\/2023\/10\/collection-3.jpg","id":9796,"size":"","alt":"","source":"library"},"image_thumbnail_custom_dimension":{"width":"750","height":"650"},"item_border_color":"#332B48","title_typography_typography":"custom","title_typography_font_family":"Plus Jakarta Sans"},"elements":[],"isInner":false,"widgetType":"etherium_collection","elType":"widget"}],"isInner":true,"elType":"column"}],"isInner":true,"elType":"section"}],"isInner":false,"elType":"column"}],"isInner":false,"elType":"section"},{"id":"6df3fa74","settings":{"margin":{"unit":"px","top":"64","right":0,"bottom":"0","left":0,"isLinked":false},"margin_mobile":{"unit":"px","top":"30","right":0,"bottom":"0","left":0,"isLinked":false}},"elements":[{"id":"6b22788c","settings":{"_column_size":100,"_inline_size":null},"elements":[{"id":"2a33e727","settings":{"button_text":"See more","button_link":{"url":"#","is_external":"true","nofollow":"","custom_attributes":""},"button_width":{"unit":"px","size":187,"sizes":[]}},"elements":[],"isInner":false,"widgetType":"etherium_button","elType":"widget"}],"isInner":false,"elType":"column"}],"isInner":false,"elType":"section"},{"id":"13e8839d","settings":{"margin":{"unit":"px","top":"120","right":0,"bottom":"0","left":0,"isLinked":false},"z_index":2,"layout":"full_width","gap":"no","stretch_section":"section-stretched"},"elements":[{"id":"a6a7fdf","settings":{"_column_size":100,"_inline_size":null},"elements":[{"id":"1658f377","settings":{"structure":"30"},"elements":[{"id":"6934a5fc","settings":{"_column_size":33,"_inline_size":26,"_inline_size_tablet_extra":10,"hide_tablet":"hidden-tablet","hide_mobile_extra":"hidden-mobile_extra","hide_mobile":"hidden-mobile"},"elements":[],"isInner":true,"elType":"column"},{"id":"7868a853","settings":{"_column_size":33,"_inline_size":48,"_inline_size_tablet_extra":80,"_inline_size_tablet":100},"elements":[{"id":"594084cc","settings":{"heading":"<p>Explore Top <span style=\"text-decoration: underline;\">NFT\u2019s<\/span> in our marketplace<\/p>","subtitle":"This is subheading element","title_align":"center","title_typography_typography":"custom","title_typography_font_family":"Michroma","title_typography_font_size":{"unit":"px","size":50,"sizes":[]},"title_typography_line_height":{"unit":"em","size":1.3999999999999999,"sizes":[]},"title_typography_line_height_widescreen":{"unit":"em","size":"","sizes":[]},"title_typography_line_height_laptop":{"unit":"em","size":"","sizes":[]},"title_typography_line_height_tablet_extra":{"unit":"em","size":"","sizes":[]},"title_typography_line_height_mobile_extra":{"unit":"em","size":"","sizes":[]},"title_typography_letter_spacing":{"unit":"px","size":0,"sizes":[]},"heading_underline_image":{"url":"https:\/\/demo.artureanec.com\/themes\/etherium-dark\/wp-content\/uploads\/2023\/04\/Group-18311.png","id":3214,"size":"","alt":"","source":"library"},"_background_image":{"url":"","id":"","size":"","alt":"","source":"library"},"heading_underline_image_background":"classic","heading_underline_image_image":{"url":"https:\/\/demo.artureanec.com\/themes\/etherium-dark\/wp-content\/uploads\/2023\/03\/brush-6.png","id":1736,"size":"","alt":"","source":"library"},"add_underline_bg_image":"show","heading_underline_image_bg_width":{"unit":"%","size":54,"sizes":[]},"underline_image_height":{"unit":"px","size":32,"sizes":[]},"title_typography_font_size_tablet":{"unit":"px","size":35,"sizes":[]},"title_typography_font_size_mobile_extra":{"unit":"px","size":28,"sizes":[]}},"elements":[],"isInner":false,"widgetType":"etherium_heading","elType":"widget"}],"isInner":true,"elType":"column"},{"id":"193d4aba","settings":{"_column_size":33,"_inline_size":25.666,"_inline_size_tablet_extra":10,"hide_tablet":"hidden-tablet","hide_mobile_extra":"hidden-mobile_extra","hide_mobile":"hidden-mobile"},"elements":[],"isInner":true,"elType":"column"}],"isInner":true,"elType":"section"},{"id":"784299a1","settings":{"background_background":"classic","background_image":{"url":"https:\/\/demo.artureanec.com\/themes\/etherium-dark\/wp-content\/uploads\/2023\/04\/Ellipse-13.png","id":3750,"size":"","alt":"","source":"library"},"background_position":"center left","background_repeat":"no-repeat","margin":{"unit":"px","top":"50","right":0,"bottom":"0","left":0,"isLinked":false}},"elements":[{"id":"1e37c43c","settings":{"_column_size":100,"_inline_size":null},"elements":[{"id":"2624d96f","settings":{"product_shadow_box_shadow":{"horizontal":0,"vertical":0,"blur":10,"spread":0,"color":""},"button_bg_background":"classic","button_bg_hover_color":"#242848","paginate":"","border_color":"#332B48","border_color_hover":"#332B48","bid_label_color":"#425368","skus":"1,2,3,104"},"elements":[],"isInner":false,"widgetType":"etherium_products","elType":"widget"},{"id":"130a57fe","settings":{"_margin":{"unit":"px","top":"40","right":"0","bottom":"0","left":"0","isLinked":false},"product_shadow_box_shadow":{"horizontal":0,"vertical":0,"blur":10,"spread":0,"color":""},"button_bg_background":"classic","button_bg_hover_color":"#242848","paginate":"","border_color":"#332B48","border_color_hover":"#332B48","bid_label_color":"#425368","skus":"300,301,302,303"},"elements":[],"isInner":false,"widgetType":"etherium_products","elType":"widget"},{"id":"749d6b46","settings":{"button_text":"More projects","button_link":{"url":"https:\/\/demo.artureanec.com\/themes\/etherium-dark\/shop\/","is_external":"true","nofollow":"","custom_attributes":""},"button_padding":{"unit":"px","top":"16","right":"47","bottom":"17","left":"47","isLinked":false},"_margin":{"unit":"px","top":"60","right":"0","bottom":"0","left":"0","isLinked":false}},"elements":[],"isInner":false,"widgetType":"etherium_button","elType":"widget"}],"isInner":true,"elType":"column"}],"isInner":true,"elType":"section"}],"isInner":false,"elType":"column"}],"isInner":false,"elType":"section"},{"id":"34105e5e","settings":{"stretch_section":"section-stretched","background_background":"classic","background_image":{"url":"https:\/\/demo.artureanec.com\/themes\/etherium-dark\/wp-content\/uploads\/2023\/10\/nft-collections-bg.jpg","id":9935,"size":"","alt":"","source":"library"},"background_position":"center center","background_repeat":"no-repeat","background_size":"cover","margin":{"unit":"px","top":"","right":0,"bottom":"","left":0,"isLinked":true},"padding":{"unit":"px","top":"110","right":"0","bottom":"140","left":"0","isLinked":false},"padding_mobile_extra":{"unit":"px","top":"100","right":"0","bottom":"100","left":"0","isLinked":false}},"elements":[{"id":"42da91bc","settings":{"_column_size":100,"_inline_size":null},"elements":[{"id":"799509a4","settings":{"structure":"30"},"elements":[{"id":"40292f35","settings":{"_column_size":33,"_inline_size":25},"elements":[],"isInner":true,"elType":"column"},{"id":"717136be","settings":{"_column_size":33,"_inline_size":50},"elements":[{"id":"542f1839","settings":{"heading":"<p>Discover rare digital art <span style=\"text-decoration: underline;\">and collect<\/span> it<\/p>","subtitle":"This is subheading element","title_align":"center","title_typography_typography":"custom","title_typography_font_size":{"unit":"px","size":50,"sizes":[]},"title_typography_font_size_tablet":{"unit":"px","size":35,"sizes":[]},"title_typography_font_size_mobile_extra":{"unit":"px","size":28,"sizes":[]},"title_typography_line_height":{"unit":"em","size":1.3999999999999999,"sizes":[]},"title_typography_line_height_widescreen":{"unit":"em","size":"","sizes":[]},"title_typography_line_height_laptop":{"unit":"em","size":"","sizes":[]},"title_typography_line_height_tablet_extra":{"unit":"em","size":"","sizes":[]},"title_typography_line_height_mobile_extra":{"unit":"em","size":"","sizes":[]},"add_underline_bg_image":"show","heading_underline_image_background":"classic","heading_underline_image_image":{"url":"https:\/\/demo.artureanec.com\/themes\/etherium-dark\/wp-content\/uploads\/2023\/03\/brush-6.png","id":1736,"size":"","alt":"","source":"library"},"heading_underline_image_position":"initial","heading_underline_image_xpos":{"unit":"%","size":50,"sizes":[]},"heading_underline_image_xpos_widescreen":{"unit":"%","size":"","sizes":[]},"heading_underline_image_xpos_laptop":{"unit":"%","size":"","sizes":[]},"heading_underline_image_xpos_tablet_extra":{"unit":"%","size":"","sizes":[]},"heading_underline_image_xpos_tablet":{"unit":"%","size":0,"sizes":[]},"heading_underline_image_xpos_mobile_extra":{"unit":"%","size":50,"sizes":[]},"heading_underline_image_xpos_mobile":{"unit":"%","size":50,"sizes":[]},"heading_underline_image_ypos":{"unit":"em","size":0.40000000000000002,"sizes":[]},"heading_underline_image_ypos_widescreen":{"unit":"em","size":"","sizes":[]},"heading_underline_image_ypos_laptop":{"unit":"em","size":"","sizes":[]},"heading_underline_image_ypos_tablet_extra":{"unit":"em","size":"","sizes":[]},"heading_underline_image_ypos_tablet":{"unit":"em","size":0,"sizes":[]},"heading_underline_image_ypos_mobile_extra":{"unit":"em","size":0.29999999999999999,"sizes":[]},"heading_underline_image_ypos_mobile":{"unit":"em","size":0.29999999999999999,"sizes":[]},"heading_underline_image_size":"initial","heading_underline_image_bg_width":{"unit":"px","size":215,"sizes":[]},"heading_underline_image_bg_width_mobile_extra":{"unit":"px","size":150,"sizes":[]},"title_typography_letter_spacing":{"unit":"px","size":0,"sizes":[]}},"elements":[],"isInner":false,"widgetType":"etherium_heading","elType":"widget"}],"isInner":true,"elType":"column"},{"id":"585d6201","settings":{"_column_size":33,"_inline_size":24.332999999999998},"elements":[],"isInner":true,"elType":"column"}],"isInner":true,"elType":"section"},{"id":"2d3c8","settings":{"margin":{"unit":"px","top":"90","right":0,"bottom":"0","left":0,"isLinked":false}},"elements":[{"id":"4e52c2f6","settings":{"_column_size":100,"_inline_size":null},"elements":[{"id":"61830cfa","settings":{"due_date":"2024-01-25 15:27:04","view":"inline","view_days":"yes","labels_position":"bottom","custom_label":"yes","label_days":"Days","label_hours":"Hours","label_minutes":"Minutes","label_seconds":"Seconds","separator_align":"middle","title_typography_typography":"custom","box_width":{"unit":"px","size":120,"sizes":[]},"box_height":{"unit":"px","size":60,"sizes":[]},"digits_typography_typography":"custom","digits_typography_font_family":"Michroma","digits_typography_font_size":{"unit":"px","size":60,"sizes":[]},"label_typography_typography":"custom","label_typography_font_size":{"unit":"px","size":20,"sizes":[]},"label_typography_font_weight":"500","label_typography_line_height":{"unit":"px","size":24,"sizes":[]},"box_width_mobile_extra":{"unit":"px","size":100,"sizes":[]},"box_width_mobile":{"unit":"px","size":80,"sizes":[]},"box_height_mobile":{"unit":"px","size":50,"sizes":[]},"boxes_space":{"unit":"%","size":9,"sizes":[]},"boxes_space_widescreen":{"unit":"%","size":"","sizes":[]},"boxes_space_laptop":{"unit":"%","size":"","sizes":[]},"boxes_space_tablet_extra":{"unit":"%","size":"","sizes":[]},"boxes_space_tablet":{"unit":"%","size":"","sizes":[]},"boxes_space_mobile_extra":{"unit":"%","size":5,"sizes":[]},"boxes_space_mobile":{"unit":"%","size":0,"sizes":[]},"digits_typography_font_size_mobile_extra":{"unit":"px","size":30,"sizes":[]},"digits_typography_font_size_mobile":{"unit":"px","size":25,"sizes":[]},"label_typography_font_size_mobile":{"unit":"px","size":16,"sizes":[]},"label_margin":{"unit":"px","size":50,"sizes":[]},"label_margin_mobile_extra":{"unit":"px","size":20,"sizes":[]},"label_margin_mobile":{"unit":"px","size":10,"sizes":[]}},"elements":[],"isInner":false,"widgetType":"etherium_countdown","elType":"widget"}],"isInner":true,"elType":"column"}],"isInner":true,"elType":"section"},{"id":"69649fa5","settings":{"button_text":"Start Collecting","button_link":{"url":"https:\/\/demo.artureanec.com\/themes\/etherium-dark\/shop\/","is_external":"true","nofollow":"","custom_attributes":""},"button_padding":{"unit":"px","top":"16","right":"41","bottom":"17","left":"41","isLinked":false},"_margin":{"unit":"px","top":"60","right":"0","bottom":"0","left":"0","isLinked":false}},"elements":[],"isInner":false,"widgetType":"etherium_button","elType":"widget"}],"isInner":false,"elType":"column"}],"isInner":false,"elType":"section"},{"id":"c096609","settings":{"stretch_section":"section-stretched","background_background":"classic","background_image":{"url":"https:\/\/demo.artureanec.com\/themes\/etherium-dark\/wp-content\/uploads\/2023\/06\/vawe_back_2-2.png","id":4499,"size":"","alt":"","source":"library"},"background_position":"top center","background_repeat":"no-repeat","background_size":"initial","background_overlay_background":"classic","background_overlay_image":{"url":"https:\/\/demo.artureanec.com\/themes\/etherium-dark\/wp-content\/uploads\/2023\/04\/Ellipse-13.png","id":3750,"size":"","alt":"","source":"library"},"background_overlay_position":"initial","background_overlay_ypos":{"unit":"px","size":-350,"sizes":[]},"background_overlay_ypos_widescreen":{"unit":"%","size":"","sizes":[]},"background_overlay_ypos_laptop":{"unit":"%","size":"","sizes":[]},"background_overlay_ypos_tablet_extra":{"unit":"%","size":"","sizes":[]},"background_overlay_ypos_tablet":{"unit":"%","size":0,"sizes":[]},"background_overlay_ypos_mobile_extra":{"unit":"%","size":"","sizes":[]},"background_overlay_ypos_mobile":{"unit":"%","size":0,"sizes":[]},"background_overlay_repeat":"no-repeat","background_overlay_opacity":{"unit":"px","size":0.69999999999999996,"sizes":[]},"margin":{"unit":"px","top":"0","right":0,"bottom":"0","left":0,"isLinked":true},"padding":{"unit":"px","top":"130","right":"0","bottom":"0","left":"0","isLinked":false}},"elements":[{"id":"16dede","settings":{"_column_size":100,"_inline_size":null},"elements":[{"id":"4a883d7d","settings":{"structure":"20","margin":{"unit":"px","top":"","right":0,"bottom":"","left":0,"isLinked":true},"margin_tablet_extra":{"unit":"px","top":"","right":0,"bottom":"","left":0,"isLinked":true},"margin_mobile_extra":{"unit":"px","top":"","right":0,"bottom":"","left":0,"isLinked":true}},"elements":[{"id":"483e2468","settings":{"_column_size":50,"_inline_size":40},"elements":[{"id":"775da129","settings":{"heading":"<p>Create &amp; sell your <span style=\"text-decoration: underline;\">NFTs<\/span><\/p>","subtitle":"This is subheading element","title_align":"","title_typography_typography":"custom","title_typography_font_family":"Michroma","title_typography_font_size":{"unit":"px","size":50,"sizes":[]},"title_typography_line_height":{"unit":"em","size":1.3999999999999999,"sizes":[]},"title_typography_line_height_widescreen":{"unit":"em","size":"","sizes":[]},"title_typography_line_height_laptop":{"unit":"em","size":"","sizes":[]},"title_typography_line_height_tablet_extra":{"unit":"em","size":"","sizes":[]},"title_typography_line_height_mobile_extra":{"unit":"em","size":"","sizes":[]},"title_typography_letter_spacing":{"unit":"px","size":0,"sizes":[]},"heading_underline_image":{"url":"https:\/\/demo.artureanec.com\/themes\/etherium-dark\/wp-content\/uploads\/2023\/04\/Group-18311.png","id":3214,"size":"","alt":"","source":"library"},"_background_image":{"url":"","id":"","size":"","alt":"","source":"library"},"heading_underline_image_background":"classic","heading_underline_image_image":{"url":"https:\/\/demo.artureanec.com\/themes\/etherium-dark\/wp-content\/uploads\/2023\/03\/brush-6.png","id":1736,"size":"","alt":"","source":"library"},"add_underline_bg_image":"show","heading_underline_image_bg_width":{"unit":"%","size":54,"sizes":[]},"underline_image_height":{"unit":"px","size":32,"sizes":[]},"title_typography_font_size_tablet":{"unit":"px","size":35,"sizes":[]},"title_typography_font_size_mobile_extra":{"unit":"px","size":28,"sizes":[]}},"elements":[],"isInner":false,"widgetType":"etherium_heading","elType":"widget"}],"isInner":true,"elType":"column"},{"id":"59042aac","settings":{"_column_size":50,"_inline_size":60},"elements":[],"isInner":true,"elType":"column"}],"isInner":true,"elType":"section"},{"id":"6b51f1e1","settings":{"structure":"30","margin":{"unit":"px","top":"50","right":0,"bottom":"0","left":0,"isLinked":false},"gap":"wide"},"elements":[{"id":"136d5f98","settings":{"_column_size":33,"_inline_size":null},"elements":[{"id":"32c4bf4","settings":{"icon_position":"left","title":"Set up your wallet","info":"<p>Aallan wrasse climbing gourami amur pike Arctic char,steelhead .<\/p>","icon_type":"svg","svg_icon":"<svg viewBox=\"0 0 94 83\" xmlns=\"http:\/\/www.w3.org\/2000\/svg\">\n<path d=\"M70.2447 83H23.7547C23.609 83 23.3175 82.8533 23.3175 82.7066L0.145435 42.3667C-0.000301294 42.0733 -0.000301294 41.9267 0.145435 41.78L23.3175 1.29338C23.3175 1.14669 23.609 1 23.7547 1H70.2447C70.3904 1 70.6819 1.14669 70.6819 1.29338L93.854 41.78C93.9997 41.9267 93.9997 42.22 93.854 42.3667L70.6819 82.8533C70.5361 83 70.3904 83 70.2447 83ZM24.0462 81.9732H69.9532L92.8338 42.0733L69.9532 2.17352H24.0462L1.16559 42.0733L24.0462 81.9732Z\"\/>\n<path d=\"M6.84934 53.6619C6.70361 53.6619 6.70361 53.6619 6.55787 53.5152C6.2664 53.3686 6.2664 53.0752 6.41213 52.7818L35.9966 1.29342C36.1424 1.00004 36.4338 0.853353 36.7253 1.14673C37.0168 1.29342 37.0168 1.58681 36.871 1.88019L7.43229 53.3686C7.28655 53.5152 7.14082 53.6619 6.84934 53.6619Z\"\/>\n<path d=\"M56.2541 82.9999C56.1084 82.9999 56.1084 82.9999 55.9627 82.9999C55.6712 82.8532 55.6712 82.5599 55.8169 82.2665L85.9844 29.4579C86.1301 29.1645 86.4216 29.1645 86.713 29.3112C87.0045 29.4579 87.0045 29.7513 86.8588 30.0447L56.6913 82.8532C56.5456 82.9999 56.3999 82.9999 56.2541 82.9999Z\"\/>\n<path d=\"M23.7546 83.0002C23.6089 83.0002 23.6089 83.0002 23.4631 82.8535C23.1717 82.7068 23.1717 82.4134 23.3174 82.1201L49.6957 36.9394C49.8414 36.7927 49.9872 36.646 50.1329 36.646C50.2786 36.646 50.5701 36.7927 50.5701 36.9394L75.1996 74.3455C75.3453 74.6388 75.3453 74.9322 75.0538 75.0789C74.7624 75.2256 74.4709 75.2256 74.3252 74.9322L50.2786 38.2596L24.1918 82.8535C24.1918 83.0002 23.9004 83.0002 23.7546 83.0002Z\"\/>\n<path d=\"M49.9874 26.0843C46.6355 26.0843 44.0122 23.4439 44.0122 20.07C44.0122 16.6961 46.6355 14.0557 49.9874 14.0557C53.3393 14.0557 55.9626 16.6961 55.9626 20.07C55.9626 23.2972 53.3393 26.0843 49.9874 26.0843ZM49.9874 15.0825C47.2184 15.0825 45.0324 17.2829 45.0324 20.07C45.0324 22.8571 47.2184 25.0575 49.9874 25.0575C52.7564 25.0575 54.9424 22.8571 54.9424 20.07C54.9424 17.2829 52.7564 15.0825 49.9874 15.0825Z\"\/>\n<\/svg>\n","icon_box_align":"","icon_container_size":{"unit":"px","size":94,"sizes":[]},"icon_svg_size":{"unit":"px","size":94,"sizes":[]},"icon_svg_color":"#FFFFFF","icon_margin":{"unit":"px","top":"0","right":"20","bottom":"0","left":"0","isLinked":false},"title_typography_typography":"custom","title_typography_font_family":"Plus Jakarta Sans","title_typography_letter_spacing":{"unit":"px","size":0,"sizes":[]},"info_margin":{"unit":"px","size":10,"sizes":[]},"icon_position_tablet":"top","icon_margin_tablet":{"unit":"px","top":"0","right":"0","bottom":"20","left":"0","isLinked":false}},"elements":[],"isInner":false,"widgetType":"etherium_icon_box","elType":"widget"}],"isInner":true,"elType":"column"},{"id":"1d13359e","settings":{"_column_size":33,"_inline_size":null},"elements":[{"id":"3a77976e","settings":{"icon_position":"left","title":"Create your collection","info":"<p>Flier bighead carp devario shortnose sucker platy smalleye squaretail zebra.<\/p>","icon_type":"svg","svg_icon":"<svg viewBox=\"0 0 79 79\" xmlns=\"http:\/\/www.w3.org\/2000\/svg\">\n<path d=\"M39.0718 78.1366C17.5249 78.1366 0 60.5811 0 39.1403C0 17.6995 17.5249 0 39.0718 0C60.6188 0 78.1436 17.5556 78.1436 39.1403C78.1436 60.725 60.4751 78.1366 39.0718 78.1366ZM39.0718 1.15118C18.0994 1.15118 1.14917 18.1311 1.14917 39.1403C1.14917 60.1494 18.0994 77.1293 39.0718 77.1293C60.0442 77.1293 76.9945 60.1494 76.9945 39.1403C76.9945 18.1311 59.9006 1.15118 39.0718 1.15118Z\"\/>\n<path d=\"M70.3865 79.0002C70.2429 79.0002 70.0992 79.0002 69.9556 78.8563L31.4583 40.2916C31.3147 40.1477 31.3147 39.716 31.4583 39.5721L70.8174 0.144056C70.9611 0.000158317 71.392 0.000158317 71.5357 0.144056C71.6793 0.287954 71.6793 0.719648 71.5357 0.863546L32.6075 39.8599L70.6738 77.9929C70.8174 78.1368 70.8174 78.5685 70.6738 78.7124C70.5301 79.0002 70.3865 79.0002 70.3865 79.0002Z\"\/>\n<path d=\"M28.8731 76.8415C28.7295 76.8415 28.5859 76.8415 28.4422 76.6976C28.2986 76.5537 28.2986 76.122 28.4422 75.9781L75.2709 29.0674C75.4146 28.9235 75.8455 28.9235 75.9892 29.0674C76.1328 29.2113 76.1328 29.643 75.9892 29.7869L29.3041 76.6976C29.1604 76.6976 29.0168 76.8415 28.8731 76.8415Z\"\/>\n<path d=\"M0.574807 39.5721C0.43116 39.5721 0.287514 39.5721 0.143868 39.4282C0.000221211 39.2843 0.000221211 38.8526 0.143868 38.7087L38.6411 0.144056C38.7848 0.000158317 39.2157 0.000158317 39.3593 0.144056C39.503 0.287954 39.503 0.719648 39.3593 0.863546L0.8621 39.4282C0.8621 39.5721 0.718453 39.5721 0.574807 39.5721Z\"\/>\n<path d=\"M46.8285 44.7523C43.9556 44.7523 41.6572 42.4499 41.6572 39.5719C41.6572 36.694 43.9556 34.3916 46.8285 34.3916C49.7014 34.3916 51.9998 36.694 51.9998 39.5719C51.9998 42.306 49.7014 44.7523 46.8285 44.7523ZM46.8285 35.3989C44.5302 35.3989 42.6628 37.2696 42.6628 39.5719C42.6628 41.8743 44.5302 43.745 46.8285 43.745C49.1268 43.745 50.9942 41.8743 50.9942 39.5719C50.9942 37.2696 49.1268 35.3989 46.8285 35.3989Z\"\/>\n<\/svg>\n","icon_box_align":"","icon_container_size":{"unit":"px","size":79,"sizes":[]},"icon_svg_size":{"unit":"px","size":79,"sizes":[]},"icon_svg_color":"#FFFFFF","icon_margin":{"unit":"px","top":"5","right":"35","bottom":"0","left":"0","isLinked":false},"title_typography_typography":"custom","title_typography_font_family":"Plus Jakarta Sans","title_typography_letter_spacing":{"unit":"px","size":0,"sizes":[]},"info_margin":{"unit":"px","size":10,"sizes":[]},"icon_position_tablet":"top","icon_margin_tablet":{"unit":"px","top":"5","right":"0","bottom":"30","left":"0","isLinked":false}},"elements":[],"isInner":false,"widgetType":"etherium_icon_box","elType":"widget"}],"isInner":true,"elType":"column"},{"id":"47ac3df","settings":{"_column_size":33,"_inline_size":null},"elements":[{"id":"1c190f17","settings":{"icon_position":"left","title":"Add your NFTs","info":"<p>Devario shortnose sucker platy smalleye squaretail zebra turkeyfish.<\/p>","icon_type":"svg","svg_icon":"<svg viewBox=\"0 0 73 83\" xmlns=\"http:\/\/www.w3.org\/2000\/svg\">\n<path d=\"M26.0392 83C11.7402 83 0 71.3141 0 57.0812V25.9188C0 11.6859 11.7402 0 26.0392 0C40.3381 0 52.0784 11.6859 52.0784 25.9188V57.0812C52.0784 71.3141 40.3381 83 26.0392 83ZM26.0392 1.19856C12.3423 1.19856 1.20412 12.2852 1.20412 25.9188V57.0812C1.20412 70.7148 12.3423 81.8014 26.0392 81.8014C39.7361 81.8014 50.8742 70.7148 50.8742 57.0812V25.9188C50.8742 12.2852 39.7361 1.19856 26.0392 1.19856Z\"\/>\n<path d=\"M46.9611 83C32.6621 83 20.9219 71.3141 20.9219 57.0812V25.9188C20.9219 11.6859 32.6621 0 46.9611 0C61.26 0 73.0002 11.6859 73.0002 25.9188V57.0812C73.0002 71.3141 61.4105 83 46.9611 83ZM46.9611 1.19856C33.2641 1.19856 22.126 12.2852 22.126 25.9188V57.0812C22.126 70.7148 33.2641 81.8014 46.9611 81.8014C60.658 81.8014 71.7961 70.7148 71.7961 57.0812V25.9188C71.9466 12.2852 60.658 1.19856 46.9611 1.19856Z\"\/>\n<path d=\"M36.5752 80.7529C36.2742 80.7529 35.9731 80.4532 35.9731 80.1536V41.5002C35.9731 41.2005 36.2742 40.9009 36.5752 40.9009C36.8762 40.9009 37.1773 41.2005 37.1773 41.5002V80.1536C37.0268 80.4532 36.8762 80.7529 36.5752 80.7529Z\"\/>\n<path d=\"M36.5752 42.0995C33.4144 42.0995 30.7051 39.5526 30.7051 36.2565C30.7051 32.9605 33.2638 30.4136 36.5752 30.4136C39.8865 30.4136 42.4453 32.9605 42.4453 36.2565C42.4453 39.5526 39.736 42.0995 36.5752 42.0995ZM36.5752 31.4623C34.0164 31.4623 31.9092 33.5598 31.9092 36.1067C31.9092 38.6536 34.0164 40.7511 36.5752 40.7511C39.1339 40.7511 41.2412 38.6536 41.2412 36.1067C41.2412 33.5598 39.1339 31.4623 36.5752 31.4623Z\"\/>\n<\/svg>\n","icon_box_align":"","icon_container_size":{"unit":"px","size":83,"sizes":[]},"icon_svg_size":{"unit":"px","size":83,"sizes":[]},"icon_svg_color":"#FFFFFF","icon_margin":{"unit":"px","top":"5","right":"40","bottom":"0","left":"0","isLinked":false},"title_typography_typography":"custom","title_typography_font_family":"Plus Jakarta Sans","title_typography_letter_spacing":{"unit":"px","size":0,"sizes":[]},"info_margin":{"unit":"px","size":10,"sizes":[]},"icon_position_tablet":"top","icon_margin_tablet":{"unit":"px","top":"5","right":"0","bottom":"26","left":"0","isLinked":false}},"elements":[],"isInner":false,"widgetType":"etherium_icon_box","elType":"widget"}],"isInner":true,"elType":"column"}],"isInner":true,"elType":"section"},{"id":"2145965f","settings":{"gap":"wide","structure":"20"},"elements":[{"id":"4d063923","settings":{"_column_size":50,"_inline_size":null,"_inline_size_mobile_extra":100},"elements":[{"id":"718d4ef5","settings":{"image":{"url":"https:\/\/demo.artureanec.com\/themes\/etherium-dark\/wp-content\/uploads\/2023\/10\/descomposition-person-wearing-vr-glasses-3.jpg","id":10010,"size":"","alt":"","source":"library"},"image_size":"full","align":"left","space":{"unit":"%","size":100,"sizes":[]},"space_tablet":{"unit":"px","size":"","sizes":[]},"space_mobile":{"unit":"px","size":"","sizes":[]},"width":{"unit":"px","size":535,"sizes":[]},"width_tablet":{"unit":"px","size":"","sizes":[]},"width_mobile":{"unit":"px","size":"","sizes":[]},"space_widescreen":{"unit":"%","size":"","sizes":[]},"space_laptop":{"unit":"%","size":"","sizes":[]},"space_tablet_extra":{"unit":"%","size":"","sizes":[]},"image_style":"clip","image_clip_offset_x":{"unit":"%","size":"","sizes":[]},"image_clip_offset_y":{"unit":"%","size":"","sizes":[]}},"elements":[],"isInner":false,"widgetType":"image","elType":"widget"}],"isInner":true,"elType":"column"},{"id":"3210b3da","settings":{"_column_size":50,"_inline_size":null,"_inline_size_mobile_extra":100},"elements":[{"id":"7d7ad0ae","settings":{"heading":"<p>List your <span style=\"text-decoration: underline;\">NFTs<\/span> on Etherium<\/p>","subtitle":"This is subheading element","title_align":"","title_typography_typography":"custom","title_typography_font_family":"Michroma","title_typography_font_size":{"unit":"px","size":50,"sizes":[]},"title_typography_line_height":{"unit":"em","size":1.3999999999999999,"sizes":[]},"title_typography_line_height_widescreen":{"unit":"em","size":"","sizes":[]},"title_typography_line_height_laptop":{"unit":"em","size":"","sizes":[]},"title_typography_line_height_tablet_extra":{"unit":"em","size":"","sizes":[]},"title_typography_line_height_mobile_extra":{"unit":"em","size":"","sizes":[]},"title_typography_letter_spacing":{"unit":"px","size":0,"sizes":[]},"heading_underline_image":{"url":"https:\/\/demo.artureanec.com\/themes\/etherium-dark\/wp-content\/uploads\/2023\/04\/Group-18311.png","id":3214,"size":"","alt":"","source":"library"},"_background_image":{"url":"","id":"","size":"","alt":"","source":"library"},"heading_underline_image_background":"classic","heading_underline_image_image":{"url":"https:\/\/demo.artureanec.com\/themes\/etherium-dark\/wp-content\/uploads\/2023\/03\/brush-6.png","id":1736,"size":"","alt":"","source":"library"},"add_underline_bg_image":"show","heading_underline_image_bg_width":{"unit":"%","size":54,"sizes":[]},"underline_image_height":{"unit":"px","size":32,"sizes":[]},"title_typography_font_size_tablet":{"unit":"px","size":35,"sizes":[]},"title_typography_font_size_mobile_extra":{"unit":"px","size":28,"sizes":[]},"_margin":{"unit":"px","top":"-15","right":"0","bottom":"0","left":"0","isLinked":false},"_padding":{"unit":"%","top":"0","right":"15","bottom":"0","left":"0","isLinked":false},"_padding_widescreen":{"unit":"%","top":"","right":"","bottom":"","left":"","isLinked":true},"_padding_laptop":{"unit":"%","top":"","right":"","bottom":"","left":"","isLinked":true},"_padding_tablet_extra":{"unit":"%","top":"","right":"","bottom":"","left":"","isLinked":true},"_padding_tablet":{"unit":"%","top":"","right":"","bottom":"","left":"","isLinked":true},"_padding_mobile_extra":{"unit":"%","top":"","right":"","bottom":"","left":"","isLinked":true},"_padding_mobile":{"unit":"%","top":"","right":"","bottom":"","left":"","isLinked":true},"_margin_mobile":{"unit":"px","top":"0","right":"0","bottom":"0","left":"0","isLinked":true}},"elements":[],"isInner":false,"widgetType":"etherium_heading","elType":"widget"},{"id":"1a8c998a","settings":{"editor":"<p><strong>Flier bighead carp devario shortnose sucker platy smalleye squaretail zebra. Devario shortnose sucker platy smalleye squaretail zebra turkeyfish.<\/strong><\/p><p>Temperate ocean-bass sea chub unicorn fish treefish eulachon tidewater goby. Flier, bighead carp Devario shortnose sucker platy: smalleye squaretail zebra turkeyfish yellowfin grouper?<\/p>","_margin":{"unit":"px","top":"20","right":"0","bottom":"25","left":"0","isLinked":false}},"elements":[],"isInner":false,"widgetType":"text-editor","elType":"widget"},{"id":"23a36bde","settings":{"ending_number":15,"suffix":"k","title":"Awesome sales","info_align":"","_element_width":"auto","typography_number_typography":"custom","typography_number_font_family":"Michroma"},"elements":[],"isInner":false,"widgetType":"counter","elType":"widget"},{"id":"3d4743f5","settings":{"ending_number":2,"suffix":"k","title":"Collectors","info_align":"","_margin":{"unit":"px","top":"0","right":"0","bottom":"0","left":"60","isLinked":false},"_element_width":"auto","_margin_tablet_extra":{"unit":"px","top":"0","right":"0","bottom":"0","left":"20","isLinked":false},"typography_number_typography":"custom","typography_number_font_family":"Michroma"},"elements":[],"isInner":false,"widgetType":"counter","elType":"widget"},{"id":"ca7fb2e","settings":{"button_text":"Discover","button_link":{"url":"https:\/\/demo.artureanec.com\/themes\/etherium-dark\/shop\/","is_external":"true","nofollow":"","custom_attributes":""},"button_padding":{"unit":"px","top":"16","right":"49","bottom":"17","left":"49","isLinked":false},"_margin":{"unit":"px","top":"50","right":"0","bottom":"0","left":"0","isLinked":false},"button_align":"","button_width":{"unit":"px","size":187,"sizes":[]}},"elements":[],"isInner":false,"widgetType":"etherium_button","elType":"widget"}],"isInner":true,"elType":"column"}],"isInner":true,"elType":"section"}],"isInner":false,"elType":"column"}],"isInner":false,"elType":"section"},{"id":"1dd2110b","settings":{"layout":"full_width","gap":"no","stretch_section":"section-stretched"},"elements":[{"id":"68b2f931","settings":{"_column_size":100,"_inline_size":null},"elements":[{"id":"317f3733","settings":{"structure":"20","gap":"wide"},"elements":[{"id":"84b4090","settings":{"_column_size":50,"_inline_size":null,"_inline_size_mobile_extra":100},"elements":[{"id":"8ab4343","settings":{"heading":"<p>5 inspired <span style=\"text-decoration: underline;\">unique<\/span> artwork<\/p>","subtitle":"This is subheading element","title_typography_typography":"custom","title_typography_font_size":{"unit":"px","size":50,"sizes":[]},"title_typography_line_height":{"unit":"em","size":1.3999999999999999,"sizes":[]},"title_typography_line_height_widescreen":{"unit":"em","size":"","sizes":[]},"title_typography_line_height_laptop":{"unit":"em","size":"","sizes":[]},"title_typography_line_height_tablet_extra":{"unit":"em","size":"","sizes":[]},"title_typography_line_height_mobile_extra":{"unit":"em","size":"","sizes":[]},"title_typography_letter_spacing":{"unit":"em","size":0,"sizes":[]},"title_typography_letter_spacing_widescreen":{"unit":"em","size":"","sizes":[]},"title_typography_letter_spacing_laptop":{"unit":"em","size":"","sizes":[]},"title_typography_letter_spacing_tablet_extra":{"unit":"em","size":"","sizes":[]},"title_typography_letter_spacing_tablet":{"unit":"em","size":"","sizes":[]},"title_typography_letter_spacing_mobile_extra":{"unit":"em","size":"","sizes":[]},"title_typography_letter_spacing_mobile":{"unit":"em","size":"","sizes":[]},"title_typography_font_size_tablet":{"unit":"px","size":35,"sizes":[]},"add_underline_bg_image":"show","heading_underline_image_background":"classic","heading_underline_image_image":{"url":"https:\/\/demo.artureanec.com\/themes\/etherium-dark\/wp-content\/uploads\/2023\/03\/brush-6.png","id":1736,"size":"","alt":"","source":"library"},"heading_underline_image_position":"initial","heading_underline_image_xpos":{"unit":"%","size":0,"sizes":[]},"heading_underline_image_xpos_widescreen":{"unit":"%","size":"","sizes":[]},"heading_underline_image_xpos_laptop":{"unit":"%","size":"","sizes":[]},"heading_underline_image_xpos_tablet_extra":{"unit":"%","size":"","sizes":[]},"heading_underline_image_xpos_tablet":{"unit":"%","size":0,"sizes":[]},"heading_underline_image_xpos_mobile_extra":{"unit":"%","size":"","sizes":[]},"heading_underline_image_xpos_mobile":{"unit":"%","size":0,"sizes":[]},"heading_underline_image_ypos":{"unit":"em","size":0.5,"sizes":[]},"heading_underline_image_ypos_widescreen":{"unit":"%","size":"","sizes":[]},"heading_underline_image_ypos_laptop":{"unit":"%","size":"","sizes":[]},"heading_underline_image_ypos_tablet_extra":{"unit":"%","size":"","sizes":[]},"heading_underline_image_ypos_tablet":{"unit":"%","size":0,"sizes":[]},"heading_underline_image_ypos_mobile_extra":{"unit":"%","size":"","sizes":[]},"heading_underline_image_ypos_mobile":{"unit":"%","size":0,"sizes":[]}},"elements":[],"isInner":false,"widgetType":"etherium_heading","elType":"widget"},{"id":"67ed5f1e","settings":{"editor":"<p>Our main goal helps rem aperiam, et quasi architecto beatae vitae dicta sunt explicabo. Nemo enim ipsam voluptatem quia voluptas sit aspernatur aut odit aut fugit molestiae illum quim eum. Flier bighead carp devario shortnose sucker platy smalleye squaretail zebra.<\/p>","_margin":{"unit":"px","top":"20","right":"0","bottom":"30","left":"0","isLinked":false},"_padding":{"unit":"%","top":"","right":"","bottom":"","left":"","isLinked":true},"_padding_widescreen":{"unit":"%","top":"","right":"","bottom":"","left":"","isLinked":true},"_padding_laptop":{"unit":"%","top":"","right":"","bottom":"","left":"","isLinked":true},"_padding_tablet_extra":{"unit":"%","top":"","right":"","bottom":"","left":"","isLinked":true},"_padding_tablet":{"unit":"%","top":"","right":"","bottom":"","left":"","isLinked":true},"_padding_mobile_extra":{"unit":"%","top":"","right":"","bottom":"","left":"","isLinked":true},"_padding_mobile":{"unit":"%","top":"","right":"","bottom":"","left":"","isLinked":true}},"elements":[],"isInner":false,"widgetType":"text-editor","elType":"widget"},{"id":"5ab65886","settings":{"icon_type":"svg","svg_icon":"<svg viewBox=\"0 0 47 49\" fill=\"none\" xmlns=\"http:\/\/www.w3.org\/2000\/svg\">\n<path fill-rule=\"evenodd\" clip-rule=\"evenodd\" d=\"M2.46129 48.633C2.3917 48.6065 2.32215 48.58 2.25139 48.559C1.60591 48.3814 1.03634 47.9961 0.63012 47.4624C0.223896 46.9286 0.00345786 46.2759 0.00263642 45.6043C-0.00158185 37.7014 -0.000738196 29.7981 0.00516738 21.8944C0.00516738 20.7846 0.532873 19.9225 1.4668 19.332C1.68699 19.1924 1.79835 19.0654 1.80088 18.7848C1.8148 17.0973 2.74367 16.1856 4.42422 16.1805H5.89218C5.92387 15.8822 5.95574 15.5878 5.98733 15.2959C6.04151 14.7953 6.09492 14.3019 6.14528 13.8086C6.24174 12.8213 6.33701 11.8339 6.43227 10.8465L6.43237 10.8455C6.59701 9.13915 6.76169 7.43234 6.9324 5.72672C7.06908 4.36302 8.08779 3.50848 9.47729 3.63038C10.9298 3.75699 12.3823 3.90517 13.8348 4.05334C14.4071 4.11172 14.9794 4.1701 15.5516 4.22716C16.1617 4.28778 16.7717 4.34908 17.3819 4.41039C18.2157 4.49418 19.0502 4.57803 19.8846 4.66014C20.4401 4.71347 20.7578 4.99535 20.7223 5.42199C20.6856 5.87274 20.3111 6.09749 19.7378 6.04035C16.3151 5.70175 12.8924 5.36569 9.46969 5.03217C8.67497 4.95218 8.38644 5.182 8.30545 5.96798C8.10023 7.97174 7.90236 9.97683 7.70456 11.9813L7.70393 11.9877C7.62995 12.7374 7.55598 13.4871 7.48162 14.2365C7.38364 15.2565 7.28335 16.2776 7.18155 17.3142C7.13217 17.8169 7.08238 18.3239 7.03238 18.8356L7.13525 18.8407L7.12869 18.88H12.1633L12.169 18.8713L12.236 18.8737C12.5802 18.8864 12.7739 18.7556 12.9624 18.4788C16.6517 13.0163 20.3503 7.56066 24.0581 2.11176C24.1383 1.99414 24.2177 1.87596 24.2971 1.75778C24.456 1.52132 24.615 1.28474 24.7795 1.0528C25.5793 -0.082355 26.8549 -0.327416 28.0102 0.456016C30.5572 2.18541 33.1 3.92072 35.6386 5.66197C37.6844 7.06461 39.7307 8.46598 41.7774 9.86609C43.1251 10.7892 43.3479 12.0158 42.4253 13.3769C41.8154 14.2785 41.2041 15.18 40.5537 16.1374C40.6573 16.1479 40.7555 16.1565 40.8499 16.1647C41.0519 16.1824 41.2364 16.1985 41.4193 16.2288C42.5709 16.423 43.3833 17.3309 43.3782 18.4953C43.3782 19.0717 43.4693 19.52 43.9287 19.9466C44.5159 20.4938 44.707 21.2646 44.7057 22.0721V28.511C44.7958 28.511 44.8829 28.51 44.9686 28.509C45.1358 28.507 45.2977 28.5051 45.465 28.511C46.3154 28.544 46.9735 29.17 46.9836 30.0245C46.9996 32.5107 46.9996 34.9973 46.9836 37.4843C46.987 37.8705 46.8432 38.2433 46.5816 38.5266C46.32 38.8099 45.9604 38.9821 45.5764 39.008C45.4042 39.0253 45.2304 39.0201 45.039 39.0143C44.9364 39.0112 44.8285 39.008 44.7133 39.008V45.3554C44.7133 47.0404 43.8945 48.1209 42.2773 48.5907C42.2351 48.6098 42.1956 48.6341 42.1596 48.6631L2.55511 48.6682C2.52393 48.6569 2.49233 48.6448 2.46129 48.633ZM1.41435 43.6514H1.41112C1.41112 43.897 1.40686 44.1368 1.40268 44.3721C1.39339 44.8959 1.38447 45.3979 1.42377 45.8938C1.47819 46.5896 2.11599 47.1636 2.8158 47.2474C3.00415 47.2664 3.19347 47.274 3.38273 47.2702H41.3193C41.509 47.2743 41.6988 47.2662 41.8875 47.2461C42.5835 47.1585 43.2213 46.5833 43.2795 45.8875C43.3139 45.3999 43.3051 44.9071 43.2959 44.3946C43.2915 44.1531 43.2871 43.907 43.2871 43.6552H43.2856V41.1163V41.0999L43.2757 39.0283H36.9331C34.9932 39.0283 33.4227 38.2665 32.366 36.6234C31.2701 34.9156 31.1828 33.0923 32.1382 31.3019C33.0937 29.5116 34.6388 28.5694 36.6699 28.5237C38.0917 28.4917 39.5185 28.4989 40.945 28.5061C41.5562 28.5092 42.1677 28.5123 42.7784 28.5123H43.2846V26.8515H43.2856L43.3112 23.8884V23.8472V22.2829C43.3112 20.8684 42.6999 20.2513 41.2978 20.2513H3.41311C3.36038 20.2513 3.30751 20.2505 3.25464 20.2496C3.1489 20.2479 3.04316 20.2462 2.93855 20.2513C2.21216 20.3123 1.51489 20.8595 1.44528 21.5592C1.39992 22.0199 1.40435 22.4859 1.41435 22.9591V43.6514ZM19.7454 18.866H18.0464L18.037 18.88H14.6806L14.6933 18.8618C14.6038 18.8514 14.5097 18.8339 14.4101 18.8102C14.4538 18.7429 14.493 18.6798 14.5307 18.6187C14.575 18.5472 14.6175 18.4787 14.6632 18.4102C18.3753 12.9418 22.0874 7.47474 25.7994 2.00891C26.2841 1.29532 26.6726 1.21532 27.3724 1.69402C31.9096 4.79727 36.4455 7.89883 40.9801 10.9987C41.704 11.4939 41.7711 11.8799 41.2712 12.6164C40.9072 13.1526 40.5407 13.6875 40.1742 14.2224C39.2538 15.5656 38.3332 16.9092 37.4507 18.2769C37.1815 18.6935 36.8912 18.8652 36.5044 18.8694L36.4973 18.88H33.5605L33.556 18.8723C33.3724 18.8743 33.1887 18.8732 33.005 18.872C32.7609 18.8706 32.5166 18.8691 32.2724 18.8749C32.0054 18.8813 31.9421 18.7721 31.9041 18.5181C31.4815 15.6549 29.2403 13.6525 26.3676 13.5534C23.6836 13.4557 21.2792 15.3933 20.6894 18.1245C20.5287 18.866 20.5287 18.866 19.7454 18.866ZM40.8409 37.6405C41.2353 37.6405 41.6296 37.6389 42.0238 37.6373C43.0337 37.6332 44.0431 37.6291 45.0525 37.6519C45.5118 37.6633 45.6029 37.4983 45.6004 37.0818C45.584 34.8661 45.5802 32.6504 45.6004 30.4359C45.6004 29.9877 45.4574 29.8773 45.0335 29.8798C43.6395 29.8884 42.2459 29.888 40.8523 29.8877H40.8508C39.564 29.8874 38.2772 29.8871 36.9901 29.8938C36.612 29.8886 36.2346 29.9265 35.8651 30.0068C33.9896 30.4537 32.7014 32.2453 32.8975 34.0814C33.1228 36.132 34.6996 37.6075 36.7231 37.6367C37.6743 37.6498 38.6242 37.6466 39.5738 37.6434H39.5748C39.9969 37.6419 40.4189 37.6405 40.8409 37.6405ZM22.0005 18.8292H30.5159C30.445 16.7697 28.5253 14.9755 26.3854 14.9324C24.1214 14.8867 22.1625 16.6122 22.0005 18.8292ZM38.7504 18.866H41.9761C42.0596 18.1397 41.7685 17.6661 41.1953 17.5963C40.1917 17.4693 39.2414 17.4922 38.8301 18.6807C38.8243 18.6965 38.8174 18.7124 38.8022 18.7468C38.7907 18.773 38.7744 18.8102 38.7504 18.866ZM5.74918 17.6331C5.6995 17.6111 5.64718 17.5958 5.59353 17.5874C5.43614 17.5874 5.27875 17.5857 5.12141 17.584C4.80687 17.5806 4.49251 17.5772 4.17872 17.5874C3.4536 17.6077 3.09294 18.0953 3.25112 18.866C3.41548 18.866 3.58045 18.8665 3.74592 18.867L3.74743 18.867C4.29494 18.8686 4.84795 18.8702 5.40244 18.8546C5.46141 18.8381 5.51538 18.8072 5.55954 18.7646C5.60371 18.7221 5.63669 18.6693 5.65554 18.6108C5.69841 18.3705 5.71451 18.1309 5.73063 17.8909C5.7364 17.805 5.74218 17.7191 5.74918 17.6331Z\" fill=\"url(#paint0_linear_2637_2277)\"\/>\n<defs>\n<linearGradient id=\"paint0_linear_2637_2277\" x1=\"54.2257\" y1=\"38.8221\" x2=\"-5.89561\" y2=\"24.1366\" gradientUnits=\"userSpaceOnUse\">\n<stop stop-color=\"#8EC4E9\"\/>\n<stop offset=\"0.322917\" stop-color=\"#F5D6CE\"\/>\n<stop offset=\"0.692708\" stop-color=\"#D4ADC9\"\/>\n<stop offset=\"1\" stop-color=\"#6960AA\"\/>\n<\/linearGradient>\n<\/defs>\n<\/svg>\n","icon_position":"left","icon_vertical_position":"middle","icon_box_align":"left","title":"","info":"<p>Redeem rewards to offset eligible purchases made on your credit card account.<\/p>","icon_container_size":{"unit":"px","size":56,"sizes":[]},"icon_svg_size":{"unit":"px","size":49,"sizes":[]},"icon_margin":{"unit":"px","top":"0","right":"60","bottom":"0","left":"0","isLinked":false},"info_typography_typography":"custom","info_typography_font_weight":"500","_padding":{"unit":"%","top":"0","right":"10","bottom":"0","left":"0","isLinked":false},"_padding_widescreen":{"unit":"%","top":"","right":"","bottom":"","left":"","isLinked":true},"_padding_laptop":{"unit":"%","top":"","right":"","bottom":"","left":"","isLinked":true},"_padding_tablet_extra":{"unit":"%","top":"","right":"","bottom":"","left":"","isLinked":true},"_padding_tablet":{"unit":"%","top":"","right":"","bottom":"","left":"","isLinked":true},"_padding_mobile_extra":{"unit":"%","top":"","right":"","bottom":"","left":"","isLinked":true},"_padding_mobile":{"unit":"%","top":"","right":"","bottom":"","left":"","isLinked":true}},"elements":[],"isInner":false,"widgetType":"etherium_icon_box","elType":"widget"},{"id":"5a4b122","settings":{"icon_type":"svg","svg_icon":"<svg viewBox=\"0 0 56 44\" fill=\"none\" xmlns=\"http:\/\/www.w3.org\/2000\/svg\">\n<path d=\"M20.0889 5L18.3572 5C18.3572 7.41177 18.3611 9.82417 18.3611 12.2361H6V13.9599H18.3528V21.007H6L6 22.7184H18.3762V29.7807H6V31.5126H18.3748L18.3685 38H20.0889C20.0889 27.2978 20.0889 14.6825 20.0889 5Z\" fill=\"url(#paint0_linear_2637_2275)\"\/>\n<path d=\"M37.6197 31.5099V38H35.9564V15.3322C35.9408 14.951 35.9726 14.5693 36.0511 14.1959C36.3653 12.9608 37.3644 12.2746 38.8164 12.2746C42.2106 12.2696 45.6051 12.2691 49 12.2731V13.9146H38.7766C37.9216 13.9146 37.6032 14.2535 37.6005 15.125C37.595 16.9475 37.595 18.7701 37.6005 20.5926C37.6073 20.7346 37.622 20.8762 37.6444 21.0166H49V22.7239H37.6362V29.7971H49V31.5099H37.6197Z\" fill=\"url(#paint1_linear_2637_2275)\"\/>\n<path fill-rule=\"evenodd\" clip-rule=\"evenodd\" d=\"M0 38.3827V5.35229C0.0321486 5.28817 0.0592217 5.22164 0.0809705 5.15329C0.833035 1.81154 3.08099 0 6.48862 0H49.687C53.2923 0 55.9931 2.61576 55.9931 6.14689C56.0069 16.6282 56.0041 27.1091 55.9849 37.5895C55.9806 38.2622 55.8723 38.9302 55.6638 39.5699C54.817 42.1664 52.5183 43.7323 49.6335 43.7337H6.37883C6.17846 43.7337 5.97672 43.7337 5.77772 43.7199C3.51878 43.5388 1.79782 42.4848 0.725989 40.4811C0.488424 40.039 0.346053 39.5457 0.20368 39.0524C0.138791 38.8276 0.0739019 38.6027 0 38.3827ZM12.184 1.6743H27.1429L28.457 1.66607H28.8488H43.8078H44.0547L45.0352 1.64823H45.5274C45.8547 1.64823 46.1817 1.64548 46.5085 1.64273C47.1613 1.63725 47.8131 1.63177 48.4643 1.64823C48.6669 1.65455 48.871 1.65644 49.0753 1.65832C49.7139 1.66422 50.3552 1.67015 50.9634 1.81154C52.8463 2.24659 54.0773 3.69033 54.2941 5.61167C54.3765 6.34314 54.3079 7.09109 54.3079 7.85963L54.3257 9.56961V16.6264L54.3312 18.3364V25.389L54.3175 27.1086V34.1723V35.8477C54.3175 38.6804 53.8769 41.0822 51.0087 41.9207C50.7475 42.0025 50.4765 42.0487 50.2031 42.058H45.5274L28.8543 42.0635H12.184C10.0806 42.0185 7.95365 42.1307 5.85526 42L5 41.9201C3.25294 41.6519 1.92693 40.0438 1.72371 38.2455C1.66352 37.7198 1.67874 37.1863 1.69428 36.6416C1.70141 36.3914 1.70861 36.1389 1.70861 35.8836L1.68803 34.1723V27.1182L1.67019 25.4041V18.3323L1.67293 16.614V9.56138L1.65646 7.85139C1.65526 7.67787 1.65203 7.50459 1.64882 7.33176C1.62645 6.12946 1.60449 4.94898 2.26443 3.86188C3.0014 2.6583 4.04303 1.83625 5.45247 1.74567C6.60849 1.673 7.7705 1.6896 8.94315 1.70635C9.45358 1.71364 9.96603 1.72097 10.4809 1.72097L12.184 1.6743Z\" fill=\"url(#paint2_linear_2637_2275)\"\/>\n<defs>\n<linearGradient id=\"paint0_linear_2637_2275\" x1=\"56.0017\" y1=\"35.6437\" x2=\"-4.94638\" y2=\"13.8036\" gradientUnits=\"userSpaceOnUse\">\n<stop stop-color=\"#62B1E8\"\/>\n<stop offset=\"0.322917\" stop-color=\"#FBBCAC\"\/>\n<stop offset=\"0.692708\" stop-color=\"#EE92D4\"\/>\n<stop offset=\"1\" stop-color=\"#887AED\"\/>\n<\/linearGradient>\n<linearGradient id=\"paint1_linear_2637_2275\" x1=\"56.0017\" y1=\"35.6437\" x2=\"-4.94638\" y2=\"13.8036\" gradientUnits=\"userSpaceOnUse\">\n<stop stop-color=\"#62B1E8\"\/>\n<stop offset=\"0.322917\" stop-color=\"#FBBCAC\"\/>\n<stop offset=\"0.692708\" stop-color=\"#EE92D4\"\/>\n<stop offset=\"1\" stop-color=\"#887AED\"\/>\n<\/linearGradient>\n<linearGradient id=\"paint2_linear_2637_2275\" x1=\"56.0017\" y1=\"35.6437\" x2=\"-4.94638\" y2=\"13.8036\" gradientUnits=\"userSpaceOnUse\">\n<stop stop-color=\"#62B1E8\"\/>\n<stop offset=\"0.322917\" stop-color=\"#FBBCAC\"\/>\n<stop offset=\"0.692708\" stop-color=\"#EE92D4\"\/>\n<stop offset=\"1\" stop-color=\"#887AED\"\/>\n<\/linearGradient>\n<\/defs>\n<\/svg>\n","icon_position":"left","icon_vertical_position":"middle","icon_box_align":"left","title":"","info":"<p>Redeem your rewards as a credit to a qualifying Wells Fargo credit card, checking account, or mortgage.<\/p>","icon_container_size":{"unit":"px","size":56,"sizes":[]},"icon_svg_size":{"unit":"px","size":56,"sizes":[]},"icon_margin":{"unit":"px","top":"0","right":"60","bottom":"0","left":"0","isLinked":false},"info_typography_typography":"custom","info_typography_font_weight":"500","_margin":{"unit":"px","top":"30","right":"0","bottom":"0","left":"0","isLinked":false},"_padding":{"unit":"%","top":"0","right":"10","bottom":"0","left":"0","isLinked":false},"_padding_widescreen":{"unit":"%","top":"","right":"","bottom":"","left":"","isLinked":true},"_padding_laptop":{"unit":"%","top":"","right":"","bottom":"","left":"","isLinked":true},"_padding_tablet_extra":{"unit":"%","top":"","right":"","bottom":"","left":"","isLinked":true},"_padding_tablet":{"unit":"%","top":"","right":"","bottom":"","left":"","isLinked":true},"_padding_mobile_extra":{"unit":"%","top":"","right":"","bottom":"","left":"","isLinked":true},"_padding_mobile":{"unit":"%","top":"","right":"","bottom":"","left":"","isLinked":true}},"elements":[],"isInner":false,"widgetType":"etherium_icon_box","elType":"widget"},{"id":"60cc53a9","settings":{"icon_type":"svg","svg_icon":"<svg viewBox=\"0 0 56 57\" fill=\"none\" xmlns=\"http:\/\/www.w3.org\/2000\/svg\">\n<path d=\"M53.0373 0C54.1351 0.288151 55.0957 0.797217 55.5719 1.88121C55.8143 2.40784 55.95 2.97725 55.9712 3.5566C56.0055 7.27374 56 10.9923 55.9849 14.7094C55.9767 16.806 54.5495 18.2509 52.4569 18.277C50.6537 18.3058 48.8492 18.277 47.0447 18.277C46.8457 18.277 46.6481 18.277 46.3586 18.277V18.9891C46.3586 29.7596 46.3586 40.5291 46.3586 51.2977C46.3586 53.1857 45.645 54.6923 43.8886 55.5115C43.2105 55.8197 42.4748 55.9806 41.73 55.9835C32.5652 56.0137 23.4 56.0197 14.2343 56.0014C11.4898 56.0014 9.6414 54.1545 9.63591 51.4033C9.62631 46.9027 9.63591 42.4007 9.63591 37.9V18.2893H9.03213C7.31956 18.2893 5.60654 18.2893 3.89306 18.2893C1.77157 18.2893 0.736896 17.5305 0.0658678 15.5052C0.0484416 15.4741 0.0262135 15.4458 0 15.4215V2.95286C0.104396 2.61023 0.226227 2.27316 0.365018 1.94296C0.885099 0.85073 1.81685 0.288151 2.95033 0H53.0373ZM11.2744 7.80065V8.30285C11.2744 22.6646 11.2744 37.0264 11.2744 51.3882C11.2744 53.264 12.39 54.3534 14.2933 54.3534H41.6834C43.6114 54.3534 44.7119 53.2626 44.7119 51.3443C44.7119 37.0182 44.7119 22.6921 44.7119 8.36597C44.7119 8.17524 44.6954 7.98452 44.6872 7.79928C35.7564 7.79928 41.0423 7.80065 36.1793 7.80065C34.7831 7.80065 33.4971 7.80065 32.0804 7.80065C28.8417 7.80065 28.2502 7.80065 17.4111 7.80065C16.4971 7.80065 16.67 7.80065 16.67 7.80065C16.67 7.80065 17.4111 7.80065 15.7699 7.80065H11.2744ZM46.3792 16.6235C46.5603 16.6331 46.703 16.6482 46.8444 16.6482C48.6667 16.6482 50.4904 16.6482 52.3128 16.6482C53.6342 16.6482 54.3423 15.9375 54.3437 14.623C54.3437 10.9785 54.3437 7.3332 54.3437 3.68696C54.3437 2.37244 53.6246 1.6452 52.321 1.6452C36.1011 1.64612 19.8811 1.64657 3.66115 1.64657C2.36026 1.64657 1.64395 2.37244 1.64395 3.68696C1.64395 7.33229 1.64395 10.9776 1.64395 14.623C1.64395 15.9375 2.3534 16.6414 3.67625 16.6469C5.49859 16.6537 7.32094 16.6469 9.14328 16.6469C9.29834 16.6469 9.45478 16.6235 9.6071 16.6112V7.79928C9.46987 7.78967 9.37107 7.77458 9.26678 7.77458C8.50107 7.77458 7.73535 7.78555 6.97101 7.7636C6.75855 7.76914 6.55256 7.6902 6.39822 7.5441C6.24387 7.39799 6.15377 7.19665 6.14766 6.98422C6.13257 6.55611 6.44681 6.20621 6.92435 6.14584C7.12377 6.1289 7.32404 6.12431 7.52403 6.13212H48.7436C49.464 6.13212 49.8661 6.45183 49.8414 6.98422C49.8167 7.51661 49.4448 7.76772 48.7436 7.77046C47.9655 7.77046 47.1861 7.77046 46.3806 7.77046L46.3792 16.6235Z\" fill=\"url(#paint0_linear_2637_2273)\"\/>\n<defs>\n<linearGradient id=\"paint0_linear_2637_2273\" x1=\"55.9967\" y1=\"45.6506\" x2=\"-7.77975\" y2=\"27.8081\" gradientUnits=\"userSpaceOnUse\">\n<stop stop-color=\"#62B1E8\"\/>\n<stop offset=\"0.322917\" stop-color=\"#FBBCAC\"\/>\n<stop offset=\"0.692708\" stop-color=\"#EE92D4\"\/>\n<stop offset=\"1\" stop-color=\"#887AED\"\/>\n<\/linearGradient>\n<\/defs>\n<\/svg>\n","icon_position":"left","icon_vertical_position":"middle","icon_box_align":"left","title":"","info":"<p>Cash redemption available in $20 increments when you use your Wells Fargo ATM or Debit Card.<\/p>","icon_container_size":{"unit":"px","size":56,"sizes":[]},"icon_svg_size":{"unit":"px","size":56,"sizes":[]},"icon_margin":{"unit":"px","top":"0","right":"60","bottom":"0","left":"0","isLinked":false},"info_typography_typography":"custom","info_typography_font_weight":"500","_margin":{"unit":"px","top":"30","right":"0","bottom":"0","left":"0","isLinked":false},"_padding":{"unit":"%","top":"0","right":"10","bottom":"0","left":"0","isLinked":false},"_padding_widescreen":{"unit":"%","top":"","right":"","bottom":"","left":"","isLinked":true},"_padding_laptop":{"unit":"%","top":"","right":"","bottom":"","left":"","isLinked":true},"_padding_tablet_extra":{"unit":"%","top":"","right":"","bottom":"","left":"","isLinked":true},"_padding_tablet":{"unit":"%","top":"","right":"","bottom":"","left":"","isLinked":true},"_padding_mobile_extra":{"unit":"%","top":"","right":"","bottom":"","left":"","isLinked":true},"_padding_mobile":{"unit":"%","top":"","right":"","bottom":"","left":"","isLinked":true}},"elements":[],"isInner":false,"widgetType":"etherium_icon_box","elType":"widget"},{"id":"790125f0","settings":{"button_text":"Explore more","button_link":{"url":"#","is_external":"true","nofollow":"","custom_attributes":""},"button_align":"left","button_typography_typography":"custom","_margin":{"unit":"px","top":"50","right":"0","bottom":"0","left":"0","isLinked":false},"button_width":{"unit":"px","size":187,"sizes":[]}},"elements":[],"isInner":false,"widgetType":"etherium_button","elType":"widget"}],"isInner":true,"elType":"column"},{"id":"6d6730c8","settings":{"_column_size":50,"_inline_size":null,"_inline_size_mobile_extra":100},"elements":[{"id":"1ebf76bb","settings":{"image":{"url":"https:\/\/demo.artureanec.com\/themes\/etherium-dark\/wp-content\/uploads\/2023\/10\/103-1.jpg","id":10053,"size":"","alt":"","source":"library"},"image_size":"full","align":"right","width":{"unit":"px","size":535,"sizes":[]},"width_tablet":{"unit":"px","size":"","sizes":[]},"width_mobile":{"unit":"px","size":"","sizes":[]},"space":{"unit":"%","size":100,"sizes":[]},"image_style":"clip","_margin":{"unit":"px","top":"20","right":"0","bottom":"0","left":"0","isLinked":false}},"elements":[],"isInner":false,"widgetType":"image","elType":"widget"}],"isInner":true,"elType":"column"}],"isInner":true,"elType":"section"}],"isInner":false,"elType":"column"}],"isInner":false,"elType":"section"},{"id":"d1ee47f","settings":{"margin":{"unit":"px","top":"0","right":0,"bottom":"0","left":0,"isLinked":true},"margin_mobile_extra":{"unit":"px","top":"","right":0,"bottom":"","left":0,"isLinked":true},"stretch_section":"section-stretched","background_background":"classic","background_image":{"url":"https:\/\/demo.artureanec.com\/themes\/etherium-dark\/wp-content\/uploads\/2023\/06\/vawe_back_2-2.png","id":4499,"size":"","alt":"","source":"library"},"background_position":"bottom center","background_repeat":"no-repeat","background_overlay_background":"classic","background_overlay_image":{"url":"https:\/\/demo.artureanec.com\/themes\/etherium-dark\/wp-content\/uploads\/2023\/06\/Ellipse-19.png","id":4459,"size":"","alt":"","source":"library"},"background_overlay_position":"initial","background_overlay_xpos_widescreen":{"unit":"%","size":"","sizes":[]},"background_overlay_xpos_laptop":{"unit":"%","size":"","sizes":[]},"background_overlay_xpos_tablet_extra":{"unit":"%","size":"","sizes":[]},"background_overlay_xpos_tablet":{"unit":"%","size":0,"sizes":[]},"background_overlay_xpos_mobile_extra":{"unit":"%","size":"","sizes":[]},"background_overlay_xpos_mobile":{"unit":"%","size":0,"sizes":[]},"background_overlay_ypos":{"unit":"%","size":30,"sizes":[]},"background_overlay_ypos_widescreen":{"unit":"%","size":"","sizes":[]},"background_overlay_ypos_laptop":{"unit":"%","size":"","sizes":[]},"background_overlay_ypos_tablet_extra":{"unit":"%","size":"","sizes":[]},"background_overlay_ypos_tablet":{"unit":"%","size":0,"sizes":[]},"background_overlay_ypos_mobile_extra":{"unit":"%","size":"","sizes":[]},"background_overlay_ypos_mobile":{"unit":"%","size":0,"sizes":[]},"background_overlay_repeat":"no-repeat","background_overlay_opacity":{"unit":"px","size":1,"sizes":[]},"css_filters_brightness":{"unit":"px","size":162,"sizes":[]},"css_filters_contrast":{"unit":"px","size":30,"sizes":[]},"padding":{"unit":"px","top":"125","right":"0","bottom":"150","left":"0","isLinked":false},"padding_tablet_extra":{"unit":"px","top":"120","right":"0","bottom":"120","left":"0","isLinked":false},"padding_mobile_extra":{"unit":"px","top":"80","right":"0","bottom":"80","left":"0","isLinked":false},"background_size":"cover"},"elements":[{"id":"5519cc79","settings":{"_column_size":100,"_inline_size":null},"elements":[{"id":"16d157e5","settings":{"structure":"30"},"elements":[{"id":"65e44234","settings":{"_column_size":33,"_inline_size":24,"_inline_size_tablet_extra":10},"elements":[],"isInner":true,"elType":"column"},{"id":"393e6fdb","settings":{"_column_size":33,"_inline_size":54,"_inline_size_tablet_extra":80},"elements":[{"id":"7c903c08","settings":{"heading":"<p>Meet our <span style=\"text-decoration: underline;\">creative<\/span> creators<\/p>","subtitle":"This is subheading element","title_align":"center","title_typography_typography":"custom","title_typography_font_family":"Michroma","title_typography_font_size":{"unit":"px","size":50,"sizes":[]},"title_typography_line_height":{"unit":"em","size":1.3999999999999999,"sizes":[]},"title_typography_line_height_widescreen":{"unit":"em","size":"","sizes":[]},"title_typography_line_height_laptop":{"unit":"em","size":"","sizes":[]},"title_typography_line_height_tablet_extra":{"unit":"em","size":"","sizes":[]},"title_typography_line_height_mobile_extra":{"unit":"em","size":"","sizes":[]},"title_typography_letter_spacing":{"unit":"px","size":0,"sizes":[]},"heading_underline_image":{"url":"https:\/\/demo.artureanec.com\/themes\/etherium-dark\/wp-content\/uploads\/2023\/04\/Group-18311.png","id":3214,"size":"","alt":"","source":"library"},"_background_image":{"url":"","id":"","size":"","alt":"","source":"library"},"heading_underline_image_background":"classic","heading_underline_image_image":{"url":"https:\/\/demo.artureanec.com\/themes\/etherium-dark\/wp-content\/uploads\/2023\/03\/brush-6.png","id":1736,"size":"","alt":"","source":"library"},"add_underline_bg_image":"show","heading_underline_image_bg_width":{"unit":"px","size":215,"sizes":[]},"underline_image_height":{"unit":"px","size":32,"sizes":[]},"title_typography_font_size_tablet":{"unit":"px","size":35,"sizes":[]},"title_typography_font_size_mobile_extra":{"unit":"px","size":28,"sizes":[]},"heading_underline_image_size":"initial","_padding":{"unit":"%","top":"","right":"","bottom":"","left":"","isLinked":true},"_padding_widescreen":{"unit":"%","top":"","right":"","bottom":"","left":"","isLinked":true},"_padding_laptop":{"unit":"%","top":"","right":"","bottom":"","left":"","isLinked":true},"_padding_tablet_extra":{"unit":"%","top":"","right":"","bottom":"","left":"","isLinked":true},"_padding_tablet":{"unit":"%","top":"","right":"","bottom":"","left":"","isLinked":true},"_padding_mobile_extra":{"unit":"%","top":"","right":"","bottom":"","left":"","isLinked":true},"_padding_mobile":{"unit":"%","top":"","right":"","bottom":"","left":"","isLinked":true}},"elements":[],"isInner":false,"widgetType":"etherium_heading","elType":"widget"}],"isInner":true,"elType":"column"},{"id":"fa2fce6","settings":{"_column_size":33,"_inline_size":21.332999999999998,"_inline_size_tablet_extra":10},"elements":[],"isInner":true,"elType":"column"}],"isInner":true,"elType":"section"},{"id":"062b824","elType":"widget","settings":{"stores":[],"_margin":{"unit":"px","top":"50","right":"0","bottom":"0","left":"0","isLinked":false},"show_sidebar":"yes","show_filter":"yes","show_orderby":"yes","show_map":"yes","item_box_shadow_box_shadow":{"horizontal":0,"vertical":0,"blur":9,"spread":8,"color":"rgba(153, 54.24639945652174, 54.24639945652174, 0.5)"},"item_box_shadow_hover_box_shadow":{"horizontal":9,"vertical":3,"blur":10,"spread":13,"color":""},"info_typography_typography":"custom","button_typography_font_size":{"unit":"px","size":34,"sizes":[]},"button_typography_line_height":{"unit":"px","size":50,"sizes":[]},"show_pagination":"","pagination_typography_font_size":{"unit":"px","size":26,"sizes":[]},"show_phone":"","show_email":"","item_border_color_normal":"#332B48","item_bg_color_hover":"#13123200","item_border_color_hover":"#332B48","socials_spacing":{"unit":"px","size":18,"sizes":[]},"button_spacing":{"unit":"px","size":40,"sizes":[]},"button_border_color_normal":"#332B48","button_border_color_hover":"#02010100","post_order":"asc","grid_columns_number":4,"grid_posts_per_page":4,"button_bg_color_hover":"#242848"},"elements":[],"widgetType":"etherium_store_listing"},{"id":"422037c5","settings":{"button_text":"Explore more","button_link":{"url":"https:\/\/demo.artureanec.com\/themes\/etherium-dark\/vendors\/","is_external":"true","nofollow":"","custom_attributes":""},"button_padding":{"unit":"px","top":"16","right":"49","bottom":"17","left":"49","isLinked":false},"_margin":{"unit":"px","top":"65","right":"0","bottom":"0","left":"0","isLinked":false}},"elements":[],"isInner":false,"widgetType":"etherium_button","elType":"widget"}],"isInner":false,"elType":"column"}],"isInner":false,"elType":"section"},{"id":"1b71957e","settings":{"content_position":"middle","stretch_section":"section-stretched","structure":"20","background_background":"classic","background_image":{"url":"https:\/\/demo.artureanec.com\/themes\/etherium-dark\/wp-content\/uploads\/2023\/04\/472-1.jpg","id":3927,"size":"","alt":"","source":"library"},"background_repeat":"no-repeat","background_size":"cover","height":"min-height","custom_height":{"unit":"px","size":739,"sizes":[]},"column_position":"stretch","margin":{"unit":"px","top":"0","right":0,"bottom":"0","left":0,"isLinked":true},"custom_height_tablet":{"unit":"px","size":550,"sizes":[]}},"elements":[{"id":"2c6b08e2","settings":{"_column_size":50,"_inline_size":56,"_inline_size_mobile_extra":100},"elements":[{"id":"4aba2592","settings":{"heading":"<p>Best sales NFT\u2019s in our marketplace<\/p>","subtitle":"This is subheading element","title_typography_typography":"custom","title_typography_font_size":{"unit":"px","size":80,"sizes":[]},"title_typography_line_height":{"unit":"em","size":1.1625000000000001,"sizes":[]},"title_typography_line_height_widescreen":{"unit":"em","size":"","sizes":[]},"title_typography_line_height_laptop":{"unit":"em","size":"","sizes":[]},"title_typography_line_height_tablet_extra":{"unit":"em","size":"","sizes":[]},"title_typography_line_height_mobile_extra":{"unit":"em","size":"","sizes":[]},"_margin":{"unit":"%","top":"","right":"","bottom":"","left":"","isLinked":true},"_margin_widescreen":{"unit":"%","top":"","right":"","bottom":"","left":"","isLinked":true},"_margin_laptop":{"unit":"%","top":"","right":"","bottom":"","left":"","isLinked":true},"_margin_tablet_extra":{"unit":"%","top":"","right":"","bottom":"","left":"","isLinked":true},"_margin_tablet":{"unit":"%","top":"","right":"","bottom":"","left":"","isLinked":true},"_margin_mobile_extra":{"unit":"%","top":"","right":"","bottom":"","left":"","isLinked":true},"_margin_mobile":{"unit":"%","top":"","right":"","bottom":"","left":"","isLinked":true},"title_typography_font_size_tablet_extra":{"unit":"px","size":60,"sizes":[]},"title_typography_font_size_tablet":{"unit":"px","size":40,"sizes":[]},"title_typography_font_family":"Michroma"},"elements":[],"isInner":false,"widgetType":"etherium_heading","elType":"widget"},{"id":"25d79012","settings":{"editor":"<p>Temperate ocean-bass sea chub unicorn fish treefish eulachon tidewater goby.<\/p>","text_color":"#FFFFFF","_margin":{"unit":"px","top":"33","right":"0","bottom":"25","left":"0","isLinked":false}},"elements":[],"isInner":false,"widgetType":"text-editor","elType":"widget"},{"id":"57089f44","settings":{"button_text":"Explore more","button_link":{"url":"https:\/\/demo.artureanec.com\/themes\/etherium-dark\/shop\/","is_external":"true","nofollow":"","custom_attributes":""},"button_typography_typography":"custom","button_typography_font_size":{"unit":"px","size":16,"sizes":[]},"button_typography_line_height":{"unit":"px","size":27,"sizes":[]},"button_box_shadow_box_shadow_type":"yes","button_box_shadow_box_shadow":{"horizontal":0,"vertical":0,"blur":10,"spread":0,"color":"rgba(0, 0, 0, 0.18)"},"button_radius":{"unit":"%","top":"50","right":"50","bottom":"50","left":"50","isLinked":true},"button_padding":{"unit":"px","top":"85","right":"48","bottom":"85","left":"48","isLinked":false},"button_align":"left","_position":"absolute","_offset_orientation_v":"end","_offset_y_end":{"unit":"px","size":-56,"sizes":[]},"_transform_translateY_effect":{"unit":"%","size":47,"sizes":[]},"_transform_translateY_effect_laptop":{"unit":"%","size":"","sizes":[]},"_transform_translateY_effect_tablet_extra":{"unit":"%","size":"","sizes":[]},"_transform_translateY_effect_tablet":{"unit":"%","size":"","sizes":[]},"_transform_translateY_effect_mobile_extra":{"unit":"%","size":47,"sizes":[]},"_transform_translateY_effect_mobile":{"unit":"%","size":47,"sizes":[]},"button_box_shadow_hover_box_shadow_type":"yes","button_box_shadow_hover_box_shadow":{"horizontal":0,"vertical":6,"blur":30,"spread":0,"color":"#FF2763"},"button_padding_mobile_extra":{"unit":"px","top":"60","right":"23","bottom":"60","left":"23","isLinked":false}},"elements":[],"isInner":false,"widgetType":"etherium_button","elType":"widget"}],"isInner":false,"elType":"column"},{"id":"4ce2cfd5","settings":{"_column_size":50,"_inline_size":44,"hide_mobile_extra":"hidden-mobile_extra","hide_mobile":"hidden-mobile"},"elements":[],"isInner":false,"elType":"column"}],"isInner":false,"elType":"section"},{"id":"70dde95b","settings":{"structure":"20","padding":{"unit":"px","top":"0","right":"0","bottom":"60","left":"0","isLinked":false}},"elements":[{"id":"24798cf2","settings":{"_column_size":50,"_inline_size":82},"elements":[{"id":"16d43f93","settings":{"heading":"<p>A new place to collect NFT assets<\/p>","subtitle":"This is subheading element","title_typography_typography":"custom","title_typography_font_family":"Michroma","title_typography_font_size":{"unit":"px","size":80,"sizes":[]},"title_typography_font_size_tablet":{"unit":"px","size":50,"sizes":[]},"title_typography_font_size_mobile_extra":{"unit":"px","size":35,"sizes":[]},"title_typography_line_height":{"unit":"em","size":1.1625000000000001,"sizes":[]},"title_typography_line_height_widescreen":{"unit":"em","size":"","sizes":[]},"title_typography_line_height_laptop":{"unit":"em","size":"","sizes":[]},"title_typography_line_height_tablet_extra":{"unit":"em","size":"","sizes":[]},"title_typography_line_height_mobile_extra":{"unit":"em","size":"","sizes":[]}},"elements":[],"isInner":false,"widgetType":"etherium_heading","elType":"widget"}],"isInner":false,"elType":"column"},{"id":"6fd03aa2","settings":{"_column_size":50,"_inline_size":18},"elements":[],"isInner":false,"elType":"column"}],"isInner":false,"elType":"section"}],"settings":{"template":"default"},"metadata":{"theme_color_mode":"default","top_bar_status":"default","top_bar_customize":"default","top_bar_socials_status":"default","top_bar_additional_text_status":"default","top_bar_contacts_email_status":"default","top_bar_contacts_phone_status":"default","top_bar_contacts_address_status":"default","header_status":"default","header_style":"default","header_position":"default","header_customize":"default","sticky_header_status":"default","header_logo_status":"default","header_logo_customize":"default","header_logo_retina":"1","header_logo_mobile_retina":"1","header_button_status":"default","header_menu_status":"default","header_menu_select":"default","side_panel_status":"default","header_search_status":"default","header_login_status":"default","header_login_text_status":"default","header_minicart_status":"default","header_wishlist_status":"default","page_title_status":"off","page_title_overlay_status":"default","page_title_customize":"default","page_title_height":"500","page_title_background_position":"default","page_title_background_repeat":"default","page_title_background_size":"default","hide_page_title_background_mobile":"0","hide_page_title_background_tablet":"0","page_title_breadcrumbs_status":"default","content_top_margin":"on","content_bottom_margin":"on","page_customize":"on","page_background_image_top_status":"off","page_background_image_top_repeat":"default","page_background_image_top_size":"default","page_background_image_top_blend_mode":"default","page_background_image_bottom_status":"default","page_background_image_bottom_repeat":"default","page_background_image_bottom_size":"default","page_background_image_bottom_blend_mode":"default","sidebar_position":"none","page_sidebar_select":"default","footer_status":"default","footer_style":"default","footer_customize":"default","footer_background_position":"default","footer_background_repeat":"default","footer_background_size":"default","footer_pre_footer_status":"off","footer_pre_footer_title":"A new place  to collect <br>NFT assets","footer_pre_footer_button_status":"default","footer_pre_footer_button_link":"#","footer_sidebar_status":"default","footer_sidebar_select":"default","footer_copyright_status":"default","footer_menu_status":"default","footer_menu_select":"default","footer_additional_menu_status":"default","footer_additional_menu_select":"default","footer_scrolltop_status":"default"}}