{"content":[],"settings":{"template":"default","woocommerce_cart_page_id":9,"woocommerce_checkout_page_id":10,"woocommerce_myaccount_page_id":11,"container_width":{"unit":"px","size":1340,"sizes":[]},"space_between_widgets":{"unit":"px","size":30,"sizes":[]},"viewport_mobile":575,"viewport_mobile_extra":767,"viewport_md":576,"viewport_lg":992,"viewport_tablet":991,"viewport_tablet_extra":1279,"viewport_widescreen":1921,"viewport_laptop":1600,"active_breakpoints":["viewport_mobile","viewport_mobile_extra","viewport_tablet","viewport_tablet_extra","viewport_laptop","viewport_widescreen"],"system_colors":[{"_id":"primary","title":"Primary","color":"#ffffff"},{"_id":"secondary","title":"Secondary","color":"#09082a"},{"_id":"text","title":"Text","color":"#ffffff"},{"_id":"accent","title":"Accent","color":"#ff2763"}]},"metadata":[]}