[{"term_id":67,"name":"Cryptoart","slug":"cryptoart","taxonomy":"category","description":"","parent":0},{"term_id":16,"name":"Design Ideas","slug":"design-ideas","taxonomy":"category","description":"","parent":0},{"term_id":68,"name":"Digitalart","slug":"digitalart","taxonomy":"category","description":"","parent":0},{"term_id":17,"name":"Ideas by room","slug":"ideas-by-room","taxonomy":"category","description":"","parent":0},{"term_id":18,"name":"Inspiration","slug":"inspiration","taxonomy":"category","description":"","parent":0},{"term_id":19,"name":"News","slug":"news","taxonomy":"category","description":"","parent":0},{"term_id":69,"name":"Nftartist","slug":"nftartist","taxonomy":"category","description":"","parent":0},{"term_id":70,"name":"Nftcollectors","slug":"nftcollectors","taxonomy":"category","description":"","parent":0},{"term_id":71,"name":"Nftdrop","slug":"nftdrop","taxonomy":"category","description":"","parent":0},{"term_id":20,"name":"Style Guides","slug":"style-guides","taxonomy":"category","description":"","parent":0},{"term_id":1,"name":"Uncategorized","slug":"uncategorized","taxonomy":"category","description":"","parent":0}]