[{"term_id":86,"name":"Art &amp;Design","slug":"art-design","taxonomy":"etherium_portfolio_category","description":"","parent":0},{"term_id":97,"name":"Commercial","slug":"commercial","taxonomy":"etherium_portfolio_category","description":"","parent":0},{"term_id":100,"name":"Development","slug":"development","taxonomy":"etherium_portfolio_category","description":"","parent":0},{"term_id":101,"name":"Digital Arts","slug":"digital-arts","taxonomy":"etherium_portfolio_category","description":"","parent":0},{"term_id":103,"name":"Entertainment","slug":"entertainment","taxonomy":"etherium_portfolio_category","description":"","parent":0},{"term_id":107,"name":"Games","slug":"games","taxonomy":"etherium_portfolio_category","description":"","parent":0}]