[{"term_id":127,"name":"Footer Menu","slug":"footer-menu","taxonomy":"nav_menu","description":"","parent":0},{"term_id":59,"name":"Footer Menu 1","slug":"footer-menu-1","taxonomy":"nav_menu","description":"","parent":0},{"term_id":60,"name":"Footer Menu 2","slug":"footer-menu-2","taxonomy":"nav_menu","description":"","parent":0},{"term_id":61,"name":"Footer Menu 3","slug":"footer-menu-3","taxonomy":"nav_menu","description":"","parent":0},{"term_id":128,"name":"Intro Menu","slug":"intro-menu","taxonomy":"nav_menu","description":"","parent":0},{"term_id":62,"name":"Main Menu","slug":"main-menu","taxonomy":"nav_menu","description":"","parent":0},{"term_id":63,"name":"Mobile Menu","slug":"mobile-menu","taxonomy":"nav_menu","description":"","parent":0}]