[{"term_id":39,"name":"Black","slug":"black","taxonomy":"pa_color","description":"","parent":0},{"term_id":40,"name":"Blue","slug":"blue","taxonomy":"pa_color","description":"","parent":0},{"term_id":45,"name":"Gold","slug":"gold","taxonomy":"pa_color","description":"","parent":0},{"term_id":108,"name":"Gray","slug":"gray","taxonomy":"pa_color","description":"","parent":0},{"term_id":109,"name":"Green","slug":"green","taxonomy":"pa_color","description":"","parent":0},{"term_id":46,"name":"Grey","slug":"grey","taxonomy":"pa_color","description":"","parent":0},{"term_id":115,"name":"Red","slug":"red","taxonomy":"pa_color","description":"","parent":0},{"term_id":56,"name":"White","slug":"white","taxonomy":"pa_color","description":"","parent":0},{"term_id":126,"name":"Yellow","slug":"yellow","taxonomy":"pa_color","description":"","parent":0}]