[{"term_id":72,"name":"art","slug":"art","taxonomy":"post_tag","description":"","parent":0},{"term_id":21,"name":"Ashley","slug":"ashley","taxonomy":"post_tag","description":"","parent":0},{"term_id":22,"name":"Award","slug":"award","taxonomy":"post_tag","description":"","parent":0},{"term_id":23,"name":"Bedroom","slug":"bedroom","taxonomy":"post_tag","description":"","parent":0},{"term_id":73,"name":"bit","slug":"bit","taxonomy":"post_tag","description":"","parent":0},{"term_id":74,"name":"business","slug":"business","taxonomy":"post_tag","description":"","parent":0},{"term_id":24,"name":"Condo","slug":"condo","taxonomy":"post_tag","description":"","parent":0},{"term_id":75,"name":"currency","slug":"currency","taxonomy":"post_tag","description":"","parent":0},{"term_id":76,"name":"design","slug":"design","taxonomy":"post_tag","description":"","parent":0},{"term_id":77,"name":"digital","slug":"digital","taxonomy":"post_tag","description":"","parent":0},{"term_id":25,"name":"Expansion","slug":"expansion","taxonomy":"post_tag","description":"","parent":0},{"term_id":26,"name":"Furniture","slug":"furniture","taxonomy":"post_tag","description":"","parent":0},{"term_id":27,"name":"Hamptons","slug":"hamptons","taxonomy":"post_tag","description":"","parent":0},{"term_id":28,"name":"Helen Oltran","slug":"helen-oltran","taxonomy":"post_tag","description":"","parent":0},{"term_id":29,"name":"HFA","slug":"hfa","taxonomy":"post_tag","description":"","parent":0},{"term_id":30,"name":"IKEA","slug":"ikea","taxonomy":"post_tag","description":"","parent":0},{"term_id":31,"name":"Interview","slug":"interview","taxonomy":"post_tag","description":"","parent":0},{"term_id":32,"name":"JYSK","slug":"jysk","taxonomy":"post_tag","description":"","parent":0},{"term_id":33,"name":"Lighting","slug":"lighting","taxonomy":"post_tag","description":"","parent":0},{"term_id":34,"name":"Locations","slug":"locations","taxonomy":"post_tag","description":"","parent":0},{"term_id":35,"name":"Mexico","slug":"mexico","taxonomy":"post_tag","description":"","parent":0},{"term_id":78,"name":"nft","slug":"nft","taxonomy":"post_tag","description":"","parent":0},{"term_id":36,"name":"Perfect","slug":"perfect","taxonomy":"post_tag","description":"","parent":0},{"term_id":79,"name":"techno","slug":"techno","taxonomy":"post_tag","description":"","parent":0},{"term_id":37,"name":"Timeless","slug":"timeless","taxonomy":"post_tag","description":"","parent":0},{"term_id":38,"name":"Winner","slug":"winner","taxonomy":"post_tag","description":"","parent":0}]