[{"term_id":85,"name":"art","slug":"art","taxonomy":"product_tag","description":"","parent":0},{"term_id":87,"name":"artist","slug":"artist","taxonomy":"product_tag","description":"","parent":0},{"term_id":91,"name":"banana","slug":"banana","taxonomy":"product_tag","description":"","parent":0},{"term_id":92,"name":"batman","slug":"batman","taxonomy":"product_tag","description":"","parent":0},{"term_id":93,"name":"brain","slug":"brain","taxonomy":"product_tag","description":"","parent":0},{"term_id":95,"name":"cat","slug":"cat","taxonomy":"product_tag","description":"","parent":0},{"term_id":96,"name":"collectibles","slug":"collectibles","taxonomy":"product_tag","description":"","parent":0},{"term_id":106,"name":"games","slug":"games","taxonomy":"product_tag","description":"","parent":0},{"term_id":111,"name":"music","slug":"music","taxonomy":"product_tag","description":"","parent":0},{"term_id":114,"name":"photography","slug":"photography","taxonomy":"product_tag","description":"","parent":0},{"term_id":116,"name":"scull","slug":"scull","taxonomy":"product_tag","description":"","parent":0},{"term_id":118,"name":"smile","slug":"smile","taxonomy":"product_tag","description":"","parent":0},{"term_id":119,"name":"sports","slug":"sports","taxonomy":"product_tag","description":"","parent":0},{"term_id":121,"name":"techno","slug":"techno","taxonomy":"product_tag","description":"","parent":0},{"term_id":122,"name":"trading cards","slug":"trading-cards","taxonomy":"product_tag","description":"","parent":0},{"term_id":124,"name":"video","slug":"video","taxonomy":"product_tag","description":"","parent":0},{"term_id":125,"name":"white","slug":"white","taxonomy":"product_tag","description":"","parent":0}]