[{"term_id":15,"name":"Uncategorized","slug":"uncategorized","taxonomy":"product_cat","description":"","parent":0},{"term_id":80,"name":"3D APE","slug":"3d-ape","taxonomy":"product_cat","description":"","parent":0},{"term_id":81,"name":"3D images","slug":"3d-images","taxonomy":"product_cat","description":"","parent":0},{"term_id":82,"name":"3D Punks","slug":"3d-punks","taxonomy":"product_cat","description":"","parent":0},{"term_id":83,"name":"Abstract","slug":"abstract","taxonomy":"product_cat","description":"","parent":0},{"term_id":84,"name":"Archetype","slug":"archetype","taxonomy":"product_cat","description":"","parent":0},{"term_id":89,"name":"Avid Lines","slug":"avid-lines","taxonomy":"product_cat","description":"","parent":0},{"term_id":90,"name":"Azuki","slug":"azuki","taxonomy":"product_cat","description":"","parent":0},{"term_id":94,"name":"Cartoons","slug":"cartoons","taxonomy":"product_cat","description":"","parent":0},{"term_id":41,"name":"Chairs","slug":"chairs","taxonomy":"product_cat","description":"","parent":0},{"term_id":98,"name":"Cool Cats 3D","slug":"cool-cats-3d","taxonomy":"product_cat","description":"","parent":0},{"term_id":99,"name":"Coolman\u2019s","slug":"coolmans","taxonomy":"product_cat","description":"","parent":0},{"term_id":42,"name":"Decoration","slug":"decoration","taxonomy":"product_cat","description":"","parent":0},{"term_id":102,"name":"Doodles","slug":"doodles","taxonomy":"product_cat","description":"","parent":0},{"term_id":43,"name":"Electronics","slug":"electronics","taxonomy":"product_cat","description":"","parent":0},{"term_id":104,"name":"Fluorescent","slug":"fluorescent","taxonomy":"product_cat","description":"","parent":0},{"term_id":105,"name":"FoxFam","slug":"foxfam","taxonomy":"product_cat","description":"","parent":0},{"term_id":49,"name":"Lighting","slug":"lighting","taxonomy":"product_cat","description":"","parent":0},{"term_id":110,"name":"Lucky Zeros","slug":"lucky-zeros","taxonomy":"product_cat","description":"","parent":0},{"term_id":112,"name":"NFT collections","slug":"nft-collections","taxonomy":"product_cat","description":"","parent":0},{"term_id":113,"name":"NFT items","slug":"nft-items","taxonomy":"product_cat","description":"","parent":0},{"term_id":52,"name":"Plants","slug":"plants","taxonomy":"product_cat","description":"","parent":0},{"term_id":54,"name":"Storage","slug":"storage","taxonomy":"product_cat","description":"","parent":0},{"term_id":55,"name":"Tables","slug":"tables","taxonomy":"product_cat","description":"","parent":0},{"term_id":58,"name":"Workspace","slug":"workspace","taxonomy":"product_cat","description":"","parent":0}]