[{"term_id":88,"name":"auction","slug":"auction","taxonomy":"product_type","description":"","parent":0},{"term_id":5,"name":"external","slug":"external","taxonomy":"product_type","description":"","parent":0},{"term_id":3,"name":"grouped","slug":"grouped","taxonomy":"product_type","description":"","parent":0},{"term_id":2,"name":"simple","slug":"simple","taxonomy":"product_type","description":"","parent":0},{"term_id":120,"name":"subscription","slug":"subscription","taxonomy":"product_type","description":"","parent":0},{"term_id":4,"name":"variable","slug":"variable","taxonomy":"product_type","description":"","parent":0},{"term_id":123,"name":"Variable Subscription","slug":"variable-subscription","taxonomy":"product_type","description":"","parent":0}]